g Body_01
v 0.015 1.16341e-18 0.141 0.627451 0.627451 0.643137
v 0.0149635 0.00104635 0.141 0.627451 0.627451 0.643137
v 0.014854 0.0020876 0.141 0.627451 0.627451 0.643137
v 0.0146722 0.00311868 0.141 0.627451 0.627451 0.643137
v 0.0144189 0.00413456 0.141 0.627451 0.627451 0.643137
v 0.0140954 0.0051303 0.141 0.627451 0.627451 0.643137
v 0.0137032 0.00610105 0.141 0.627451 0.627451 0.643137
v 0.0132442 0.00704207 0.141 0.627451 0.627451 0.643137
v 0.0127207 0.00794879 0.141 0.627451 0.627451 0.643137
v 0.0121353 0.00881678 0.141 0.627451 0.627451 0.643137
v 0.0114907 0.00964181 0.141 0.627451 0.627451 0.643137
v 0.0107901 0.0104199 0.141 0.627451 0.627451 0.643137
v 0.010037 0.0111472 0.141 0.627451 0.627451 0.643137
v 0.00923492 0.0118202 0.141 0.627451 0.627451 0.643137
v 0.00838789 0.0124356 0.141 0.627451 0.627451 0.643137
v 0.0075 0.0129904 0.141 0.627451 0.627451 0.643137
v 0.00657557 0.0134819 0.141 0.627451 0.627451 0.643137
v 0.0056191 0.0139078 0.141 0.627451 0.627451 0.643137
v 0.00463525 0.0142658 0.141 0.627451 0.627451 0.643137
v 0.00362883 0.0145544 0.141 0.627451 0.627451 0.643137
v 0.00260472 0.0147721 0.141 0.627451 0.627451 0.643137
v 0.00156793 0.0149178 0.141 0.627451 0.627451 0.643137
v 0.000523492 0.0149909 0.141 0.627451 0.627451 0.643137
v -0.000523492 0.0149909 0.141 0.627451 0.627451 0.643137
v -0.00156793 0.0149178 0.141 0.627451 0.627451 0.643137
v -0.00260472 0.0147721 0.141 0.627451 0.627451 0.643137
v -0.00362883 0.0145544 0.141 0.627451 0.627451 0.643137
v -0.00463525 0.0142658 0.141 0.627451 0.627451 0.643137
v -0.0056191 0.0139078 0.141 0.627451 0.627451 0.643137
v -0.00657557 0.0134819 0.141 0.627451 0.627451 0.643137
v -0.0075 0.0129904 0.141 0.627451 0.627451 0.643137
v -0.00838789 0.0124356 0.141 0.627451 0.627451 0.643137
v -0.00923492 0.0118202 0.141 0.627451 0.627451 0.643137
v -0.010037 0.0111472 0.141 0.627451 0.627451 0.643137
v -0.0107901 0.0104199 0.141 0.627451 0.627451 0.643137
v -0.0114907 0.00964181 0.141 0.627451 0.627451 0.643137
v -0.0121353 0.00881678 0.141 0.627451 0.627451 0.643137
v -0.0127207 0.00794879 0.141 0.627451 0.627451 0.643137
v -0.0132442 0.00704207 0.141 0.627451 0.627451 0.643137
v -0.0137032 0.00610105 0.141 0.627451 0.627451 0.643137
v -0.0140954 0.0051303 0.141 0.627451 0.627451 0.643137
v -0.0144189 0.00413456 0.141 0.627451 0.627451 0.643137
v -0.0146722 0.00311868 0.141 0.627451 0.627451 0.643137
v -0.014854 0.0020876 0.141 0.627451 0.627451 0.643137
v -0.0149635 0.00104635 0.141 0.627451 0.627451 0.643137
v -0.015 6.67433e-18 0.141 0.627451 0.627451 0.643137
v -0.0149635 -0.00104635 0.141 0.627451 0.627451 0.643137
v -0.014854 -0.0020876 0.141 0.627451 0.627451 0.643137
v -0.0146722 -0.00311868 0.141 0.627451 0.627451 0.643137
v -0.0144189 -0.00413456 0.141 0.627451 0.627451 0.643137
v -0.0140954 -0.0051303 0.141 0.627451 0.627451 0.643137
v -0.0137032 -0.00610105 0.141 0.627451 0.627451 0.643137
v -0.0132442 -0.00704207 0.141 0.627451 0.627451 0.643137
v -0.0127207 -0.00794879 0.141 0.627451 0.627451 0.643137
v -0.0121353 -0.00881678 0.141 0.627451 0.627451 0.643137
v -0.0114907 -0.00964181 0.141 0.627451 0.627451 0.643137
v -0.0107901 -0.0104199 0.141 0.627451 0.627451 0.643137
v -0.010037 -0.0111472 0.141 0.627451 0.627451 0.643137
v -0.00923492 -0.0118202 0.141 0.627451 0.627451 0.643137
v -0.00838789 -0.0124356 0.141 0.627451 0.627451 0.643137
v -0.0075 -0.0129904 0.141 0.627451 0.627451 0.643137
v -0.00657557 -0.0134819 0.141 0.627451 0.627451 0.643137
v -0.0056191 -0.0139078 0.141 0.627451 0.627451 0.643137
v -0.00463525 -0.0142658 0.141 0.627451 0.627451 0.643137
v -0.00362883 -0.0145544 0.141 0.627451 0.627451 0.643137
v -0.00260472 -0.0147721 0.141 0.627451 0.627451 0.643137
v -0.00156793 -0.0149178 0.141 0.627451 0.627451 0.643137
v -0.000523492 -0.0149909 0.141 0.627451 0.627451 0.643137
v 0.000523492 -0.0149909 0.141 0.627451 0.627451 0.643137
v 0.00156793 -0.0149178 0.141 0.627451 0.627451 0.643137
v 0.00260472 -0.0147721 0.141 0.627451 0.627451 0.643137
v 0.00362883 -0.0145544 0.141 0.627451 0.627451 0.643137
v 0.00463525 -0.0142658 0.141 0.627451 0.627451 0.643137
v 0.0056191 -0.0139078 0.141 0.627451 0.627451 0.643137
v 0.00657557 -0.0134819 0.141 0.627451 0.627451 0.643137
v 0.0075 -0.0129904 0.141 0.627451 0.627451 0.643137
v 0.00838789 -0.0124356 0.141 0.627451 0.627451 0.643137
v 0.00923492 -0.0118202 0.141 0.627451 0.627451 0.643137
v 0.010037 -0.0111472 0.141 0.627451 0.627451 0.643137
v 0.0107901 -0.0104199 0.141 0.627451 0.627451 0.643137
v 0.0114907 -0.00964181 0.141 0.627451 0.627451 0.643137
v 0.0121353 -0.00881678 0.141 0.627451 0.627451 0.643137
v 0.0127207 -0.00794879 0.141 0.627451 0.627451 0.643137
v 0.0132442 -0.00704207 0.141 0.627451 0.627451 0.643137
v 0.0137032 -0.00610105 0.141 0.627451 0.627451 0.643137
v 0.0140954 -0.0051303 0.141 0.627451 0.627451 0.643137
v 0.0144189 -0.00413456 0.141 0.627451 0.627451 0.643137
v 0.0146722 -0.00311868 0.141 0.627451 0.627451 0.643137
v 0.014854 -0.0020876 0.141 0.627451 0.627451 0.643137
v 0.0149635 -0.00104635 0.141 0.627451 0.627451 0.643137
v 0.014965 1.16341e-18 0.142024 0.627451 0.627451 0.643137
v 0.0149286 0.00104391 0.142024 0.627451 0.627451 0.643137
v 0.0148194 0.00208273 0.142024 0.627451 0.627451 0.643137
v 0.014638 0.00311141 0.142024 0.627451 0.627451 0.643137
v 0.0143853 0.00412492 0.142024 0.627451 0.627451 0.643137
v 0.0140625 0.00511834 0.142024 0.627451 0.627451 0.643137
v 0.0136712 0.00608683 0.142024 0.627451 0.627451 0.643137
v 0.0132133 0.00702566 0.142024 0.627451 0.627451 0.643137
v 0.0126911 0.00793026 0.142024 0.627451 0.627451 0.643137
v 0.012107 0.00879622 0.142024 0.627451 0.627451 0.643137
v 0.0114639 0.00961934 0.142024 0.627451 0.627451 0.643137
v 0.0107649 0.0103956 0.142024 0.627451 0.627451 0.643137
v 0.0100136 0.0111212 0.142024 0.627451 0.627451 0.643137
v 0.00921339 0.0117926 0.142024 0.627451 0.627451 0.643137
v 0.00836834 0.0124066 0.142024 0.627451 0.627451 0.643137
v 0.00748252 0.0129601 0.142024 0.627451 0.627451 0.643137
v 0.00656024 0.0134505 0.142024 0.627451 0.627451 0.643137
v 0.005606 0.0138753 0.142024 0.627451 0.627451 0.643137
v 0.00462445 0.0142326 0.142024 0.627451 0.627451 0.643137
v 0.00362037 0.0145205 0.142024 0.627451 0.627451 0.643137
v 0.00259865 0.0147377 0.142024 0.627451 0.627451 0.643137
v 0.00156427 0.0148831 0.142024 0.627451 0.627451 0.643137
v 0.000522272 0.0149559 0.142024 0.627451 0.627451 0.643137
v -0.000522272 0.0149559 0.142024 0.627451 0.627451 0.643137
v -0.00156427 0.0148831 0.142024 0.627451 0.627451 0.643137
v -0.00259865 0.0147377 0.142024 0.627451 0.627451 0.643137
v -0.00362037 0.0145205 0.142024 0.627451 0.627451 0.643137
v -0.00462445 0.0142326 0.142024 0.627451 0.627451 0.643137
v -0.005606 0.0138753 0.142024 0.627451 0.627451 0.643137
v -0.00656024 0.0134505 0.142024 0.627451 0.627451 0.643137
v -0.00748252 0.0129601 0.142024 0.627451 0.627451 0.643137
v -0.00836834 0.0124066 0.142024 0.627451 0.627451 0.643137
v -0.00921339 0.0117926 0.142024 0.627451 0.627451 0.643137
v -0.0100136 0.0111212 0.142024 0.627451 0.627451 0.643137
v -0.0107649 0.0103956 0.142024 0.627451 0.627451 0.643137
v -0.0114639 0.00961934 0.142024 0.627451 0.627451 0.643137
v -0.012107 0.00879622 0.142024 0.627451 0.627451 0.643137
v -0.0126911 0.00793026 0.142024 0.627451 0.627451 0.643137
v -0.0132133 0.00702566 0.142024 0.627451 0.627451 0.643137
v -0.0136712 0.00608683 0.142024 0.627451 0.627451 0.643137
v -0.0140625 0.00511834 0.142024 0.627451 0.627451 0.643137
v -0.0143853 0.00412492 0.142024 0.627451 0.627451 0.643137
v -0.014638 0.00311141 0.142024 0.627451 0.627451 0.643137
v -0.0148194 0.00208273 0.142024 0.627451 0.627451 0.643137
v -0.0149286 0.00104391 0.142024 0.627451 0.627451 0.643137
v -0.014965 -2.15949e-18 0.142024 0.627451 0.627451 0.643137
v -0.0149286 -0.00104391 0.142024 0.627451 0.627451 0.643137
v -0.0148194 -0.00208273 0.142024 0.627451 0.627451 0.643137
v -0.014638 -0.00311141 0.142024 0.627451 0.627451 0.643137
v -0.0143853 -0.00412492 0.142024 0.627451 0.627451 0.643137
v -0.0140625 -0.00511834 0.142024 0.627451 0.627451 0.643137
v -0.0136712 -0.00608683 0.142024 0.627451 0.627451 0.643137
v -0.0132133 -0.00702566 0.142024 0.627451 0.627451 0.643137
v -0.0126911 -0.00793026 0.142024 0.627451 0.627451 0.643137
v -0.012107 -0.00879622 0.142024 0.627451 0.627451 0.643137
v -0.0114639 -0.00961934 0.142024 0.627451 0.627451 0.643137
v -0.0107649 -0.0103956 0.142024 0.627451 0.627451 0.643137
v -0.0100136 -0.0111212 0.142024 0.627451 0.627451 0.643137
v -0.00921339 -0.0117926 0.142024 0.627451 0.627451 0.643137
v -0.00836834 -0.0124066 0.142024 0.627451 0.627451 0.643137
v -0.00748252 -0.0129601 0.142024 0.627451 0.627451 0.643137
v -0.00656024 -0.0134505 0.142024 0.627451 0.627451 0.643137
v -0.005606 -0.0138753 0.142024 0.627451 0.627451 0.643137
v -0.00462445 -0.0142326 0.142024 0.627451 0.627451 0.643137
v -0.00362037 -0.0145205 0.142024 0.627451 0.627451 0.643137
v -0.00259865 -0.0147377 0.142024 0.627451 0.627451 0.643137
v -0.00156427 -0.0148831 0.142024 0.627451 0.627451 0.643137
v -0.000522272 -0.0149559 0.142024 0.627451 0.627451 0.643137
v 0.000522272 -0.0149559 0.142024 0.627451 0.627451 0.643137
v 0.00156427 -0.0148831 0.142024 0.627451 0.627451 0.643137
v 0.00259865 -0.0147377 0.142024 0.627451 0.627451 0.643137
v 0.00362037 -0.0145205 0.142024 0.627451 0.627451 0.643137
v 0.00462445 -0.0142326 0.142024 0.627451 0.627451 0.643137
v 0.005606 -0.0138753 0.142024 0.627451 0.627451 0.643137
v 0.00656024 -0.0134505 0.142024 0.627451 0.627451 0.643137
v 0.00748252 -0.0129601 0.142024 0.627451 0.627451 0.643137
v 0.00836834 -0.0124066 0.142024 0.627451 0.627451 0.643137
v 0.00921339 -0.0117926 0.142024 0.627451 0.627451 0.643137
v 0.0100136 -0.0111212 0.142024 0.627451 0.627451 0.643137
v 0.0107649 -0.0103956 0.142024 0.627451 0.627451 0.643137
v 0.0114639 -0.00961934 0.142024 0.627451 0.627451 0.643137
v 0.012107 -0.00879622 0.142024 0.627451 0.627451 0.643137
v 0.0126911 -0.00793026 0.142024 0.627451 0.627451 0.643137
v 0.0132133 -0.00702566 0.142024 0.627451 0.627451 0.643137
v 0.0136712 -0.00608683 0.142024 0.627451 0.627451 0.643137
v 0.0140625 -0.00511834 0.142024 0.627451 0.627451 0.643137
v 0.0143853 -0.00412492 0.142024 0.627451 0.627451 0.643137
v 0.014638 -0.00311141 0.142024 0.627451 0.627451 0.643137
v 0.0148194 -0.00208273 0.142024 0.627451 0.627451 0.643137
v 0.0149286 -0.00104391 0.142024 0.627451 0.627451 0.643137
v 0.0148603 1.16341e-18 0.143042 0.627451 0.627451 0.643137
v 0.0148241 0.0010366 0.143042 0.627451 0.627451 0.643137
v 0.0147157 0.00206815 0.143042 0.627451 0.627451 0.643137
v 0.0145356 0.00308963 0.143042 0.627451 0.627451 0.643137
v 0.0142846 0.00409605 0.143042 0.627451 0.627451 0.643137
v 0.0139641 0.00508252 0.143042 0.627451 0.627451 0.643137
v 0.0135755 0.00604422 0.143042 0.627451 0.627451 0.643137
v 0.0131209 0.00697648 0.143042 0.627451 0.627451 0.643137
v 0.0126022 0.00787475 0.143042 0.627451 0.627451 0.643137
v 0.0120222 0.00873466 0.143042 0.627451 0.627451 0.643137
v 0.0113836 0.00955201 0.143042 0.627451 0.627451 0.643137
v 0.0106896 0.0103228 0.143042 0.627451 0.627451 0.643137
v 0.00994347 0.0110433 0.143042 0.627451 0.627451 0.643137
v 0.00914891 0.0117101 0.143042 0.627451 0.627451 0.643137
v 0.00830977 0.0123197 0.143042 0.627451 0.627451 0.643137
v 0.00743014 0.0128694 0.143042 0.627451 0.627451 0.643137
v 0.00651432 0.0133563 0.143042 0.627451 0.627451 0.643137
v 0.00556676 0.0137782 0.143042 0.627451 0.627451 0.643137
v 0.00459208 0.014133 0.143042 0.627451 0.627451 0.643137
v 0.00359503 0.0144189 0.143042 0.627451 0.627451 0.643137
v 0.00258046 0.0146345 0.143042 0.627451 0.627451 0.643137
v 0.00155332 0.0147789 0.143042 0.627451 0.627451 0.643137
v 0.000518617 0.0148512 0.143042 0.627451 0.627451 0.643137
v -0.000518617 0.0148512 0.143042 0.627451 0.627451 0.643137
v -0.00155332 0.0147789 0.143042 0.627451 0.627451 0.643137
v -0.00258046 0.0146345 0.143042 0.627451 0.627451 0.643137
v -0.00359503 0.0144189 0.143042 0.627451 0.627451 0.643137
v -0.00459208 0.014133 0.143042 0.627451 0.627451 0.643137
v -0.00556676 0.0137782 0.143042 0.627451 0.627451 0.643137
v -0.00651432 0.0133563 0.143042 0.627451 0.627451 0.643137
v -0.00743014 0.0128694 0.143042 0.627451 0.627451 0.643137
v -0.00830977 0.0123197 0.143042 0.627451 0.627451 0.643137
v -0.00914891 0.0117101 0.143042 0.627451 0.627451 0.643137
v -0.00994347 0.0110433 0.143042 0.627451 0.627451 0.643137
v -0.0106896 0.0103228 0.143042 0.627451 0.627451 0.643137
v -0.0113836 0.00955201 0.143042 0.627451 0.627451 0.643137
v -0.0120222 0.00873466 0.143042 0.627451 0.627451 0.643137
v -0.0126022 0.00787475 0.143042 0.627451 0.627451 0.643137
v -0.0131209 0.00697648 0.143042 0.627451 0.627451 0.643137
v -0.0135755 0.00604422 0.143042 0.627451 0.627451 0.643137
v -0.0139641 0.00508252 0.143042 0.627451 0.627451 0.643137
v -0.0142846 0.00409605 0.143042 0.627451 0.627451 0.643137
v -0.0145356 0.00308963 0.143042 0.627451 0.627451 0.643137
v -0.0147157 0.00206815 0.143042 0.627451 0.627451 0.643137
v -0.0148241 0.0010366 0.143042 0.627451 0.627451 0.643137
v -0.0148603 -2.13623e-18 0.143042 0.627451 0.627451 0.643137
v -0.0148241 -0.0010366 0.143042 0.627451 0.627451 0.643137
v -0.0147157 -0.00206815 0.143042 0.627451 0.627451 0.643137
v -0.0145356 -0.00308963 0.143042 0.627451 0.627451 0.643137
v -0.0142846 -0.00409605 0.143042 0.627451 0.627451 0.643137
v -0.0139641 -0.00508252 0.143042 0.627451 0.627451 0.643137
v -0.0135755 -0.00604422 0.143042 0.627451 0.627451 0.643137
v -0.0131209 -0.00697648 0.143042 0.627451 0.627451 0.643137
v -0.0126022 -0.00787475 0.143042 0.627451 0.627451 0.643137
v -0.0120222 -0.00873466 0.143042 0.627451 0.627451 0.643137
v -0.0113836 -0.00955201 0.143042 0.627451 0.627451 0.643137
v -0.0106896 -0.0103228 0.143042 0.627451 0.627451 0.643137
v -0.00994347 -0.0110433 0.143042 0.627451 0.627451 0.643137
v -0.00914891 -0.0117101 0.143042 0.627451 0.627451 0.643137
v -0.00830977 -0.0123197 0.143042 0.627451 0.627451 0.643137
v -0.00743014 -0.0128694 0.143042 0.627451 0.627451 0.643137
v -0.00651432 -0.0133563 0.143042 0.627451 0.627451 0.643137
v -0.00556676 -0.0137782 0.143042 0.627451 0.627451 0.643137
v -0.00459208 -0.014133 0.143042 0.627451 0.627451 0.643137
v -0.00359503 -0.0144189 0.143042 0.627451 0.627451 0.643137
v -0.00258046 -0.0146345 0.143042 0.627451 0.627451 0.643137
v -0.00155332 -0.0147789 0.143042 0.627451 0.627451 0.643137
v -0.000518617 -0.0148512 0.143042 0.627451 0.627451 0.643137
v 0.000518617 -0.0148512 0.143042 0.627451 0.627451 0.643137
v 0.00155332 -0.0147789 0.143042 0.627451 0.627451 0.643137
v 0.00258046 -0.0146345 0.143042 0.627451 0.627451 0.643137
v 0.00359503 -0.0144189 0.143042 0.627451 0.627451 0.643137
v 0.00459208 -0.014133 0.143042 0.627451 0.627451 0.643137
v 0.00556676 -0.0137782 0.143042 0.627451 0.627451 0.643137
v 0.00651432 -0.0133563 0.143042 0.627451 0.627451 0.643137
v 0.00743014 -0.0128694 0.143042 0.627451 0.627451 0.643137
v 0.00830977 -0.0123197 0.143042 0.627451 0.627451 0.643137
v 0.00914891 -0.0117101 0.143042 0.627451 0.627451 0.643137
v 0.00994347 -0.0110433 0.143042 0.627451 0.627451 0.643137
v 0.0106896 -0.0103228 0.143042 0.627451 0.627451 0.643137
v 0.0113836 -0.00955201 0.143042 0.627451 0.627451 0.643137
v 0.0120222 -0.00873466 0.143042 0.627451 0.627451 0.643137
v 0.0126022 -0.00787475 0.143042 0.627451 0.627451 0.643137
v 0.0131209 -0.00697648 0.143042 0.627451 0.627451 0.643137
v 0.0135755 -0.00604422 0.143042 0.627451 0.627451 0.643137
v 0.0139641 -0.00508252 0.143042 0.627451 0.627451 0.643137
v 0.0142846 -0.00409605 0.143042 0.627451 0.627451 0.643137
v 0.0145356 -0.00308963 0.143042 0.627451 0.627451 0.643137
v 0.0147157 -0.00206815 0.143042 0.627451 0.627451 0.643137
v 0.0148241 -0.0010366 0.143042 0.627451 0.627451 0.643137
v 0.0146863 1.16341e-18 0.144052 0.627451 0.627451 0.643137
v 0.0146505 0.00102446 0.144052 0.627451 0.627451 0.643137
v 0.0145433 0.00204393 0.144052 0.627451 0.627451 0.643137
v 0.0143653 0.00305345 0.144052 0.627451 0.627451 0.643137
v 0.0141173 0.00404808 0.144052 0.627451 0.627451 0.643137
v 0.0138006 0.005023 0.144052 0.627451 0.627451 0.643137
v 0.0134166 0.00597344 0.144052 0.627451 0.627451 0.643137
v 0.0129672 0.00689478 0.144052 0.627451 0.627451 0.643137
v 0.0124547 0.00778253 0.144052 0.627451 0.627451 0.643137
v 0.0118814 0.00863237 0.144052 0.627451 0.627451 0.643137
v 0.0112503 0.00944015 0.144052 0.627451 0.627451 0.643137
v 0.0105644 0.0102019 0.144052 0.627451 0.627451 0.643137
v 0.00982703 0.010914 0.144052 0.627451 0.627451 0.643137
v 0.00904177 0.0115729 0.144052 0.627451 0.627451 0.643137
v 0.00821245 0.0121755 0.144052 0.627451 0.627451 0.643137
v 0.00734313 0.0127187 0.144052 0.627451 0.627451 0.643137
v 0.00643803 0.0131999 0.144052 0.627451 0.627451 0.643137
v 0.00550157 0.0136169 0.144052 0.627451 0.627451 0.643137
v 0.0045383 0.0139675 0.144052 0.627451 0.627451 0.643137
v 0.00355293 0.01425 0.144052 0.627451 0.627451 0.643137
v 0.00255024 0.0144631 0.144052 0.627451 0.627451 0.643137
v 0.00153513 0.0146058 0.144052 0.627451 0.627451 0.643137
v 0.000512543 0.0146773 0.144052 0.627451 0.627451 0.643137
v -0.000512543 0.0146773 0.144052 0.627451 0.627451 0.643137
v -0.00153513 0.0146058 0.144052 0.627451 0.627451 0.643137
v -0.00255024 0.0144631 0.144052 0.627451 0.627451 0.643137
v -0.00355293 0.01425 0.144052 0.627451 0.627451 0.643137
v -0.0045383 0.0139675 0.144052 0.627451 0.627451 0.643137
v -0.00550157 0.0136169 0.144052 0.627451 0.627451 0.643137
v -0.00643803 0.0131999 0.144052 0.627451 0.627451 0.643137
v -0.00734313 0.0127187 0.144052 0.627451 0.627451 0.643137
v -0.00821245 0.0121755 0.144052 0.627451 0.627451 0.643137
v -0.00904177 0.0115729 0.144052 0.627451 0.627451 0.643137
v -0.00982703 0.010914 0.144052 0.627451 0.627451 0.643137
v -0.0105644 0.0102019 0.144052 0.627451 0.627451 0.643137
v -0.0112503 0.00944015 0.144052 0.627451 0.627451 0.643137
v -0.0118814 0.00863237 0.144052 0.627451 0.627451 0.643137
v -0.0124547 0.00778253 0.144052 0.627451 0.627451 0.643137
v -0.0129672 0.00689478 0.144052 0.627451 0.627451 0.643137
v -0.0134166 0.00597344 0.144052 0.627451 0.627451 0.643137
v -0.0138006 0.005023 0.144052 0.627451 0.627451 0.643137
v -0.0141173 0.00404808 0.144052 0.627451 0.627451 0.643137
v -0.0143653 0.00305345 0.144052 0.627451 0.627451 0.643137
v -0.0145433 0.00204393 0.144052 0.627451 0.627451 0.643137
v -0.0146505 0.00102446 0.144052 0.627451 0.627451 0.643137
v -0.0146863 -2.09759e-18 0.144052 0.627451 0.627451 0.643137
v -0.0146505 -0.00102446 0.144052 0.627451 0.627451 0.643137
v -0.0145433 -0.00204393 0.144052 0.627451 0.627451 0.643137
v -0.0143653 -0.00305345 0.144052 0.627451 0.627451 0.643137
v -0.0141173 -0.00404808 0.144052 0.627451 0.627451 0.643137
v -0.0138006 -0.005023 0.144052 0.627451 0.627451 0.643137
v -0.0134166 -0.00597344 0.144052 0.627451 0.627451 0.643137
v -0.0129672 -0.00689478 0.144052 0.627451 0.627451 0.643137
v -0.0124547 -0.00778253 0.144052 0.627451 0.627451 0.643137
v -0.0118814 -0.00863237 0.144052 0.627451 0.627451 0.643137
v -0.0112503 -0.00944015 0.144052 0.627451 0.627451 0.643137
v -0.0105644 -0.0102019 0.144052 0.627451 0.627451 0.643137
v -0.00982703 -0.010914 0.144052 0.627451 0.627451 0.643137
v -0.00904177 -0.0115729 0.144052 0.627451 0.627451 0.643137
v -0.00821245 -0.0121755 0.144052 0.627451 0.627451 0.643137
v -0.00734313 -0.0127187 0.144052 0.627451 0.627451 0.643137
v -0.00643803 -0.0131999 0.144052 0.627451 0.627451 0.643137
v -0.00550157 -0.0136169 0.144052 0.627451 0.627451 0.643137
v -0.0045383 -0.0139675 0.144052 0.627451 0.627451 0.643137
v -0.00355293 -0.01425 0.144052 0.627451 0.627451 0.643137
v -0.00255024 -0.0144631 0.144052 0.627451 0.627451 0.643137
v -0.00153513 -0.0146058 0.144052 0.627451 0.627451 0.643137
v -0.000512543 -0.0146773 0.144052 0.627451 0.627451 0.643137
v 0.000512543 -0.0146773 0.144052 0.627451 0.627451 0.643137
v 0.00153513 -0.0146058 0.144052 0.627451 0.627451 0.643137
v 0.00255024 -0.0144631 0.144052 0.627451 0.627451 0.643137
v 0.00355293 -0.01425 0.144052 0.627451 0.627451 0.643137
v 0.0045383 -0.0139675 0.144052 0.627451 0.627451 0.643137
v 0.00550157 -0.0136169 0.144052 0.627451 0.627451 0.643137
v 0.00643803 -0.0131999 0.144052 0.627451 0.627451 0.643137
v 0.00734313 -0.0127187 0.144052 0.627451 0.627451 0.643137
v 0.00821245 -0.0121755 0.144052 0.627451 0.627451 0.643137
v 0.00904177 -0.0115729 0.144052 0.627451 0.627451 0.643137
v 0.00982703 -0.010914 0.144052 0.627451 0.627451 0.643137
v 0.0105644 -0.0102019 0.144052 0.627451 0.627451 0.643137
v 0.0112503 -0.00944015 0.144052 0.627451 0.627451 0.643137
v 0.0118814 -0.00863237 0.144052 0.627451 0.627451 0.643137
v 0.0124547 -0.00778253 0.144052 0.627451 0.627451 0.643137
v 0.0129672 -0.00689478 0.144052 0.627451 0.627451 0.643137
v 0.0134166 -0.00597344 0.144052 0.627451 0.627451 0.643137
v 0.0138006 -0.005023 0.144052 0.627451 0.627451 0.643137
v 0.0141173 -0.00404808 0.144052 0.627451 0.627451 0.643137
v 0.0143653 -0.00305345 0.144052 0.627451 0.627451 0.643137
v 0.0145433 -0.00204393 0.144052 0.627451 0.627451 0.643137
v 0.0146505 -0.00102446 0.144052 0.627451 0.627451 0.643137
v 0.0144438 1.16341e-18 0.145047 0.627451 0.627451 0.643137
v 0.0144086 0.00100755 0.145047 0.627451 0.627451 0.643137
v 0.0143032 0.00201018 0.145047 0.627451 0.627451 0.643137
v 0.0141281 0.00300303 0.145047 0.627451 0.627451 0.643137
v 0.0138842 0.00398124 0.145047 0.627451 0.627451 0.643137
v 0.0135727 0.00494006 0.145047 0.627451 0.627451 0.643137
v 0.013195 0.00587481 0.145047 0.627451 0.627451 0.643137
v 0.0127531 0.00678093 0.145047 0.627451 0.627451 0.643137
v 0.012249 0.00765403 0.145047 0.627451 0.627451 0.643137
v 0.0116852 0.00848983 0.145047 0.627451 0.627451 0.643137
v 0.0110646 0.00928427 0.145047 0.627451 0.627451 0.643137
v 0.01039 0.0100335 0.145047 0.627451 0.627451 0.643137
v 0.00966476 0.0107338 0.145047 0.627451 0.627451 0.643137
v 0.00889247 0.0113818 0.145047 0.627451 0.627451 0.643137
v 0.00807685 0.0119744 0.145047 0.627451 0.627451 0.643137
v 0.00722188 0.0125087 0.145047 0.627451 0.627451 0.643137
v 0.00633173 0.012982 0.145047 0.627451 0.627451 0.643137
v 0.00541073 0.013392 0.145047 0.627451 0.627451 0.643137
v 0.00446337 0.0137368 0.145047 0.627451 0.627451 0.643137
v 0.00349426 0.0140147 0.145047 0.627451 0.627451 0.643137
v 0.00250813 0.0142243 0.145047 0.627451 0.627451 0.643137
v 0.00150978 0.0143646 0.145047 0.627451 0.627451 0.643137
v 0.00050408 0.014435 0.145047 0.627451 0.627451 0.643137
v -0.00050408 0.014435 0.145047 0.627451 0.627451 0.643137
v -0.00150978 0.0143646 0.145047 0.627451 0.627451 0.643137
v -0.00250813 0.0142243 0.145047 0.627451 0.627451 0.643137
v -0.00349426 0.0140147 0.145047 0.627451 0.627451 0.643137
v -0.00446337 0.0137368 0.145047 0.627451 0.627451 0.643137
v -0.00541073 0.013392 0.145047 0.627451 0.627451 0.643137
v -0.00633173 0.012982 0.145047 0.627451 0.627451 0.643137
v -0.00722188 0.0125087 0.145047 0.627451 0.627451 0.643137
v -0.00807685 0.0119744 0.145047 0.627451 0.627451 0.643137
v -0.00889247 0.0113818 0.145047 0.627451 0.627451 0.643137
v -0.00966476 0.0107338 0.145047 0.627451 0.627451 0.643137
v -0.01039 0.0100335 0.145047 0.627451 0.627451 0.643137
v -0.0110646 0.00928427 0.145047 0.627451 0.627451 0.643137
v -0.0116852 0.00848983 0.145047 0.627451 0.627451 0.643137
v -0.012249 0.00765403 0.145047 0.627451 0.627451 0.643137
v -0.0127531 0.00678093 0.145047 0.627451 0.627451 0.643137
v -0.013195 0.00587481 0.145047 0.627451 0.627451 0.643137
v -0.0135727 0.00494006 0.145047 0.627451 0.627451 0.643137
v -0.0138842 0.00398124 0.145047 0.627451 0.627451 0.643137
v -0.0141281 0.00300303 0.145047 0.627451 0.627451 0.643137
v -0.0143032 0.00201018 0.145047 0.627451 0.627451 0.643137
v -0.0144086 0.00100755 0.145047 0.627451 0.627451 0.643137
v -0.0144438 -2.04374e-18 0.145047 0.627451 0.627451 0.643137
v -0.0144086 -0.00100755 0.145047 0.627451 0.627451 0.643137
v -0.0143032 -0.00201018 0.145047 0.627451 0.627451 0.643137
v -0.0141281 -0.00300303 0.145047 0.627451 0.627451 0.643137
v -0.0138842 -0.00398124 0.145047 0.627451 0.627451 0.643137
v -0.0135727 -0.00494006 0.145047 0.627451 0.627451 0.643137
v -0.013195 -0.00587481 0.145047 0.627451 0.627451 0.643137
v -0.0127531 -0.00678093 0.145047 0.627451 0.627451 0.643137
v -0.012249 -0.00765403 0.145047 0.627451 0.627451 0.643137
v -0.0116852 -0.00848983 0.145047 0.627451 0.627451 0.643137
v -0.0110646 -0.00928427 0.145047 0.627451 0.627451 0.643137
v -0.01039 -0.0100335 0.145047 0.627451 0.627451 0.643137
v -0.00966476 -0.0107338 0.145047 0.627451 0.627451 0.643137
v -0.00889247 -0.0113818 0.145047 0.627451 0.627451 0.643137
v -0.00807685 -0.0119744 0.145047 0.627451 0.627451 0.643137
v -0.00722188 -0.0125087 0.145047 0.627451 0.627451 0.643137
v -0.00633173 -0.012982 0.145047 0.627451 0.627451 0.643137
v -0.00541073 -0.013392 0.145047 0.627451 0.627451 0.643137
v -0.00446337 -0.0137368 0.145047 0.627451 0.627451 0.643137
v -0.00349426 -0.0140147 0.145047 0.627451 0.627451 0.643137
v -0.00250813 -0.0142243 0.145047 0.627451 0.627451 0.643137
v -0.00150978 -0.0143646 0.145047 0.627451 0.627451 0.643137
v -0.00050408 -0.014435 0.145047 0.627451 0.627451 0.643137
v 0.00050408 -0.014435 0.145047 0.627451 0.627451 0.643137
v 0.00150978 -0.0143646 0.145047 0.627451 0.627451 0.643137
v 0.00250813 -0.0142243 0.145047 0.627451 0.627451 0.643137
v 0.00349426 -0.0140147 0.145047 0.627451 0.627451 0.643137
v 0.00446337 -0.0137368 0.145047 0.627451 0.627451 0.643137
v 0.00541073 -0.013392 0.145047 0.627451 0.627451 0.643137
v 0.00633173 -0.012982 0.145047 0.627451 0.627451 0.643137
v 0.00722188 -0.0125087 0.145047 0.627451 0.627451 0.643137
v 0.00807685 -0.0119744 0.145047 0.627451 0.627451 0.643137
v 0.00889247 -0.0113818 0.145047 0.627451 0.627451 0.643137
v 0.00966476 -0.0107338 0.145047 0.627451 0.627451 0.643137
v 0.01039 -0.0100335 0.145047 0.627451 0.627451 0.643137
v 0.0110646 -0.00928427 0.145047 0.627451 0.627451 0.643137
v 0.0116852 -0.00848983 0.145047 0.627451 0.627451 0.643137
v 0.012249 -0.00765403 0.145047 0.627451 0.627451 0.643137
v 0.0127531 -0.00678093 0.145047 0.627451 0.627451 0.643137
v 0.013195 -0.00587481 0.145047 0.627451 0.627451 0.643137
v 0.0135727 -0.00494006 0.145047 0.627451 0.627451 0.643137
v 0.0138842 -0.00398124 0.145047 0.627451 0.627451 0.643137
v 0.0141281 -0.00300303 0.145047 0.627451 0.627451 0.643137
v 0.0143032 -0.00201018 0.145047 0.627451 0.627451 0.643137
v 0.0144086 -0.00100755 0.145047 0.627451 0.627451 0.643137
v 0.0141339 1.16341e-18 0.146023 0.627451 0.627451 0.643137
v 0.0140995 0.000985932 0.146023 0.627451 0.627451 0.643137
v 0.0139964 0.00196706 0.146023 0.627451 0.627451 0.643137
v 0.0138251 0.00293861 0.146023 0.627451 0.627451 0.643137
v 0.0135864 0.00389583 0.146023 0.627451 0.627451 0.643137
v 0.0132815 0.00483408 0.146023 0.627451 0.627451 0.643137
v 0.012912 0.00574878 0.146023 0.627451 0.627451 0.643137
v 0.0124795 0.00663547 0.146023 0.627451 0.627451 0.643137
v 0.0119862 0.00748983 0.146023 0.627451 0.627451 0.643137
v 0.0114346 0.00830771 0.146023 0.627451 0.627451 0.643137
v 0.0108272 0.0090851 0.146023 0.627451 0.627451 0.643137
v 0.0101671 0.00981824 0.146023 0.627451 0.627451 0.643137
v 0.00945743 0.0105035 0.146023 0.627451 0.627451 0.643137
v 0.00870171 0.0111377 0.146023 0.627451 0.627451 0.643137
v 0.00790358 0.0117175 0.146023 0.627451 0.627451 0.643137
v 0.00706696 0.0122403 0.146023 0.627451 0.627451 0.643137
v 0.0061959 0.0127035 0.146023 0.627451 0.627451 0.643137
v 0.00529466 0.0131047 0.146023 0.627451 0.627451 0.643137
v 0.00436762 0.0134422 0.146023 0.627451 0.627451 0.643137
v 0.0034193 0.0137141 0.146023 0.627451 0.627451 0.643137
v 0.00245433 0.0139192 0.146023 0.627451 0.627451 0.643137
v 0.0014774 0.0140565 0.146023 0.627451 0.627451 0.643137
v 0.000493266 0.0141253 0.146023 0.627451 0.627451 0.643137
v -0.000493266 0.0141253 0.146023 0.627451 0.627451 0.643137
v -0.0014774 0.0140565 0.146023 0.627451 0.627451 0.643137
v -0.00245433 0.0139192 0.146023 0.627451 0.627451 0.643137
v -0.0034193 0.0137141 0.146023 0.627451 0.627451 0.643137
v -0.00436762 0.0134422 0.146023 0.627451 0.627451 0.643137
v -0.00529466 0.0131047 0.146023 0.627451 0.627451 0.643137
v -0.0061959 0.0127035 0.146023 0.627451 0.627451 0.643137
v -0.00706696 0.0122403 0.146023 0.627451 0.627451 0.643137
v -0.00790358 0.0117175 0.146023 0.627451 0.627451 0.643137
v -0.00870171 0.0111377 0.146023 0.627451 0.627451 0.643137
v -0.00945743 0.0105035 0.146023 0.627451 0.627451 0.643137
v -0.0101671 0.00981824 0.146023 0.627451 0.627451 0.643137
v -0.0108272 0.0090851 0.146023 0.627451 0.627451 0.643137
v -0.0114346 0.00830771 0.146023 0.627451 0.627451 0.643137
v -0.0119862 0.00748983 0.146023 0.627451 0.627451 0.643137
v -0.0124795 0.00663547 0.146023 0.627451 0.627451 0.643137
v -0.012912 0.00574878 0.146023 0.627451 0.627451 0.643137
v -0.0132815 0.00483408 0.146023 0.627451 0.627451 0.643137
v -0.0135864 0.00389583 0.146023 0.627451 0.627451 0.643137
v -0.0138251 0.00293861 0.146023 0.627451 0.627451 0.643137
v -0.0139964 0.00196706 0.146023 0.627451 0.627451 0.643137
v -0.0140995 0.000985932 0.146023 0.627451 0.627451 0.643137
v -0.0141339 -1.97494e-18 0.146023 0.627451 0.627451 0.643137
v -0.0140995 -0.000985932 0.146023 0.627451 0.627451 0.643137
v -0.0139964 -0.00196706 0.146023 0.627451 0.627451 0.643137
v -0.0138251 -0.00293861 0.146023 0.627451 0.627451 0.643137
v -0.0135864 -0.00389583 0.146023 0.627451 0.627451 0.643137
v -0.0132815 -0.00483408 0.146023 0.627451 0.627451 0.643137
v -0.012912 -0.00574878 0.146023 0.627451 0.627451 0.643137
v -0.0124795 -0.00663547 0.146023 0.627451 0.627451 0.643137
v -0.0119862 -0.00748983 0.146023 0.627451 0.627451 0.643137
v -0.0114346 -0.00830771 0.146023 0.627451 0.627451 0.643137
v -0.0108272 -0.0090851 0.146023 0.627451 0.627451 0.643137
v -0.0101671 -0.00981824 0.146023 0.627451 0.627451 0.643137
v -0.00945743 -0.0105035 0.146023 0.627451 0.627451 0.643137
v -0.00870171 -0.0111377 0.146023 0.627451 0.627451 0.643137
v -0.00790358 -0.0117175 0.146023 0.627451 0.627451 0.643137
v -0.00706696 -0.0122403 0.146023 0.627451 0.627451 0.643137
v -0.0061959 -0.0127035 0.146023 0.627451 0.627451 0.643137
v -0.00529466 -0.0131047 0.146023 0.627451 0.627451 0.643137
v -0.00436762 -0.0134422 0.146023 0.627451 0.627451 0.643137
v -0.0034193 -0.0137141 0.146023 0.627451 0.627451 0.643137
v -0.00245433 -0.0139192 0.146023 0.627451 0.627451 0.643137
v -0.0014774 -0.0140565 0.146023 0.627451 0.627451 0.643137
v -0.000493266 -0.0141253 0.146023 0.627451 0.627451 0.643137
v 0.000493266 -0.0141253 0.146023 0.627451 0.627451 0.643137
v 0.0014774 -0.0140565 0.146023 0.627451 0.627451 0.643137
v 0.00245433 -0.0139192 0.146023 0.627451 0.627451 0.643137
v 0.0034193 -0.0137141 0.146023 0.627451 0.627451 0.643137
v 0.00436762 -0.0134422 0.146023 0.627451 0.627451 0.643137
v 0.00529466 -0.0131047 0.146023 0.627451 0.627451 0.643137
v 0.0061959 -0.0127035 0.146023 0.627451 0.627451 0.643137
v 0.00706696 -0.0122403 0.146023 0.627451 0.627451 0.643137
v 0.00790358 -0.0117175 0.146023 0.627451 0.627451 0.643137
v 0.00870171 -0.0111377 0.146023 0.627451 0.627451 0.643137
v 0.00945743 -0.0105035 0.146023 0.627451 0.627451 0.643137
v 0.0101671 -0.00981824 0.146023 0.627451 0.627451 0.643137
v 0.0108272 -0.0090851 0.146023 0.627451 0.627451 0.643137
v 0.0114346 -0.00830771 0.146023 0.627451 0.627451 0.643137
v 0.0119862 -0.00748983 0.146023 0.627451 0.627451 0.643137
v 0.0124795 -0.00663547 0.146023 0.627451 0.627451 0.643137
v 0.012912 -0.00574878 0.146023 0.627451 0.627451 0.643137
v 0.0132815 -0.00483408 0.146023 0.627451 0.627451 0.643137
v 0.0135864 -0.00389583 0.146023 0.627451 0.627451 0.643137
v 0.0138251 -0.00293861 0.146023 0.627451 0.627451 0.643137
v 0.0139964 -0.00196706 0.146023 0.627451 0.627451 0.643137
v 0.0140995 -0.000985932 0.146023 0.627451 0.627451 0.643137
v 0.0137582 1.16341e-18 0.146976 0.627451 0.627451 0.643137
v 0.0137247 0.000959721 0.146976 0.627451 0.627451 0.643137
v 0.0136243 0.00191477 0.146976 0.627451 0.627451 0.643137
v 0.0134575 0.00286048 0.146976 0.627451 0.627451 0.643137
v 0.0132252 0.00379227 0.146976 0.627451 0.627451 0.643137
v 0.0129285 0.00470557 0.146976 0.627451 0.627451 0.643137
v 0.0125687 0.00559595 0.146976 0.627451 0.627451 0.643137
v 0.0121477 0.00645907 0.146976 0.627451 0.627451 0.643137
v 0.0116676 0.00729072 0.146976 0.627451 0.627451 0.643137
v 0.0111306 0.00808685 0.146976 0.627451 0.627451 0.643137
v 0.0105394 0.00884358 0.146976 0.627451 0.627451 0.643137
v 0.0098968 0.00955723 0.146976 0.627451 0.627451 0.643137
v 0.00920601 0.0102243 0.146976 0.627451 0.627451 0.643137
v 0.00847037 0.0108416 0.146976 0.627451 0.627451 0.643137
v 0.00769347 0.011406 0.146976 0.627451 0.627451 0.643137
v 0.00687908 0.0119149 0.146976 0.627451 0.627451 0.643137
v 0.00603118 0.0123658 0.146976 0.627451 0.627451 0.643137
v 0.0051539 0.0127564 0.146976 0.627451 0.627451 0.643137
v 0.00425151 0.0130848 0.146976 0.627451 0.627451 0.643137
v 0.0033284 0.0133495 0.146976 0.627451 0.627451 0.643137
v 0.00238908 0.0135492 0.146976 0.627451 0.627451 0.643137
v 0.00143812 0.0136828 0.146976 0.627451 0.627451 0.643137
v 0.000480153 0.0137498 0.146976 0.627451 0.627451 0.643137
v -0.000480153 0.0137498 0.146976 0.627451 0.627451 0.643137
v -0.00143812 0.0136828 0.146976 0.627451 0.627451 0.643137
v -0.00238908 0.0135492 0.146976 0.627451 0.627451 0.643137
v -0.0033284 0.0133495 0.146976 0.627451 0.627451 0.643137
v -0.00425151 0.0130848 0.146976 0.627451 0.627451 0.643137
v -0.0051539 0.0127564 0.146976 0.627451 0.627451 0.643137
v -0.00603118 0.0123658 0.146976 0.627451 0.627451 0.643137
v -0.00687908 0.0119149 0.146976 0.627451 0.627451 0.643137
v -0.00769347 0.011406 0.146976 0.627451 0.627451 0.643137
v -0.00847037 0.0108416 0.146976 0.627451 0.627451 0.643137
v -0.00920601 0.0102243 0.146976 0.627451 0.627451 0.643137
v -0.0098968 0.00955723 0.146976 0.627451 0.627451 0.643137
v -0.0105394 0.00884358 0.146976 0.627451 0.627451 0.643137
v -0.0111306 0.00808685 0.146976 0.627451 0.627451 0.643137
v -0.0116676 0.00729072 0.146976 0.627451 0.627451 0.643137
v -0.0121477 0.00645907 0.146976 0.627451 0.627451 0.643137
v -0.0125687 0.00559595 0.146976 0.627451 0.627451 0.643137
v -0.0129285 0.00470557 0.146976 0.627451 0.627451 0.643137
v -0.0132252 0.00379227 0.146976 0.627451 0.627451 0.643137
v -0.0134575 0.00286048 0.146976 0.627451 0.627451 0.643137
v -0.0136243 0.00191477 0.146976 0.627451 0.627451 0.643137
v -0.0137247 0.000959721 0.146976 0.627451 0.627451 0.643137
v -0.0137582 -1.89151e-18 0.146976 0.627451 0.627451 0.643137
v -0.0137247 -0.000959721 0.146976 0.627451 0.627451 0.643137
v -0.0136243 -0.00191477 0.146976 0.627451 0.627451 0.643137
v -0.0134575 -0.00286048 0.146976 0.627451 0.627451 0.643137
v -0.0132252 -0.00379227 0.146976 0.627451 0.627451 0.643137
v -0.0129285 -0.00470557 0.146976 0.627451 0.627451 0.643137
v -0.0125687 -0.00559595 0.146976 0.627451 0.627451 0.643137
v -0.0121477 -0.00645907 0.146976 0.627451 0.627451 0.643137
v -0.0116676 -0.00729072 0.146976 0.627451 0.627451 0.643137
v -0.0111306 -0.00808685 0.146976 0.627451 0.627451 0.643137
v -0.0105394 -0.00884358 0.146976 0.627451 0.627451 0.643137
v -0.0098968 -0.00955723 0.146976 0.627451 0.627451 0.643137
v -0.00920601 -0.0102243 0.146976 0.627451 0.627451 0.643137
v -0.00847037 -0.0108416 0.146976 0.627451 0.627451 0.643137
v -0.00769347 -0.011406 0.146976 0.627451 0.627451 0.643137
v -0.00687908 -0.0119149 0.146976 0.627451 0.627451 0.643137
v -0.00603118 -0.0123658 0.146976 0.627451 0.627451 0.643137
v -0.0051539 -0.0127564 0.146976 0.627451 0.627451 0.643137
v -0.00425151 -0.0130848 0.146976 0.627451 0.627451 0.643137
v -0.0033284 -0.0133495 0.146976 0.627451 0.627451 0.643137
v -0.00238908 -0.0135492 0.146976 0.627451 0.627451 0.643137
v -0.00143812 -0.0136828 0.146976 0.627451 0.627451 0.643137
v -0.000480153 -0.0137498 0.146976 0.627451 0.627451 0.643137
v 0.000480153 -0.0137498 0.146976 0.627451 0.627451 0.643137
v 0.00143812 -0.0136828 0.146976 0.627451 0.627451 0.643137
v 0.00238908 -0.0135492 0.146976 0.627451 0.627451 0.643137
v 0.0033284 -0.0133495 0.146976 0.627451 0.627451 0.643137
v 0.00425151 -0.0130848 0.146976 0.627451 0.627451 0.643137
v 0.0051539 -0.0127564 0.146976 0.627451 0.627451 0.643137
v 0.00603118 -0.0123658 0.146976 0.627451 0.627451 0.643137
v 0.00687908 -0.0119149 0.146976 0.627451 0.627451 0.643137
v 0.00769347 -0.011406 0.146976 0.627451 0.627451 0.643137
v 0.00847037 -0.0108416 0.146976 0.627451 0.627451 0.643137
v 0.00920601 -0.0102243 0.146976 0.627451 0.627451 0.643137
v 0.0098968 -0.00955723 0.146976 0.627451 0.627451 0.643137
v 0.0105394 -0.00884358 0.146976 0.627451 0.627451 0.643137
v 0.0111306 -0.00808685 0.146976 0.627451 0.627451 0.643137
v 0.0116676 -0.00729072 0.146976 0.627451 0.627451 0.643137
v 0.0121477 -0.00645907 0.146976 0.627451 0.627451 0.643137
v 0.0125687 -0.00559595 0.146976 0.627451 0.627451 0.643137
v 0.0129285 -0.00470557 0.146976 0.627451 0.627451 0.643137
v 0.0132252 -0.00379227 0.146976 0.627451 0.627451 0.643137
v 0.0134575 -0.00286048 0.146976 0.627451 0.627451 0.643137
v 0.0136243 -0.00191477 0.146976 0.627451 0.627451 0.643137
v 0.0137247 -0.000959721 0.146976 0.627451 0.627451 0.643137
v 0.0133183 1.16341e-18 0.147901 0.627451 0.627451 0.643137
v 0.0132858 0.000929036 0.147901 0.627451 0.627451 0.643137
v 0.0131887 0.00185355 0.147901 0.627451 0.627451 0.643137
v 0.0130272 0.00276903 0.147901 0.627451 0.627451 0.643137
v 0.0128024 0.00367102 0.147901 0.627451 0.627451 0.643137
v 0.0125151 0.00455512 0.147901 0.627451 0.627451 0.643137
v 0.0121669 0.00541703 0.147901 0.627451 0.627451 0.643137
v 0.0117593 0.00625255 0.147901 0.627451 0.627451 0.643137
v 0.0112945 0.00705761 0.147901 0.627451 0.627451 0.643137
v 0.0107747 0.00782829 0.147901 0.627451 0.627451 0.643137
v 0.0102024 0.00856082 0.147901 0.627451 0.627451 0.643137
v 0.00958037 0.00925165 0.147901 0.627451 0.627451 0.643137
v 0.00891167 0.00989741 0.147901 0.627451 0.627451 0.643137
v 0.00819955 0.0104949 0.147901 0.627451 0.627451 0.643137
v 0.00744749 0.0110414 0.147901 0.627451 0.627451 0.643137
v 0.00665914 0.011534 0.147901 0.627451 0.627451 0.643137
v 0.00583835 0.0119704 0.147901 0.627451 0.627451 0.643137
v 0.00498911 0.0123485 0.147901 0.627451 0.627451 0.643137
v 0.00411557 0.0126664 0.147901 0.627451 0.627451 0.643137
v 0.00322198 0.0129227 0.147901 0.627451 0.627451 0.643137
v 0.00231269 0.0131159 0.147901 0.627451 0.627451 0.643137
v 0.00139214 0.0132453 0.147901 0.627451 0.627451 0.643137
v 0.000464801 0.0133102 0.147901 0.627451 0.627451 0.643137
v -0.000464801 0.0133102 0.147901 0.627451 0.627451 0.643137
v -0.00139214 0.0132453 0.147901 0.627451 0.627451 0.643137
v -0.00231269 0.0131159 0.147901 0.627451 0.627451 0.643137
v -0.00322198 0.0129227 0.147901 0.627451 0.627451 0.643137
v -0.00411557 0.0126664 0.147901 0.627451 0.627451 0.643137
v -0.00498911 0.0123485 0.147901 0.627451 0.627451 0.643137
v -0.00583835 0.0119704 0.147901 0.627451 0.627451 0.643137
v -0.00665914 0.011534 0.147901 0.627451 0.627451 0.643137
v -0.00744749 0.0110414 0.147901 0.627451 0.627451 0.643137
v -0.00819955 0.0104949 0.147901 0.627451 0.627451 0.643137
v -0.00891167 0.00989741 0.147901 0.627451 0.627451 0.643137
v -0.00958037 0.00925165 0.147901 0.627451 0.627451 0.643137
v -0.0102024 0.00856082 0.147901 0.627451 0.627451 0.643137
v -0.0107747 0.00782829 0.147901 0.627451 0.627451 0.643137
v -0.0112945 0.00705761 0.147901 0.627451 0.627451 0.643137
v -0.0117593 0.00625255 0.147901 0.627451 0.627451 0.643137
v -0.0121669 0.00541703 0.147901 0.627451 0.627451 0.643137
v -0.0125151 0.00455512 0.147901 0.627451 0.627451 0.643137
v -0.0128024 0.00367102 0.147901 0.627451 0.627451 0.643137
v -0.0130272 0.00276903 0.147901 0.627451 0.627451 0.643137
v -0.0131887 0.00185355 0.147901 0.627451 0.627451 0.643137
v -0.0132858 0.000929036 0.147901 0.627451 0.627451 0.643137
v -0.0133183 -1.79384e-18 0.147901 0.627451 0.627451 0.643137
v -0.0132858 -0.000929036 0.147901 0.627451 0.627451 0.643137
v -0.0131887 -0.00185355 0.147901 0.627451 0.627451 0.643137
v -0.0130272 -0.00276903 0.147901 0.627451 0.627451 0.643137
v -0.0128024 -0.00367102 0.147901 0.627451 0.627451 0.643137
v -0.0125151 -0.00455512 0.147901 0.627451 0.627451 0.643137
v -0.0121669 -0.00541703 0.147901 0.627451 0.627451 0.643137
v -0.0117593 -0.00625255 0.147901 0.627451 0.627451 0.643137
v -0.0112945 -0.00705761 0.147901 0.627451 0.627451 0.643137
v -0.0107747 -0.00782829 0.147901 0.627451 0.627451 0.643137
v -0.0102024 -0.00856082 0.147901 0.627451 0.627451 0.643137
v -0.00958037 -0.00925165 0.147901 0.627451 0.627451 0.643137
v -0.00891167 -0.00989741 0.147901 0.627451 0.627451 0.643137
v -0.00819955 -0.0104949 0.147901 0.627451 0.627451 0.643137
v -0.00744749 -0.0110414 0.147901 0.627451 0.627451 0.643137
v -0.00665914 -0.011534 0.147901 0.627451 0.627451 0.643137
v -0.00583835 -0.0119704 0.147901 0.627451 0.627451 0.643137
v -0.00498911 -0.0123485 0.147901 0.627451 0.627451 0.643137
v -0.00411557 -0.0126664 0.147901 0.627451 0.627451 0.643137
v -0.00322198 -0.0129227 0.147901 0.627451 0.627451 0.643137
v -0.00231269 -0.0131159 0.147901 0.627451 0.627451 0.643137
v -0.00139214 -0.0132453 0.147901 0.627451 0.627451 0.643137
v -0.000464801 -0.0133102 0.147901 0.627451 0.627451 0.643137
v 0.000464801 -0.0133102 0.147901 0.627451 0.627451 0.643137
v 0.00139214 -0.0132453 0.147901 0.627451 0.627451 0.643137
v 0.00231269 -0.0131159 0.147901 0.627451 0.627451 0.643137
v 0.00322198 -0.0129227 0.147901 0.627451 0.627451 0.643137
v 0.00411557 -0.0126664 0.147901 0.627451 0.627451 0.643137
v 0.00498911 -0.0123485 0.147901 0.627451 0.627451 0.643137
v 0.00583835 -0.0119704 0.147901 0.627451 0.627451 0.643137
v 0.00665914 -0.011534 0.147901 0.627451 0.627451 0.643137
v 0.00744749 -0.0110414 0.147901 0.627451 0.627451 0.643137
v 0.00819955 -0.0104949 0.147901 0.627451 0.627451 0.643137
v 0.00891167 -0.00989741 0.147901 0.627451 0.627451 0.643137
v 0.00958037 -0.00925165 0.147901 0.627451 0.627451 0.643137
v 0.0102024 -0.00856082 0.147901 0.627451 0.627451 0.643137
v 0.0107747 -0.00782829 0.147901 0.627451 0.627451 0.643137
v 0.0112945 -0.00705761 0.147901 0.627451 0.627451 0.643137
v 0.0117593 -0.00625255 0.147901 0.627451 0.627451 0.643137
v 0.0121669 -0.00541703 0.147901 0.627451 0.627451 0.643137
v 0.0125151 -0.00455512 0.147901 0.627451 0.627451 0.643137
v 0.0128024 -0.00367102 0.147901 0.627451 0.627451 0.643137
v 0.0130272 -0.00276903 0.147901 0.627451 0.627451 0.643137
v 0.0131887 -0.00185355 0.147901 0.627451 0.627451 0.643137
v 0.0132858 -0.000929036 0.147901 0.627451 0.627451 0.643137
v 0.0128163 1.16341e-18 0.148794 0.627451 0.627451 0.643137
v 0.0127851 0.000894019 0.148794 0.627451 0.627451 0.643137
v 0.0126916 0.00178368 0.148794 0.627451 0.627451 0.643137
v 0.0125362 0.00266466 0.148794 0.627451 0.627451 0.643137
v 0.0123198 0.00353265 0.148794 0.627451 0.627451 0.643137
v 0.0120434 0.00438343 0.148794 0.627451 0.627451 0.643137
v 0.0117083 0.00521286 0.148794 0.627451 0.627451 0.643137
v 0.0113161 0.00601688 0.148794 0.627451 0.627451 0.643137
v 0.0108688 0.0067916 0.148794 0.627451 0.627451 0.643137
v 0.0103686 0.00753323 0.148794 0.627451 0.627451 0.643137
v 0.00981785 0.00823815 0.148794 0.627451 0.627451 0.643137
v 0.00921927 0.00890294 0.148794 0.627451 0.627451 0.643137
v 0.00857577 0.00952436 0.148794 0.627451 0.627451 0.643137
v 0.0078905 0.0100994 0.148794 0.627451 0.627451 0.643137
v 0.00716678 0.0106252 0.148794 0.627451 0.627451 0.643137
v 0.00640815 0.0110992 0.148794 0.627451 0.627451 0.643137
v 0.00561829 0.0115192 0.148794 0.627451 0.627451 0.643137
v 0.00480107 0.0118831 0.148794 0.627451 0.627451 0.643137
v 0.00396045 0.012189 0.148794 0.627451 0.627451 0.643137
v 0.00310054 0.0124356 0.148794 0.627451 0.627451 0.643137
v 0.00222553 0.0126216 0.148794 0.627451 0.627451 0.643137
v 0.00133967 0.0127461 0.148794 0.627451 0.627451 0.643137
v 0.000447282 0.0128085 0.148794 0.627451 0.627451 0.643137
v -0.000447282 0.0128085 0.148794 0.627451 0.627451 0.643137
v -0.00133967 0.0127461 0.148794 0.627451 0.627451 0.643137
v -0.00222553 0.0126216 0.148794 0.627451 0.627451 0.643137
v -0.00310054 0.0124356 0.148794 0.627451 0.627451 0.643137
v -0.00396045 0.012189 0.148794 0.627451 0.627451 0.643137
v -0.00480107 0.0118831 0.148794 0.627451 0.627451 0.643137
v -0.00561829 0.0115192 0.148794 0.627451 0.627451 0.643137
v -0.00640815 0.0110992 0.148794 0.627451 0.627451 0.643137
v -0.00716678 0.0106252 0.148794 0.627451 0.627451 0.643137
v -0.0078905 0.0100994 0.148794 0.627451 0.627451 0.643137
v -0.00857577 0.00952436 0.148794 0.627451 0.627451 0.643137
v -0.00921927 0.00890294 0.148794 0.627451 0.627451 0.643137
v -0.00981785 0.00823815 0.148794 0.627451 0.627451 0.643137
v -0.0103686 0.00753323 0.148794 0.627451 0.627451 0.643137
v -0.0108688 0.0067916 0.148794 0.627451 0.627451 0.643137
v -0.0113161 0.00601688 0.148794 0.627451 0.627451 0.643137
v -0.0117083 0.00521286 0.148794 0.627451 0.627451 0.643137
v -0.0120434 0.00438343 0.148794 0.627451 0.627451 0.643137
v -0.0123198 0.00353265 0.148794 0.627451 0.627451 0.643137
v -0.0125362 0.00266466 0.148794 0.627451 0.627451 0.643137
v -0.0126916 0.00178368 0.148794 0.627451 0.627451 0.643137
v -0.0127851 0.000894019 0.148794 0.627451 0.627451 0.643137
v -0.0128163 -1.68237e-18 0.148794 0.627451 0.627451 0.643137
v -0.0127851 -0.000894019 0.148794 0.627451 0.627451 0.643137
v -0.0126916 -0.00178368 0.148794 0.627451 0.627451 0.643137
v -0.0125362 -0.00266466 0.148794 0.627451 0.627451 0.643137
v -0.0123198 -0.00353265 0.148794 0.627451 0.627451 0.643137
v -0.0120434 -0.00438343 0.148794 0.627451 0.627451 0.643137
v -0.0117083 -0.00521286 0.148794 0.627451 0.627451 0.643137
v -0.0113161 -0.00601688 0.148794 0.627451 0.627451 0.643137
v -0.0108688 -0.0067916 0.148794 0.627451 0.627451 0.643137
v -0.0103686 -0.00753323 0.148794 0.627451 0.627451 0.643137
v -0.00981785 -0.00823815 0.148794 0.627451 0.627451 0.643137
v -0.00921927 -0.00890294 0.148794 0.627451 0.627451 0.643137
v -0.00857577 -0.00952436 0.148794 0.627451 0.627451 0.643137
v -0.0078905 -0.0100994 0.148794 0.627451 0.627451 0.643137
v -0.00716678 -0.0106252 0.148794 0.627451 0.627451 0.643137
v -0.00640815 -0.0110992 0.148794 0.627451 0.627451 0.643137
v -0.00561829 -0.0115192 0.148794 0.627451 0.627451 0.643137
v -0.00480107 -0.0118831 0.148794 0.627451 0.627451 0.643137
v -0.00396045 -0.012189 0.148794 0.627451 0.627451 0.643137
v -0.00310054 -0.0124356 0.148794 0.627451 0.627451 0.643137
v -0.00222553 -0.0126216 0.148794 0.627451 0.627451 0.643137
v -0.00133967 -0.0127461 0.148794 0.627451 0.627451 0.643137
v -0.000447282 -0.0128085 0.148794 0.627451 0.627451 0.643137
v 0.000447282 -0.0128085 0.148794 0.627451 0.627451 0.643137
v 0.00133967 -0.0127461 0.148794 0.627451 0.627451 0.643137
v 0.00222553 -0.0126216 0.148794 0.627451 0.627451 0.643137
v 0.00310054 -0.0124356 0.148794 0.627451 0.627451 0.643137
v 0.00396045 -0.012189 0.148794 0.627451 0.627451 0.643137
v 0.00480107 -0.0118831 0.148794 0.627451 0.627451 0.643137
v 0.00561829 -0.0115192 0.148794 0.627451 0.627451 0.643137
v 0.00640815 -0.0110992 0.148794 0.627451 0.627451 0.643137
v 0.00716678 -0.0106252 0.148794 0.627451 0.627451 0.643137
v 0.0078905 -0.0100994 0.148794 0.627451 0.627451 0.643137
v 0.00857577 -0.00952436 0.148794 0.627451 0.627451 0.643137
v 0.00921927 -0.00890294 0.148794 0.627451 0.627451 0.643137
v 0.00981785 -0.00823815 0.148794 0.627451 0.627451 0.643137
v 0.0103686 -0.00753323 0.148794 0.627451 0.627451 0.643137
v 0.0108688 -0.0067916 0.148794 0.627451 0.627451 0.643137
v 0.0113161 -0.00601688 0.148794 0.627451 0.627451 0.643137
v 0.0117083 -0.00521286 0.148794 0.627451 0.627451 0.643137
v 0.0120434 -0.00438343 0.148794 0.627451 0.627451 0.643137
v 0.0123198 -0.00353265 0.148794 0.627451 0.627451 0.643137
v 0.0125362 -0.00266466 0.148794 0.627451 0.627451 0.643137
v 0.0126916 -0.00178368 0.148794 0.627451 0.627451 0.643137
v 0.0127851 -0.000894019 0.148794 0.627451 0.627451 0.643137
v 0.0122545 1.16341e-18 0.14965 0.627451 0.627451 0.643137
v 0.0122247 0.000854834 0.14965 0.627451 0.627451 0.643137
v 0.0121353 0.0017055 0.14965 0.627451 0.627451 0.643137
v 0.0119868 0.00254786 0.14965 0.627451 0.627451 0.643137
v 0.0117798 0.00337781 0.14965 0.627451 0.627451 0.643137
v 0.0115155 0.0041913 0.14965 0.627451 0.627451 0.643137
v 0.0111951 0.00498437 0.14965 0.627451 0.627451 0.643137
v 0.0108201 0.00575316 0.14965 0.627451 0.627451 0.643137
v 0.0103924 0.00649392 0.14965 0.627451 0.627451 0.643137
v 0.00991414 0.00720304 0.14965 0.627451 0.627451 0.643137
v 0.00938753 0.00787707 0.14965 0.627451 0.627451 0.643137
v 0.00881518 0.00851272 0.14965 0.627451 0.627451 0.643137
v 0.00819989 0.0091069 0.14965 0.627451 0.627451 0.643137
v 0.00754465 0.00965672 0.14965 0.627451 0.627451 0.643137
v 0.00685266 0.0101595 0.14965 0.627451 0.627451 0.643137
v 0.00612727 0.0106128 0.14965 0.627451 0.627451 0.643137
v 0.00537204 0.0110143 0.14965 0.627451 0.627451 0.643137
v 0.00459063 0.0113622 0.14965 0.627451 0.627451 0.643137
v 0.00378686 0.0116548 0.14965 0.627451 0.627451 0.643137
v 0.00296464 0.0118905 0.14965 0.627451 0.627451 0.643137
v 0.00212798 0.0120684 0.14965 0.627451 0.627451 0.643137
v 0.00128095 0.0121874 0.14965 0.627451 0.627451 0.643137
v 0.000427678 0.0122471 0.14965 0.627451 0.627451 0.643137
v -0.000427678 0.0122471 0.14965 0.627451 0.627451 0.643137
v -0.00128095 0.0121874 0.14965 0.627451 0.627451 0.643137
v -0.00212798 0.0120684 0.14965 0.627451 0.627451 0.643137
v -0.00296464 0.0118905 0.14965 0.627451 0.627451 0.643137
v -0.00378686 0.0116548 0.14965 0.627451 0.627451 0.643137
v -0.00459063 0.0113622 0.14965 0.627451 0.627451 0.643137
v -0.00537204 0.0110143 0.14965 0.627451 0.627451 0.643137
v -0.00612727 0.0106128 0.14965 0.627451 0.627451 0.643137
v -0.00685266 0.0101595 0.14965 0.627451 0.627451 0.643137
v -0.00754465 0.00965672 0.14965 0.627451 0.627451 0.643137
v -0.00819989 0.0091069 0.14965 0.627451 0.627451 0.643137
v -0.00881518 0.00851272 0.14965 0.627451 0.627451 0.643137
v -0.00938753 0.00787707 0.14965 0.627451 0.627451 0.643137
v -0.00991414 0.00720304 0.14965 0.627451 0.627451 0.643137
v -0.0103924 0.00649392 0.14965 0.627451 0.627451 0.643137
v -0.0108201 0.00575316 0.14965 0.627451 0.627451 0.643137
v -0.0111951 0.00498437 0.14965 0.627451 0.627451 0.643137
v -0.0115155 0.0041913 0.14965 0.627451 0.627451 0.643137
v -0.0117798 0.00337781 0.14965 0.627451 0.627451 0.643137
v -0.0119868 0.00254786 0.14965 0.627451 0.627451 0.643137
v -0.0121353 0.0017055 0.14965 0.627451 0.627451 0.643137
v -0.0122247 0.000854834 0.14965 0.627451 0.627451 0.643137
v -0.0122545 -1.55764e-18 0.14965 0.627451 0.627451 0.643137
v -0.0122247 -0.000854834 0.14965 0.627451 0.627451 0.643137
v -0.0121353 -0.0017055 0.14965 0.627451 0.627451 0.643137
v -0.0119868 -0.00254786 0.14965 0.627451 0.627451 0.643137
v -0.0117798 -0.00337781 0.14965 0.627451 0.627451 0.643137
v -0.0115155 -0.0041913 0.14965 0.627451 0.627451 0.643137
v -0.0111951 -0.00498437 0.14965 0.627451 0.627451 0.643137
v -0.0108201 -0.00575316 0.14965 0.627451 0.627451 0.643137
v -0.0103924 -0.00649392 0.14965 0.627451 0.627451 0.643137
v -0.00991414 -0.00720304 0.14965 0.627451 0.627451 0.643137
v -0.00938753 -0.00787707 0.14965 0.627451 0.627451 0.643137
v -0.00881518 -0.00851272 0.14965 0.627451 0.627451 0.643137
v -0.00819989 -0.0091069 0.14965 0.627451 0.627451 0.643137
v -0.00754465 -0.00965672 0.14965 0.627451 0.627451 0.643137
v -0.00685266 -0.0101595 0.14965 0.627451 0.627451 0.643137
v -0.00612727 -0.0106128 0.14965 0.627451 0.627451 0.643137
v -0.00537204 -0.0110143 0.14965 0.627451 0.627451 0.643137
v -0.00459063 -0.0113622 0.14965 0.627451 0.627451 0.643137
v -0.00378686 -0.0116548 0.14965 0.627451 0.627451 0.643137
v -0.00296464 -0.0118905 0.14965 0.627451 0.627451 0.643137
v -0.00212798 -0.0120684 0.14965 0.627451 0.627451 0.643137
v -0.00128095 -0.0121874 0.14965 0.627451 0.627451 0.643137
v -0.000427678 -0.0122471 0.14965 0.627451 0.627451 0.643137
v 0.000427678 -0.0122471 0.14965 0.627451 0.627451 0.643137
v 0.00128095 -0.0121874 0.14965 0.627451 0.627451 0.643137
v 0.00212798 -0.0120684 0.14965 0.627451 0.627451 0.643137
v 0.00296464 -0.0118905 0.14965 0.627451 0.627451 0.643137
v 0.00378686 -0.0116548 0.14965 0.627451 0.627451 0.643137
v 0.00459063 -0.0113622 0.14965 0.627451 0.627451 0.643137
v 0.00537204 -0.0110143 0.14965 0.627451 0.627451 0.643137
v 0.00612727 -0.0106128 0.14965 0.627451 0.627451 0.643137
v 0.00685266 -0.0101595 0.14965 0.627451 0.627451 0.643137
v 0.00754465 -0.00965672 0.14965 0.627451 0.627451 0.643137
v 0.00819989 -0.0091069 0.14965 0.627451 0.627451 0.643137
v 0.00881518 -0.00851272 0.14965 0.627451 0.627451 0.643137
v 0.00938753 -0.00787707 0.14965 0.627451 0.627451 0.643137
v 0.00991414 -0.00720304 0.14965 0.627451 0.627451 0.643137
v 0.0103924 -0.00649392 0.14965 0.627451 0.627451 0.643137
v 0.0108201 -0.00575316 0.14965 0.627451 0.627451 0.643137
v 0.0111951 -0.00498437 0.14965 0.627451 0.627451 0.643137
v 0.0115155 -0.0041913 0.14965 0.627451 0.627451 0.643137
v 0.0117798 -0.00337781 0.14965 0.627451 0.627451 0.643137
v 0.0119868 -0.00254786 0.14965 0.627451 0.627451 0.643137
v 0.0121353 -0.0017055 0.14965 0.627451 0.627451 0.643137
v 0.0122247 -0.000854834 0.14965 0.627451 0.627451 0.643137
v 0.0116357 1.16341e-18 0.150466 0.627451 0.627451 0.643137
v 0.0116073 0.000811663 0.150466 0.627451 0.627451 0.643137
v 0.0115224 0.00161937 0.150466 0.627451 0.627451 0.643137
v 0.0113814 0.00241919 0.150466 0.627451 0.627451 0.643137
v 0.0111849 0.00320723 0.150466 0.627451 0.627451 0.643137
v 0.010934 0.00397963 0.150466 0.627451 0.627451 0.643137
v 0.0106297 0.00473265 0.150466 0.627451 0.627451 0.643137
v 0.0102737 0.00546262 0.150466 0.627451 0.627451 0.643137
v 0.00986761 0.00616597 0.150466 0.627451 0.627451 0.643137
v 0.00941345 0.00683927 0.150466 0.627451 0.627451 0.643137
v 0.00891344 0.00747926 0.150466 0.627451 0.627451 0.643137
v 0.00837 0.00808282 0.150466 0.627451 0.627451 0.643137
v 0.00778578 0.00864699 0.150466 0.627451 0.627451 0.643137
v 0.00716363 0.00916903 0.150466 0.627451 0.627451 0.643137
v 0.00650658 0.00964641 0.150466 0.627451 0.627451 0.643137
v 0.00581783 0.0100768 0.150466 0.627451 0.627451 0.643137
v 0.00510074 0.0104581 0.150466 0.627451 0.627451 0.643137
v 0.0043588 0.0107884 0.150466 0.627451 0.627451 0.643137
v 0.00359562 0.0110662 0.150466 0.627451 0.627451 0.643137
v 0.00281492 0.01129 0.150466 0.627451 0.627451 0.643137
v 0.00202051 0.0114589 0.150466 0.627451 0.627451 0.643137
v 0.00121626 0.0115719 0.150466 0.627451 0.627451 0.643137
v 0.000406079 0.0116286 0.150466 0.627451 0.627451 0.643137
v -0.000406079 0.0116286 0.150466 0.627451 0.627451 0.643137
v -0.00121626 0.0115719 0.150466 0.627451 0.627451 0.643137
v -0.00202051 0.0114589 0.150466 0.627451 0.627451 0.643137
v -0.00281492 0.01129 0.150466 0.627451 0.627451 0.643137
v -0.00359562 0.0110662 0.150466 0.627451 0.627451 0.643137
v -0.0043588 0.0107884 0.150466 0.627451 0.627451 0.643137
v -0.00510074 0.0104581 0.150466 0.627451 0.627451 0.643137
v -0.00581783 0.0100768 0.150466 0.627451 0.627451 0.643137
v -0.00650658 0.00964641 0.150466 0.627451 0.627451 0.643137
v -0.00716363 0.00916903 0.150466 0.627451 0.627451 0.643137
v -0.00778578 0.00864699 0.150466 0.627451 0.627451 0.643137
v -0.00837 0.00808282 0.150466 0.627451 0.627451 0.643137
v -0.00891344 0.00747926 0.150466 0.627451 0.627451 0.643137
v -0.00941345 0.00683927 0.150466 0.627451 0.627451 0.643137
v -0.00986761 0.00616597 0.150466 0.627451 0.627451 0.643137
v -0.0102737 0.00546262 0.150466 0.627451 0.627451 0.643137
v -0.0106297 0.00473265 0.150466 0.627451 0.627451 0.643137
v -0.010934 0.00397963 0.150466 0.627451 0.627451 0.643137
v -0.0111849 0.00320723 0.150466 0.627451 0.627451 0.643137
v -0.0113814 0.00241919 0.150466 0.627451 0.627451 0.643137
v -0.0115224 0.00161937 0.150466 0.627451 0.627451 0.643137
v -0.0116073 0.000811663 0.150466 0.627451 0.627451 0.643137
v -0.0116357 -1.42022e-18 0.150466 0.627451 0.627451 0.643137
v -0.0116073 -0.000811663 0.150466 0.627451 0.627451 0.643137
v -0.0115224 -0.00161937 0.150466 0.627451 0.627451 0.643137
v -0.0113814 -0.00241919 0.150466 0.627451 0.627451 0.643137
v -0.0111849 -0.00320723 0.150466 0.627451 0.627451 0.643137
v -0.010934 -0.00397963 0.150466 0.627451 0.627451 0.643137
v -0.0106297 -0.00473265 0.150466 0.627451 0.627451 0.643137
v -0.0102737 -0.00546262 0.150466 0.627451 0.627451 0.643137
v -0.00986761 -0.00616597 0.150466 0.627451 0.627451 0.643137
v -0.00941345 -0.00683927 0.150466 0.627451 0.627451 0.643137
v -0.00891344 -0.00747926 0.150466 0.627451 0.627451 0.643137
v -0.00837 -0.00808282 0.150466 0.627451 0.627451 0.643137
v -0.00778578 -0.00864699 0.150466 0.627451 0.627451 0.643137
v -0.00716363 -0.00916903 0.150466 0.627451 0.627451 0.643137
v -0.00650658 -0.00964641 0.150466 0.627451 0.627451 0.643137
v -0.00581783 -0.0100768 0.150466 0.627451 0.627451 0.643137
v -0.00510074 -0.0104581 0.150466 0.627451 0.627451 0.643137
v -0.0043588 -0.0107884 0.150466 0.627451 0.627451 0.643137
v -0.00359562 -0.0110662 0.150466 0.627451 0.627451 0.643137
v -0.00281492 -0.01129 0.150466 0.627451 0.627451 0.643137
v -0.00202051 -0.0114589 0.150466 0.627451 0.627451 0.643137
v -0.00121626 -0.0115719 0.150466 0.627451 0.627451 0.643137
v -0.000406079 -0.0116286 0.150466 0.627451 0.627451 0.643137
v 0.000406079 -0.0116286 0.150466 0.627451 0.627451 0.643137
v 0.00121626 -0.0115719 0.150466 0.627451 0.627451 0.643137
v 0.00202051 -0.0114589 0.150466 0.627451 0.627451 0.643137
v 0.00281492 -0.01129 0.150466 0.627451 0.627451 0.643137
v 0.00359562 -0.0110662 0.150466 0.627451 0.627451 0.643137
v 0.0043588 -0.0107884 0.150466 0.627451 0.627451 0.643137
v 0.00510074 -0.0104581 0.150466 0.627451 0.627451 0.643137
v 0.00581783 -0.0100768 0.150466 0.627451 0.627451 0.643137
v 0.00650658 -0.00964641 0.150466 0.627451 0.627451 0.643137
v 0.00716363 -0.00916903 0.150466 0.627451 0.627451 0.643137
v 0.00778578 -0.00864699 0.150466 0.627451 0.627451 0.643137
v 0.00837 -0.00808282 0.150466 0.627451 0.627451 0.643137
v 0.00891344 -0.00747926 0.150466 0.627451 0.627451 0.643137
v 0.00941345 -0.00683927 0.150466 0.627451 0.627451 0.643137
v 0.00986761 -0.00616597 0.150466 0.627451 0.627451 0.643137
v 0.0102737 -0.00546262 0.150466 0.627451 0.627451 0.643137
v 0.0106297 -0.00473265 0.150466 0.627451 0.627451 0.643137
v 0.010934 -0.00397963 0.150466 0.627451 0.627451 0.643137
v 0.0111849 -0.00320723 0.150466 0.627451 0.627451 0.643137
v 0.0113814 -0.00241919 0.150466 0.627451 0.627451 0.643137
v 0.0115224 -0.00161937 0.150466 0.627451 0.627451 0.643137
v 0.0116073 -0.000811663 0.150466 0.627451 0.627451 0.643137
v 0.0109625 1.16341e-18 0.151238 0.627451 0.627451 0.643137
v 0.0109358 0.000764708 0.151238 0.627451 0.627451 0.643137
v 0.0108559 0.00152569 0.151238 0.627451 0.627451 0.643137
v 0.010723 0.00227924 0.151238 0.627451 0.627451 0.643137
v 0.0105379 0.00302169 0.151238 0.627451 0.627451 0.643137
v 0.0103014 0.00374941 0.151238 0.627451 0.627451 0.643137
v 0.0100148 0.00445887 0.151238 0.627451 0.627451 0.643137
v 0.00967935 0.0051466 0.151238 0.627451 0.627451 0.643137
v 0.00929676 0.00580926 0.151238 0.627451 0.627451 0.643137
v 0.00886888 0.00644362 0.151238 0.627451 0.627451 0.643137
v 0.00839779 0.00704658 0.151238 0.627451 0.627451 0.643137
v 0.00788579 0.00761522 0.151238 0.627451 0.627451 0.643137
v 0.00733537 0.00814675 0.151238 0.627451 0.627451 0.643137
v 0.00674921 0.0086386 0.151238 0.627451 0.627451 0.643137
v 0.00613017 0.00908836 0.151238 0.627451 0.627451 0.643137
v 0.00548127 0.00949384 0.151238 0.627451 0.627451 0.643137
v 0.00480566 0.00985307 0.151238 0.627451 0.627451 0.643137
v 0.00410664 0.0101643 0.151238 0.627451 0.627451 0.643137
v 0.00338761 0.010426 0.151238 0.627451 0.627451 0.643137
v 0.00265208 0.0106369 0.151238 0.627451 0.627451 0.643137
v 0.00190363 0.010796 0.151238 0.627451 0.627451 0.643137
v 0.0011459 0.0109025 0.151238 0.627451 0.627451 0.643137
v 0.000382587 0.0109559 0.151238 0.627451 0.627451 0.643137
v -0.000382587 0.0109559 0.151238 0.627451 0.627451 0.643137
v -0.0011459 0.0109025 0.151238 0.627451 0.627451 0.643137
v -0.00190363 0.010796 0.151238 0.627451 0.627451 0.643137
v -0.00265208 0.0106369 0.151238 0.627451 0.627451 0.643137
v -0.00338761 0.010426 0.151238 0.627451 0.627451 0.643137
v -0.00410664 0.0101643 0.151238 0.627451 0.627451 0.643137
v -0.00480566 0.00985307 0.151238 0.627451 0.627451 0.643137
v -0.00548127 0.00949384 0.151238 0.627451 0.627451 0.643137
v -0.00613017 0.00908836 0.151238 0.627451 0.627451 0.643137
v -0.00674921 0.0086386 0.151238 0.627451 0.627451 0.643137
v -0.00733537 0.00814675 0.151238 0.627451 0.627451 0.643137
v -0.00788579 0.00761522 0.151238 0.627451 0.627451 0.643137
v -0.00839779 0.00704658 0.151238 0.627451 0.627451 0.643137
v -0.00886888 0.00644362 0.151238 0.627451 0.627451 0.643137
v -0.00929676 0.00580926 0.151238 0.627451 0.627451 0.643137
v -0.00967935 0.0051466 0.151238 0.627451 0.627451 0.643137
v -0.0100148 0.00445887 0.151238 0.627451 0.627451 0.643137
v -0.0103014 0.00374941 0.151238 0.627451 0.627451 0.643137
v -0.0105379 0.00302169 0.151238 0.627451 0.627451 0.643137
v -0.010723 0.00227924 0.151238 0.627451 0.627451 0.643137
v -0.0108559 0.00152569 0.151238 0.627451 0.627451 0.643137
v -0.0109358 0.000764708 0.151238 0.627451 0.627451 0.643137
v -0.0109625 -1.27076e-18 0.151238 0.627451 0.627451 0.643137
v -0.0109358 -0.000764708 0.151238 0.627451 0.627451 0.643137
v -0.0108559 -0.00152569 0.151238 0.627451 0.627451 0.643137
v -0.010723 -0.00227924 0.151238 0.627451 0.627451 0.643137
v -0.0105379 -0.00302169 0.151238 0.627451 0.627451 0.643137
v -0.0103014 -0.00374941 0.151238 0.627451 0.627451 0.643137
v -0.0100148 -0.00445887 0.151238 0.627451 0.627451 0.643137
v -0.00967935 -0.0051466 0.151238 0.627451 0.627451 0.643137
v -0.00929676 -0.00580926 0.151238 0.627451 0.627451 0.643137
v -0.00886888 -0.00644362 0.151238 0.627451 0.627451 0.643137
v -0.00839779 -0.00704658 0.151238 0.627451 0.627451 0.643137
v -0.00788579 -0.00761522 0.151238 0.627451 0.627451 0.643137
v -0.00733537 -0.00814675 0.151238 0.627451 0.627451 0.643137
v -0.00674921 -0.0086386 0.151238 0.627451 0.627451 0.643137
v -0.00613017 -0.00908836 0.151238 0.627451 0.627451 0.643137
v -0.00548127 -0.00949384 0.151238 0.627451 0.627451 0.643137
v -0.00480566 -0.00985307 0.151238 0.627451 0.627451 0.643137
v -0.00410664 -0.0101643 0.151238 0.627451 0.627451 0.643137
v -0.00338761 -0.010426 0.151238 0.627451 0.627451 0.643137
v -0.00265208 -0.0106369 0.151238 0.627451 0.627451 0.643137
v -0.00190363 -0.010796 0.151238 0.627451 0.627451 0.643137
v -0.0011459 -0.0109025 0.151238 0.627451 0.627451 0.643137
v -0.000382587 -0.0109559 0.151238 0.627451 0.627451 0.643137
v 0.000382587 -0.0109559 0.151238 0.627451 0.627451 0.643137
v 0.0011459 -0.0109025 0.151238 0.627451 0.627451 0.643137
v 0.00190363 -0.010796 0.151238 0.627451 0.627451 0.643137
v 0.00265208 -0.0106369 0.151238 0.627451 0.627451 0.643137
v 0.00338761 -0.010426 0.151238 0.627451 0.627451 0.643137
v 0.00410664 -0.0101643 0.151238 0.627451 0.627451 0.643137
v 0.00480566 -0.00985307 0.151238 0.627451 0.627451 0.643137
v 0.00548127 -0.00949384 0.151238 0.627451 0.627451 0.643137
v 0.00613017 -0.00908836 0.151238 0.627451 0.627451 0.643137
v 0.00674921 -0.0086386 0.151238 0.627451 0.627451 0.643137
v 0.00733537 -0.00814675 0.151238 0.627451 0.627451 0.643137
v 0.00788579 -0.00761522 0.151238 0.627451 0.627451 0.643137
v 0.00839779 -0.00704658 0.151238 0.627451 0.627451 0.643137
v 0.00886888 -0.00644362 0.151238 0.627451 0.627451 0.643137
v 0.00929676 -0.00580926 0.151238 0.627451 0.627451 0.643137
v 0.00967935 -0.0051466 0.151238 0.627451 0.627451 0.643137
v 0.0100148 -0.00445887 0.151238 0.627451 0.627451 0.643137
v 0.0103014 -0.00374941 0.151238 0.627451 0.627451 0.643137
v 0.0105379 -0.00302169 0.151238 0.627451 0.627451 0.643137
v 0.010723 -0.00227924 0.151238 0.627451 0.627451 0.643137
v 0.0108559 -0.00152569 0.151238 0.627451 0.627451 0.643137
v 0.0109358 -0.000764708 0.151238 0.627451 0.627451 0.643137
v 0.0102383 1.16341e-18 0.151963 0.627451 0.627451 0.643137
v 0.0102134 0.000714188 0.151963 0.627451 0.627451 0.643137
v 0.0101387 0.0014249 0.151963 0.627451 0.627451 0.643137
v 0.0100146 0.00212866 0.151963 0.627451 0.627451 0.643137
v 0.00984168 0.00282206 0.151963 0.627451 0.627451 0.643137
v 0.00962085 0.0035017 0.151963 0.627451 0.627451 0.643137
v 0.00935315 0.00416429 0.151963 0.627451 0.627451 0.643137
v 0.00903988 0.00480659 0.151963 0.627451 0.627451 0.643137
v 0.00868257 0.00542547 0.151963 0.627451 0.627451 0.643137
v 0.00828296 0.00601792 0.151963 0.627451 0.627451 0.643137
v 0.00784299 0.00658105 0.151963 0.627451 0.627451 0.643137
v 0.00736481 0.00711212 0.151963 0.627451 0.627451 0.643137
v 0.00685076 0.00760854 0.151963 0.627451 0.627451 0.643137
v 0.00630333 0.00806789 0.151963 0.627451 0.627451 0.643137
v 0.00572518 0.00848793 0.151963 0.627451 0.627451 0.643137
v 0.00511915 0.00886663 0.151963 0.627451 0.627451 0.643137
v 0.00448817 0.00920212 0.151963 0.627451 0.627451 0.643137
v 0.00383533 0.00949278 0.151963 0.627451 0.627451 0.643137
v 0.00316381 0.0097372 0.151963 0.627451 0.627451 0.643137
v 0.00247687 0.00993418 0.151963 0.627451 0.627451 0.643137
v 0.00177786 0.0100828 0.151963 0.627451 0.627451 0.643137
v 0.00107019 0.0101822 0.151963 0.627451 0.627451 0.643137
v 0.000357311 0.0102321 0.151963 0.627451 0.627451 0.643137
v -0.000357311 0.0102321 0.151963 0.627451 0.627451 0.643137
v -0.00107019 0.0101822 0.151963 0.627451 0.627451 0.643137
v -0.00177786 0.0100828 0.151963 0.627451 0.627451 0.643137
v -0.00247687 0.00993418 0.151963 0.627451 0.627451 0.643137
v -0.00316381 0.0097372 0.151963 0.627451 0.627451 0.643137
v -0.00383533 0.00949278 0.151963 0.627451 0.627451 0.643137
v -0.00448817 0.00920212 0.151963 0.627451 0.627451 0.643137
v -0.00511915 0.00886663 0.151963 0.627451 0.627451 0.643137
v -0.00572518 0.00848793 0.151963 0.627451 0.627451 0.643137
v -0.00630333 0.00806789 0.151963 0.627451 0.627451 0.643137
v -0.00685076 0.00760854 0.151963 0.627451 0.627451 0.643137
v -0.00736481 0.00711212 0.151963 0.627451 0.627451 0.643137
v -0.00784299 0.00658105 0.151963 0.627451 0.627451 0.643137
v -0.00828296 0.00601792 0.151963 0.627451 0.627451 0.643137
v -0.00868257 0.00542547 0.151963 0.627451 0.627451 0.643137
v -0.00903988 0.00480659 0.151963 0.627451 0.627451 0.643137
v -0.00935315 0.00416429 0.151963 0.627451 0.627451 0.643137
v -0.00962085 0.0035017 0.151963 0.627451 0.627451 0.643137
v -0.00984168 0.00282206 0.151963 0.627451 0.627451 0.643137
v -0.0100146 0.00212866 0.151963 0.627451 0.627451 0.643137
v -0.0101387 0.0014249 0.151963 0.627451 0.627451 0.643137
v -0.0102134 0.000714188 0.151963 0.627451 0.627451 0.643137
v -0.0102383 -1.10994e-18 0.151963 0.627451 0.627451 0.643137
v -0.0102134 -0.000714188 0.151963 0.627451 0.627451 0.643137
v -0.0101387 -0.0014249 0.151963 0.627451 0.627451 0.643137
v -0.0100146 -0.00212866 0.151963 0.627451 0.627451 0.643137
v -0.00984168 -0.00282206 0.151963 0.627451 0.627451 0.643137
v -0.00962085 -0.0035017 0.151963 0.627451 0.627451 0.643137
v -0.00935315 -0.00416429 0.151963 0.627451 0.627451 0.643137
v -0.00903988 -0.00480659 0.151963 0.627451 0.627451 0.643137
v -0.00868257 -0.00542547 0.151963 0.627451 0.627451 0.643137
v -0.00828296 -0.00601792 0.151963 0.627451 0.627451 0.643137
v -0.00784299 -0.00658105 0.151963 0.627451 0.627451 0.643137
v -0.00736481 -0.00711212 0.151963 0.627451 0.627451 0.643137
v -0.00685076 -0.00760854 0.151963 0.627451 0.627451 0.643137
v -0.00630333 -0.00806789 0.151963 0.627451 0.627451 0.643137
v -0.00572518 -0.00848793 0.151963 0.627451 0.627451 0.643137
v -0.00511915 -0.00886663 0.151963 0.627451 0.627451 0.643137
v -0.00448817 -0.00920212 0.151963 0.627451 0.627451 0.643137
v -0.00383533 -0.00949278 0.151963 0.627451 0.627451 0.643137
v -0.00316381 -0.0097372 0.151963 0.627451 0.627451 0.643137
v -0.00247687 -0.00993418 0.151963 0.627451 0.627451 0.643137
v -0.00177786 -0.0100828 0.151963 0.627451 0.627451 0.643137
v -0.00107019 -0.0101822 0.151963 0.627451 0.627451 0.643137
v -0.000357311 -0.0102321 0.151963 0.627451 0.627451 0.643137
v 0.000357311 -0.0102321 0.151963 0.627451 0.627451 0.643137
v 0.00107019 -0.0101822 0.151963 0.627451 0.627451 0.643137
v 0.00177786 -0.0100828 0.151963 0.627451 0.627451 0.643137
v 0.00247687 -0.00993418 0.151963 0.627451 0.627451 0.643137
v 0.00316381 -0.0097372 0.151963 0.627451 0.627451 0.643137
v 0.00383533 -0.00949278 0.151963 0.627451 0.627451 0.643137
v 0.00448817 -0.00920212 0.151963 0.627451 0.627451 0.643137
v 0.00511915 -0.00886663 0.151963 0.627451 0.627451 0.643137
v 0.00572518 -0.00848793 0.151963 0.627451 0.627451 0.643137
v 0.00630333 -0.00806789 0.151963 0.627451 0.627451 0.643137
v 0.00685076 -0.00760854 0.151963 0.627451 0.627451 0.643137
v 0.00736481 -0.00711212 0.151963 0.627451 0.627451 0.643137
v 0.00784299 -0.00658105 0.151963 0.627451 0.627451 0.643137
v 0.00828296 -0.00601792 0.151963 0.627451 0.627451 0.643137
v 0.00868257 -0.00542547 0.151963 0.627451 0.627451 0.643137
v 0.00903988 -0.00480659 0.151963 0.627451 0.627451 0.643137
v 0.00935315 -0.00416429 0.151963 0.627451 0.627451 0.643137
v 0.00962085 -0.0035017 0.151963 0.627451 0.627451 0.643137
v 0.00984168 -0.00282206 0.151963 0.627451 0.627451 0.643137
v 0.0100146 -0.00212866 0.151963 0.627451 0.627451 0.643137
v 0.0101387 -0.0014249 0.151963 0.627451 0.627451 0.643137
v 0.0102134 -0.000714188 0.151963 0.627451 0.627451 0.643137
v 0.00946632 1.16341e-18 0.152636 0.627451 0.627451 0.643137
v 0.00944326 0.000660337 0.152636 0.627451 0.627451 0.643137
v 0.00937419 0.00131746 0.152636 0.627451 0.627451 0.643137
v 0.00925946 0.00196816 0.152636 0.627451 0.627451 0.643137
v 0.00909961 0.00260927 0.152636 0.627451 0.627451 0.643137
v 0.00889543 0.00323767 0.152636 0.627451 0.627451 0.643137
v 0.00864791 0.0038503 0.152636 0.627451 0.627451 0.643137
v 0.00835826 0.00444417 0.152636 0.627451 0.627451 0.643137
v 0.00802789 0.00501638 0.152636 0.627451 0.627451 0.643137
v 0.00765841 0.00556416 0.152636 0.627451 0.627451 0.643137
v 0.00725162 0.00608483 0.152636 0.627451 0.627451 0.643137
v 0.0068095 0.00657586 0.152636 0.627451 0.627451 0.643137
v 0.0063342 0.00703485 0.152636 0.627451 0.627451 0.643137
v 0.00582805 0.00745956 0.152636 0.627451 0.627451 0.643137
v 0.0052935 0.00784793 0.152636 0.627451 0.627451 0.643137
v 0.00473316 0.00819807 0.152636 0.627451 0.627451 0.643137
v 0.00414976 0.00850827 0.152636 0.627451 0.627451 0.643137
v 0.00354615 0.00877702 0.152636 0.627451 0.627451 0.643137
v 0.00292525 0.009003 0.152636 0.627451 0.627451 0.643137
v 0.00229011 0.00918513 0.152636 0.627451 0.627451 0.643137
v 0.00164381 0.0093225 0.152636 0.627451 0.627451 0.643137
v 0.0009895 0.00941446 0.152636 0.627451 0.627451 0.643137
v 0.00033037 0.00946055 0.152636 0.627451 0.627451 0.643137
v -0.00033037 0.00946055 0.152636 0.627451 0.627451 0.643137
v -0.0009895 0.00941446 0.152636 0.627451 0.627451 0.643137
v -0.00164381 0.0093225 0.152636 0.627451 0.627451 0.643137
v -0.00229011 0.00918513 0.152636 0.627451 0.627451 0.643137
v -0.00292525 0.009003 0.152636 0.627451 0.627451 0.643137
v -0.00354615 0.00877702 0.152636 0.627451 0.627451 0.643137
v -0.00414976 0.00850827 0.152636 0.627451 0.627451 0.643137
v -0.00473316 0.00819807 0.152636 0.627451 0.627451 0.643137
v -0.0052935 0.00784793 0.152636 0.627451 0.627451 0.643137
v -0.00582805 0.00745956 0.152636 0.627451 0.627451 0.643137
v -0.0063342 0.00703485 0.152636 0.627451 0.627451 0.643137
v -0.0068095 0.00657586 0.152636 0.627451 0.627451 0.643137
v -0.00725162 0.00608483 0.152636 0.627451 0.627451 0.643137
v -0.00765841 0.00556416 0.152636 0.627451 0.627451 0.643137
v -0.00802789 0.00501638 0.152636 0.627451 0.627451 0.643137
v -0.00835826 0.00444417 0.152636 0.627451 0.627451 0.643137
v -0.00864791 0.0038503 0.152636 0.627451 0.627451 0.643137
v -0.00889543 0.00323767 0.152636 0.627451 0.627451 0.643137
v -0.00909961 0.00260927 0.152636 0.627451 0.627451 0.643137
v -0.00925946 0.00196816 0.152636 0.627451 0.627451 0.643137
v -0.00937419 0.00131746 0.152636 0.627451 0.627451 0.643137
v -0.00944326 0.000660337 0.152636 0.627451 0.627451 0.643137
v -0.00946632 -9.38531e-19 0.152636 0.627451 0.627451 0.643137
v -0.00944326 -0.000660337 0.152636 0.627451 0.627451 0.643137
v -0.00937419 -0.00131746 0.152636 0.627451 0.627451 0.643137
v -0.00925946 -0.00196816 0.152636 0.627451 0.627451 0.643137
v -0.00909961 -0.00260927 0.152636 0.627451 0.627451 0.643137
v -0.00889543 -0.00323767 0.152636 0.627451 0.627451 0.643137
v -0.00864791 -0.0038503 0.152636 0.627451 0.627451 0.643137
v -0.00835826 -0.00444417 0.152636 0.627451 0.627451 0.643137
v -0.00802789 -0.00501638 0.152636 0.627451 0.627451 0.643137
v -0.00765841 -0.00556416 0.152636 0.627451 0.627451 0.643137
v -0.00725162 -0.00608483 0.152636 0.627451 0.627451 0.643137
v -0.0068095 -0.00657586 0.152636 0.627451 0.627451 0.643137
v -0.0063342 -0.00703485 0.152636 0.627451 0.627451 0.643137
v -0.00582805 -0.00745956 0.152636 0.627451 0.627451 0.643137
v -0.0052935 -0.00784793 0.152636 0.627451 0.627451 0.643137
v -0.00473316 -0.00819807 0.152636 0.627451 0.627451 0.643137
v -0.00414976 -0.00850827 0.152636 0.627451 0.627451 0.643137
v -0.00354615 -0.00877702 0.152636 0.627451 0.627451 0.643137
v -0.00292525 -0.009003 0.152636 0.627451 0.627451 0.643137
v -0.00229011 -0.00918513 0.152636 0.627451 0.627451 0.643137
v -0.00164381 -0.0093225 0.152636 0.627451 0.627451 0.643137
v -0.0009895 -0.00941446 0.152636 0.627451 0.627451 0.643137
v -0.00033037 -0.00946055 0.152636 0.627451 0.627451 0.643137
v 0.00033037 -0.00946055 0.152636 0.627451 0.627451 0.643137
v 0.0009895 -0.00941446 0.152636 0.627451 0.627451 0.643137
v 0.00164381 -0.0093225 0.152636 0.627451 0.627451 0.643137
v 0.00229011 -0.00918513 0.152636 0.627451 0.627451 0.643137
v 0.00292525 -0.009003 0.152636 0.627451 0.627451 0.643137
v 0.00354615 -0.00877702 0.152636 0.627451 0.627451 0.643137
v 0.00414976 -0.00850827 0.152636 0.627451 0.627451 0.643137
v 0.00473316 -0.00819807 0.152636 0.627451 0.627451 0.643137
v 0.0052935 -0.00784793 0.152636 0.627451 0.627451 0.643137
v 0.00582805 -0.00745956 0.152636 0.627451 0.627451 0.643137
v 0.0063342 -0.00703485 0.152636 0.627451 0.627451 0.643137
v 0.0068095 -0.00657586 0.152636 0.627451 0.627451 0.643137
v 0.00725162 -0.00608483 0.152636 0.627451 0.627451 0.643137
v 0.00765841 -0.00556416 0.152636 0.627451 0.627451 0.643137
v 0.00802789 -0.00501638 0.152636 0.627451 0.627451 0.643137
v 0.00835826 -0.00444417 0.152636 0.627451 0.627451 0.643137
v 0.00864791 -0.0038503 0.152636 0.627451 0.627451 0.643137
v 0.00889543 -0.00323767 0.152636 0.627451 0.627451 0.643137
v 0.00909961 -0.00260927 0.152636 0.627451 0.627451 0.643137
v 0.00925946 -0.00196816 0.152636 0.627451 0.627451 0.643137
v 0.00937419 -0.00131746 0.152636 0.627451 0.627451 0.643137
v 0.00944326 -0.000660337 0.152636 0.627451 0.627451 0.643137
v 0.0086502 1.16341e-18 0.153255 0.627451 0.627451 0.643137
v 0.00862913 0.000603408 0.153255 0.627451 0.627451 0.643137
v 0.00856602 0.00120388 0.153255 0.627451 0.627451 0.643137
v 0.00846118 0.00179848 0.153255 0.627451 0.627451 0.643137
v 0.00831511 0.00238432 0.153255 0.627451 0.627451 0.643137
v 0.00812853 0.00295854 0.153255 0.627451 0.627451 0.643137
v 0.00790236 0.00351836 0.153255 0.627451 0.627451 0.643137
v 0.00763768 0.00406103 0.153255 0.627451 0.627451 0.643137
v 0.00733579 0.00458391 0.153255 0.627451 0.627451 0.643137
v 0.00699816 0.00508446 0.153255 0.627451 0.627451 0.643137
v 0.00662644 0.00556024 0.153255 0.627451 0.627451 0.643137
v 0.00622244 0.00600894 0.153255 0.627451 0.627451 0.643137
v 0.00578812 0.00642835 0.153255 0.627451 0.627451 0.643137
v 0.0053256 0.00681645 0.153255 0.627451 0.627451 0.643137
v 0.00483713 0.00717134 0.153255 0.627451 0.627451 0.643137
v 0.0043251 0.0074913 0.153255 0.627451 0.627451 0.643137
v 0.003792 0.00777475 0.153255 0.627451 0.627451 0.643137
v 0.00324042 0.00802033 0.153255 0.627451 0.627451 0.643137
v 0.00267306 0.00822683 0.153255 0.627451 0.627451 0.643137
v 0.00209267 0.00839326 0.153255 0.627451 0.627451 0.643137
v 0.00150209 0.00851879 0.153255 0.627451 0.627451 0.643137
v 0.000904193 0.00860282 0.153255 0.627451 0.627451 0.643137
v 0.000301888 0.00864494 0.153255 0.627451 0.627451 0.643137
v -0.000301888 0.00864494 0.153255 0.627451 0.627451 0.643137
v -0.000904193 0.00860282 0.153255 0.627451 0.627451 0.643137
v -0.00150209 0.00851879 0.153255 0.627451 0.627451 0.643137
v -0.00209267 0.00839326 0.153255 0.627451 0.627451 0.643137
v -0.00267306 0.00822683 0.153255 0.627451 0.627451 0.643137
v -0.00324042 0.00802033 0.153255 0.627451 0.627451 0.643137
v -0.003792 0.00777475 0.153255 0.627451 0.627451 0.643137
v -0.0043251 0.0074913 0.153255 0.627451 0.627451 0.643137
v -0.00483713 0.00717134 0.153255 0.627451 0.627451 0.643137
v -0.0053256 0.00681645 0.153255 0.627451 0.627451 0.643137
v -0.00578812 0.00642835 0.153255 0.627451 0.627451 0.643137
v -0.00622244 0.00600894 0.153255 0.627451 0.627451 0.643137
v -0.00662644 0.00556024 0.153255 0.627451 0.627451 0.643137
v -0.00699816 0.00508446 0.153255 0.627451 0.627451 0.643137
v -0.00733579 0.00458391 0.153255 0.627451 0.627451 0.643137
v -0.00763768 0.00406103 0.153255 0.627451 0.627451 0.643137
v -0.00790236 0.00351836 0.153255 0.627451 0.627451 0.643137
v -0.00812853 0.00295854 0.153255 0.627451 0.627451 0.643137
v -0.00831511 0.00238432 0.153255 0.627451 0.627451 0.643137
v -0.00846118 0.00179848 0.153255 0.627451 0.627451 0.643137
v -0.00856602 0.00120388 0.153255 0.627451 0.627451 0.643137
v -0.00862913 0.000603408 0.153255 0.627451 0.627451 0.643137
v -0.0086502 -7.57317e-19 0.153255 0.627451 0.627451 0.643137
v -0.00862913 -0.000603408 0.153255 0.627451 0.627451 0.643137
v -0.00856602 -0.00120388 0.153255 0.627451 0.627451 0.643137
v -0.00846118 -0.00179848 0.153255 0.627451 0.627451 0.643137
v -0.00831511 -0.00238432 0.153255 0.627451 0.627451 0.643137
v -0.00812853 -0.00295854 0.153255 0.627451 0.627451 0.643137
v -0.00790236 -0.00351836 0.153255 0.627451 0.627451 0.643137
v -0.00763768 -0.00406103 0.153255 0.627451 0.627451 0.643137
v -0.00733579 -0.00458391 0.153255 0.627451 0.627451 0.643137
v -0.00699816 -0.00508446 0.153255 0.627451 0.627451 0.643137
v -0.00662644 -0.00556024 0.153255 0.627451 0.627451 0.643137
v -0.00622244 -0.00600894 0.153255 0.627451 0.627451 0.643137
v -0.00578812 -0.00642835 0.153255 0.627451 0.627451 0.643137
v -0.0053256 -0.00681645 0.153255 0.627451 0.627451 0.643137
v -0.00483713 -0.00717134 0.153255 0.627451 0.627451 0.643137
v -0.0043251 -0.0074913 0.153255 0.627451 0.627451 0.643137
v -0.003792 -0.00777475 0.153255 0.627451 0.627451 0.643137
v -0.00324042 -0.00802033 0.153255 0.627451 0.627451 0.643137
v -0.00267306 -0.00822683 0.153255 0.627451 0.627451 0.643137
v -0.00209267 -0.00839326 0.153255 0.627451 0.627451 0.643137
v -0.00150209 -0.00851879 0.153255 0.627451 0.627451 0.643137
v -0.000904193 -0.00860282 0.153255 0.627451 0.627451 0.643137
v -0.000301888 -0.00864494 0.153255 0.627451 0.627451 0.643137
v 0.000301888 -0.00864494 0.153255 0.627451 0.627451 0.643137
v 0.000904193 -0.00860282 0.153255 0.627451 0.627451 0.643137
v 0.00150209 -0.00851879 0.153255 0.627451 0.627451 0.643137
v 0.00209267 -0.00839326 0.153255 0.627451 0.627451 0.643137
v 0.00267306 -0.00822683 0.153255 0.627451 0.627451 0.643137
v 0.00324042 -0.00802033 0.153255 0.627451 0.627451 0.643137
v 0.003792 -0.00777475 0.153255 0.627451 0.627451 0.643137
v 0.0043251 -0.0074913 0.153255 0.627451 0.627451 0.643137
v 0.00483713 -0.00717134 0.153255 0.627451 0.627451 0.643137
v 0.0053256 -0.00681645 0.153255 0.627451 0.627451 0.643137
v 0.00578812 -0.00642835 0.153255 0.627451 0.627451 0.643137
v 0.00622244 -0.00600894 0.153255 0.627451 0.627451 0.643137
v 0.00662644 -0.00556024 0.153255 0.627451 0.627451 0.643137
v 0.00699816 -0.00508446 0.153255 0.627451 0.627451 0.643137
v 0.00733579 -0.00458391 0.153255 0.627451 0.627451 0.643137
v 0.00763768 -0.00406103 0.153255 0.627451 0.627451 0.643137
v 0.00790236 -0.00351836 0.153255 0.627451 0.627451 0.643137
v 0.00812853 -0.00295854 0.153255 0.627451 0.627451 0.643137
v 0.00831511 -0.00238432 0.153255 0.627451 0.627451 0.643137
v 0.00846118 -0.00179848 0.153255 0.627451 0.627451 0.643137
v 0.00856602 -0.00120388 0.153255 0.627451 0.627451 0.643137
v 0.00862913 -0.000603408 0.153255 0.627451 0.627451 0.643137
v 0.00779376 1.16341e-18 0.153816 0.627451 0.627451 0.643137
v 0.00777477 0.000543665 0.153816 0.627451 0.627451 0.643137
v 0.00771791 0.00108468 0.153816 0.627451 0.627451 0.643137
v 0.00762345 0.00162041 0.153816 0.627451 0.627451 0.643137
v 0.00749184 0.00214825 0.153816 0.627451 0.627451 0.643137
v 0.00732374 0.00266562 0.153816 0.627451 0.627451 0.643137
v 0.00711995 0.00317001 0.153816 0.627451 0.627451 0.643137
v 0.00688148 0.00365895 0.153816 0.627451 0.627451 0.643137
v 0.00660948 0.00413006 0.153816 0.627451 0.627451 0.643137
v 0.00630528 0.00458106 0.153816 0.627451 0.627451 0.643137
v 0.00597037 0.00500973 0.153816 0.627451 0.627451 0.643137
v 0.00560636 0.005414 0.153816 0.627451 0.627451 0.643137
v 0.00521504 0.00579189 0.153816 0.627451 0.627451 0.643137
v 0.00479832 0.00614157 0.153816 0.627451 0.627451 0.643137
v 0.00435821 0.00646132 0.153816 0.627451 0.627451 0.643137
v 0.00389688 0.00674959 0.153816 0.627451 0.627451 0.643137
v 0.00341656 0.00700498 0.153816 0.627451 0.627451 0.643137
v 0.00291959 0.00722625 0.153816 0.627451 0.627451 0.643137
v 0.0024084 0.00741231 0.153816 0.627451 0.627451 0.643137
v 0.00188548 0.00756225 0.153816 0.627451 0.627451 0.643137
v 0.00135337 0.00767535 0.153816 0.627451 0.627451 0.643137
v 0.00081467 0.00775106 0.153816 0.627451 0.627451 0.643137
v 0.000271998 0.00778901 0.153816 0.627451 0.627451 0.643137
v -0.000271998 0.00778901 0.153816 0.627451 0.627451 0.643137
v -0.00081467 0.00775106 0.153816 0.627451 0.627451 0.643137
v -0.00135337 0.00767535 0.153816 0.627451 0.627451 0.643137
v -0.00188548 0.00756225 0.153816 0.627451 0.627451 0.643137
v -0.0024084 0.00741231 0.153816 0.627451 0.627451 0.643137
v -0.00291959 0.00722625 0.153816 0.627451 0.627451 0.643137
v -0.00341656 0.00700498 0.153816 0.627451 0.627451 0.643137
v -0.00389688 0.00674959 0.153816 0.627451 0.627451 0.643137
v -0.00435821 0.00646132 0.153816 0.627451 0.627451 0.643137
v -0.00479832 0.00614157 0.153816 0.627451 0.627451 0.643137
v -0.00521504 0.00579189 0.153816 0.627451 0.627451 0.643137
v -0.00560636 0.005414 0.153816 0.627451 0.627451 0.643137
v -0.00597037 0.00500973 0.153816 0.627451 0.627451 0.643137
v -0.00630528 0.00458106 0.153816 0.627451 0.627451 0.643137
v -0.00660948 0.00413006 0.153816 0.627451 0.627451 0.643137
v -0.00688148 0.00365895 0.153816 0.627451 0.627451 0.643137
v -0.00711995 0.00317001 0.153816 0.627451 0.627451 0.643137
v -0.00732374 0.00266562 0.153816 0.627451 0.627451 0.643137
v -0.00749184 0.00214825 0.153816 0.627451 0.627451 0.643137
v -0.00762345 0.00162041 0.153816 0.627451 0.627451 0.643137
v -0.00771791 0.00108468 0.153816 0.627451 0.627451 0.643137
v -0.00777477 0.000543665 0.153816 0.627451 0.627451 0.643137
v -0.00779376 -5.67148e-19 0.153816 0.627451 0.627451 0.643137
v -0.00777477 -0.000543665 0.153816 0.627451 0.627451 0.643137
v -0.00771791 -0.00108468 0.153816 0.627451 0.627451 0.643137
v -0.00762345 -0.00162041 0.153816 0.627451 0.627451 0.643137
v -0.00749184 -0.00214825 0.153816 0.627451 0.627451 0.643137
v -0.00732374 -0.00266562 0.153816 0.627451 0.627451 0.643137
v -0.00711995 -0.00317001 0.153816 0.627451 0.627451 0.643137
v -0.00688148 -0.00365895 0.153816 0.627451 0.627451 0.643137
v -0.00660948 -0.00413006 0.153816 0.627451 0.627451 0.643137
v -0.00630528 -0.00458106 0.153816 0.627451 0.627451 0.643137
v -0.00597037 -0.00500973 0.153816 0.627451 0.627451 0.643137
v -0.00560636 -0.005414 0.153816 0.627451 0.627451 0.643137
v -0.00521504 -0.00579189 0.153816 0.627451 0.627451 0.643137
v -0.00479832 -0.00614157 0.153816 0.627451 0.627451 0.643137
v -0.00435821 -0.00646132 0.153816 0.627451 0.627451 0.643137
v -0.00389688 -0.00674959 0.153816 0.627451 0.627451 0.643137
v -0.00341656 -0.00700498 0.153816 0.627451 0.627451 0.643137
v -0.00291959 -0.00722625 0.153816 0.627451 0.627451 0.643137
v -0.0024084 -0.00741231 0.153816 0.627451 0.627451 0.643137
v -0.00188548 -0.00756225 0.153816 0.627451 0.627451 0.643137
v -0.00135337 -0.00767535 0.153816 0.627451 0.627451 0.643137
v -0.00081467 -0.00775106 0.153816 0.627451 0.627451 0.643137
v -0.000271998 -0.00778901 0.153816 0.627451 0.627451 0.643137
v 0.000271998 -0.00778901 0.153816 0.627451 0.627451 0.643137
v 0.00081467 -0.00775106 0.153816 0.627451 0.627451 0.643137
v 0.00135337 -0.00767535 0.153816 0.627451 0.627451 0.643137
v 0.00188548 -0.00756225 0.153816 0.627451 0.627451 0.643137
v 0.0024084 -0.00741231 0.153816 0.627451 0.627451 0.643137
v 0.00291959 -0.00722625 0.153816 0.627451 0.627451 0.643137
v 0.00341656 -0.00700498 0.153816 0.627451 0.627451 0.643137
v 0.00389688 -0.00674959 0.153816 0.627451 0.627451 0.643137
v 0.00435821 -0.00646132 0.153816 0.627451 0.627451 0.643137
v 0.00479832 -0.00614157 0.153816 0.627451 0.627451 0.643137
v 0.00521504 -0.00579189 0.153816 0.627451 0.627451 0.643137
v 0.00560636 -0.005414 0.153816 0.627451 0.627451 0.643137
v 0.00597037 -0.00500973 0.153816 0.627451 0.627451 0.643137
v 0.00630528 -0.00458106 0.153816 0.627451 0.627451 0.643137
v 0.00660948 -0.00413006 0.153816 0.627451 0.627451 0.643137
v 0.00688148 -0.00365895 0.153816 0.627451 0.627451 0.643137
v 0.00711995 -0.00317001 0.153816 0.627451 0.627451 0.643137
v 0.00732374 -0.00266562 0.153816 0.627451 0.627451 0.643137
v 0.00749184 -0.00214825 0.153816 0.627451 0.627451 0.643137
v 0.00762345 -0.00162041 0.153816 0.627451 0.627451 0.643137
v 0.00771791 -0.00108468 0.153816 0.627451 0.627451 0.643137
v 0.00777477 -0.000543665 0.153816 0.627451 0.627451 0.643137
v 0.00690098 1.16341e-18 0.154318 0.627451 0.627451 0.643137
v 0.00688417 0.000481388 0.154318 0.627451 0.627451 0.643137
v 0.00683382 0.00096043 0.154318 0.627451 0.627451 0.643137
v 0.00675017 0.00143479 0.154318 0.627451 0.627451 0.643137
v 0.00663364 0.00190217 0.154318 0.627451 0.627451 0.643137
v 0.0064848 0.00236027 0.154318 0.627451 0.627451 0.643137
v 0.00630435 0.00280688 0.154318 0.627451 0.627451 0.643137
v 0.0060932 0.00323981 0.154318 0.627451 0.627451 0.643137
v 0.00585236 0.00365696 0.154318 0.627451 0.627451 0.643137
v 0.00558301 0.00405629 0.154318 0.627451 0.627451 0.643137
v 0.00528645 0.00443586 0.154318 0.627451 0.627451 0.643137
v 0.00496415 0.00479382 0.154318 0.627451 0.627451 0.643137
v 0.00461765 0.00512842 0.154318 0.627451 0.627451 0.643137
v 0.00424866 0.00543804 0.154318 0.627451 0.627451 0.643137
v 0.00385898 0.00572117 0.154318 0.627451 0.627451 0.643137
v 0.00345049 0.00597642 0.154318 0.627451 0.627451 0.643137
v 0.00302519 0.00620256 0.154318 0.627451 0.627451 0.643137
v 0.00258515 0.00639847 0.154318 0.627451 0.627451 0.643137
v 0.00213252 0.00656322 0.154318 0.627451 0.627451 0.643137
v 0.0016695 0.00669599 0.154318 0.627451 0.627451 0.643137
v 0.00119834 0.00679613 0.154318 0.627451 0.627451 0.643137
v 0.000721348 0.00686317 0.154318 0.627451 0.627451 0.643137
v 0.000240841 0.00689677 0.154318 0.627451 0.627451 0.643137
v -0.000240841 0.00689677 0.154318 0.627451 0.627451 0.643137
v -0.000721348 0.00686317 0.154318 0.627451 0.627451 0.643137
v -0.00119834 0.00679613 0.154318 0.627451 0.627451 0.643137
v -0.0016695 0.00669599 0.154318 0.627451 0.627451 0.643137
v -0.00213252 0.00656322 0.154318 0.627451 0.627451 0.643137
v -0.00258515 0.00639847 0.154318 0.627451 0.627451 0.643137
v -0.00302519 0.00620256 0.154318 0.627451 0.627451 0.643137
v -0.00345049 0.00597642 0.154318 0.627451 0.627451 0.643137
v -0.00385898 0.00572117 0.154318 0.627451 0.627451 0.643137
v -0.00424866 0.00543804 0.154318 0.627451 0.627451 0.643137
v -0.00461765 0.00512842 0.154318 0.627451 0.627451 0.643137
v -0.00496415 0.00479382 0.154318 0.627451 0.627451 0.643137
v -0.00528645 0.00443586 0.154318 0.627451 0.627451 0.643137
v -0.00558301 0.00405629 0.154318 0.627451 0.627451 0.643137
v -0.00585236 0.00365696 0.154318 0.627451 0.627451 0.643137
v -0.0060932 0.00323981 0.154318 0.627451 0.627451 0.643137
v -0.00630435 0.00280688 0.154318 0.627451 0.627451 0.643137
v -0.0064848 0.00236027 0.154318 0.627451 0.627451 0.643137
v -0.00663364 0.00190217 0.154318 0.627451 0.627451 0.643137
v -0.00675017 0.00143479 0.154318 0.627451 0.627451 0.643137
v -0.00683382 0.00096043 0.154318 0.627451 0.627451 0.643137
v -0.00688417 0.000481388 0.154318 0.627451 0.627451 0.643137
v -0.00690098 -3.6891e-19 0.154318 0.627451 0.627451 0.643137
v -0.00688417 -0.000481388 0.154318 0.627451 0.627451 0.643137
v -0.00683382 -0.00096043 0.154318 0.627451 0.627451 0.643137
v -0.00675017 -0.00143479 0.154318 0.627451 0.627451 0.643137
v -0.00663364 -0.00190217 0.154318 0.627451 0.627451 0.643137
v -0.0064848 -0.00236027 0.154318 0.627451 0.627451 0.643137
v -0.00630435 -0.00280688 0.154318 0.627451 0.627451 0.643137
v -0.0060932 -0.00323981 0.154318 0.627451 0.627451 0.643137
v -0.00585236 -0.00365696 0.154318 0.627451 0.627451 0.643137
v -0.00558301 -0.00405629 0.154318 0.627451 0.627451 0.643137
v -0.00528645 -0.00443586 0.154318 0.627451 0.627451 0.643137
v -0.00496415 -0.00479382 0.154318 0.627451 0.627451 0.643137
v -0.00461765 -0.00512842 0.154318 0.627451 0.627451 0.643137
v -0.00424866 -0.00543804 0.154318 0.627451 0.627451 0.643137
v -0.00385898 -0.00572117 0.154318 0.627451 0.627451 0.643137
v -0.00345049 -0.00597642 0.154318 0.627451 0.627451 0.643137
v -0.00302519 -0.00620256 0.154318 0.627451 0.627451 0.643137
v -0.00258515 -0.00639847 0.154318 0.627451 0.627451 0.643137
v -0.00213252 -0.00656322 0.154318 0.627451 0.627451 0.643137
v -0.0016695 -0.00669599 0.154318 0.627451 0.627451 0.643137
v -0.00119834 -0.00679613 0.154318 0.627451 0.627451 0.643137
v -0.000721348 -0.00686317 0.154318 0.627451 0.627451 0.643137
v -0.000240841 -0.00689677 0.154318 0.627451 0.627451 0.643137
v 0.000240841 -0.00689677 0.154318 0.627451 0.627451 0.643137
v 0.000721348 -0.00686317 0.154318 0.627451 0.627451 0.643137
v 0.00119834 -0.00679613 0.154318 0.627451 0.627451 0.643137
v 0.0016695 -0.00669599 0.154318 0.627451 0.627451 0.643137
v 0.00213252 -0.00656322 0.154318 0.627451 0.627451 0.643137
v 0.00258515 -0.00639847 0.154318 0.627451 0.627451 0.643137
v 0.00302519 -0.00620256 0.154318 0.627451 0.627451 0.643137
v 0.00345049 -0.00597642 0.154318 0.627451 0.627451 0.643137
v 0.00385898 -0.00572117 0.154318 0.627451 0.627451 0.643137
v 0.00424866 -0.00543804 0.154318 0.627451 0.627451 0.643137
v 0.00461765 -0.00512842 0.154318 0.627451 0.627451 0.643137
v 0.00496415 -0.00479382 0.154318 0.627451 0.627451 0.643137
v 0.00528645 -0.00443586 0.154318 0.627451 0.627451 0.643137
v 0.00558301 -0.00405629 0.154318 0.627451 0.627451 0.643137
v 0.00585236 -0.00365696 0.154318 0.627451 0.627451 0.643137
v 0.0060932 -0.00323981 0.154318 0.627451 0.627451 0.643137
v 0.00630435 -0.00280688 0.154318 0.627451 0.627451 0.643137
v 0.0064848 -0.00236027 0.154318 0.627451 0.627451 0.643137
v 0.00663364 -0.00190217 0.154318 0.627451 0.627451 0.643137
v 0.00675017 -0.00143479 0.154318 0.627451 0.627451 0.643137
v 0.00683382 -0.00096043 0.154318 0.627451 0.627451 0.643137
v 0.00688417 -0.000481388 0.154318 0.627451 0.627451 0.643137
v 0.00597602 1.16341e-18 0.154758 0.627451 0.627451 0.643137
v 0.00596146 0.000416866 0.154758 0.627451 0.627451 0.643137
v 0.00591786 0.000831701 0.154758 0.627451 0.627451 0.643137
v 0.00584543 0.00124248 0.154758 0.627451 0.627451 0.643137
v 0.00574452 0.00164721 0.154758 0.627451 0.627451 0.643137
v 0.00561562 0.00204392 0.154758 0.627451 0.627451 0.643137
v 0.00545936 0.00243066 0.154758 0.627451 0.627451 0.643137
v 0.00527651 0.00280557 0.154758 0.627451 0.627451 0.643137
v 0.00506795 0.00316681 0.154758 0.627451 0.627451 0.643137
v 0.0048347 0.00351261 0.154758 0.627451 0.627451 0.643137
v 0.00457789 0.00384131 0.154758 0.627451 0.627451 0.643137
v 0.00429879 0.00415129 0.154758 0.627451 0.627451 0.643137
v 0.00399874 0.00444105 0.154758 0.627451 0.627451 0.643137
v 0.0036792 0.00470917 0.154758 0.627451 0.627451 0.643137
v 0.00334175 0.00495434 0.154758 0.627451 0.627451 0.643137
v 0.00298801 0.00517538 0.154758 0.627451 0.627451 0.643137
v 0.00261971 0.00537121 0.154758 0.627451 0.627451 0.643137
v 0.00223866 0.00554087 0.154758 0.627451 0.627451 0.643137
v 0.00184669 0.00568353 0.154758 0.627451 0.627451 0.643137
v 0.00144573 0.0057985 0.154758 0.627451 0.627451 0.643137
v 0.00103772 0.00588523 0.154758 0.627451 0.627451 0.643137
v 0.000624664 0.00594328 0.154758 0.627451 0.627451 0.643137
v 0.00020856 0.00597238 0.154758 0.627451 0.627451 0.643137
v -0.00020856 0.00597238 0.154758 0.627451 0.627451 0.643137
v -0.000624664 0.00594328 0.154758 0.627451 0.627451 0.643137
v -0.00103772 0.00588523 0.154758 0.627451 0.627451 0.643137
v -0.00144573 0.0057985 0.154758 0.627451 0.627451 0.643137
v -0.00184669 0.00568353 0.154758 0.627451 0.627451 0.643137
v -0.00223866 0.00554087 0.154758 0.627451 0.627451 0.643137
v -0.00261971 0.00537121 0.154758 0.627451 0.627451 0.643137
v -0.00298801 0.00517538 0.154758 0.627451 0.627451 0.643137
v -0.00334175 0.00495434 0.154758 0.627451 0.627451 0.643137
v -0.0036792 0.00470917 0.154758 0.627451 0.627451 0.643137
v -0.00399874 0.00444105 0.154758 0.627451 0.627451 0.643137
v -0.00429879 0.00415129 0.154758 0.627451 0.627451 0.643137
v -0.00457789 0.00384131 0.154758 0.627451 0.627451 0.643137
v -0.0048347 0.00351261 0.154758 0.627451 0.627451 0.643137
v -0.00506795 0.00316681 0.154758 0.627451 0.627451 0.643137
v -0.00527651 0.00280557 0.154758 0.627451 0.627451 0.643137
v -0.00545936 0.00243066 0.154758 0.627451 0.627451 0.643137
v -0.00561562 0.00204392 0.154758 0.627451 0.627451 0.643137
v -0.00574452 0.00164721 0.154758 0.627451 0.627451 0.643137
v -0.00584543 0.00124248 0.154758 0.627451 0.627451 0.643137
v -0.00591786 0.000831701 0.154758 0.627451 0.627451 0.643137
v -0.00596146 0.000416866 0.154758 0.627451 0.627451 0.643137
v -0.00597602 -1.63528e-19 0.154758 0.627451 0.627451 0.643137
v -0.00596146 -0.000416866 0.154758 0.627451 0.627451 0.643137
v -0.00591786 -0.000831701 0.154758 0.627451 0.627451 0.643137
v -0.00584543 -0.00124248 0.154758 0.627451 0.627451 0.643137
v -0.00574452 -0.00164721 0.154758 0.627451 0.627451 0.643137
v -0.00561562 -0.00204392 0.154758 0.627451 0.627451 0.643137
v -0.00545936 -0.00243066 0.154758 0.627451 0.627451 0.643137
v -0.00527651 -0.00280557 0.154758 0.627451 0.627451 0.643137
v -0.00506795 -0.00316681 0.154758 0.627451 0.627451 0.643137
v -0.0048347 -0.00351261 0.154758 0.627451 0.627451 0.643137
v -0.00457789 -0.00384131 0.154758 0.627451 0.627451 0.643137
v -0.00429879 -0.00415129 0.154758 0.627451 0.627451 0.643137
v -0.00399874 -0.00444105 0.154758 0.627451 0.627451 0.643137
v -0.0036792 -0.00470917 0.154758 0.627451 0.627451 0.643137
v -0.00334175 -0.00495434 0.154758 0.627451 0.627451 0.643137
v -0.00298801 -0.00517538 0.154758 0.627451 0.627451 0.643137
v -0.00261971 -0.00537121 0.154758 0.627451 0.627451 0.643137
v -0.00223866 -0.00554087 0.154758 0.627451 0.627451 0.643137
v -0.00184669 -0.00568353 0.154758 0.627451 0.627451 0.643137
v -0.00144573 -0.0057985 0.154758 0.627451 0.627451 0.643137
v -0.00103772 -0.00588523 0.154758 0.627451 0.627451 0.643137
v -0.000624664 -0.00594328 0.154758 0.627451 0.627451 0.643137
v -0.00020856 -0.00597238 0.154758 0.627451 0.627451 0.643137
v 0.00020856 -0.00597238 0.154758 0.627451 0.627451 0.643137
v 0.000624664 -0.00594328 0.154758 0.627451 0.627451 0.643137
v 0.00103772 -0.00588523 0.154758 0.627451 0.627451 0.643137
v 0.00144573 -0.0057985 0.154758 0.627451 0.627451 0.643137
v 0.00184669 -0.00568353 0.154758 0.627451 0.627451 0.643137
v 0.00223866 -0.00554087 0.154758 0.627451 0.627451 0.643137
v 0.00261971 -0.00537121 0.154758 0.627451 0.627451 0.643137
v 0.00298801 -0.00517538 0.154758 0.627451 0.627451 0.643137
v 0.00334175 -0.00495434 0.154758 0.627451 0.627451 0.643137
v 0.0036792 -0.00470917 0.154758 0.627451 0.627451 0.643137
v 0.00399874 -0.00444105 0.154758 0.627451 0.627451 0.643137
v 0.00429879 -0.00415129 0.154758 0.627451 0.627451 0.643137
v 0.00457789 -0.00384131 0.154758 0.627451 0.627451 0.643137
v 0.0048347 -0.00351261 0.154758 0.627451 0.627451 0.643137
v 0.00506795 -0.00316681 0.154758 0.627451 0.627451 0.643137
v 0.00527651 -0.00280557 0.154758 0.627451 0.627451 0.643137
v 0.00545936 -0.00243066 0.154758 0.627451 0.627451 0.643137
v 0.00561562 -0.00204392 0.154758 0.627451 0.627451 0.643137
v 0.00574452 -0.00164721 0.154758 0.627451 0.627451 0.643137
v 0.00584543 -0.00124248 0.154758 0.627451 0.627451 0.643137
v 0.00591786 -0.000831701 0.154758 0.627451 0.627451 0.643137
v 0.00596146 -0.000416866 0.154758 0.627451 0.627451 0.643137
v 0.00502319 1.16341e-18 0.155134 0.627451 0.627451 0.643137
v 0.00501096 0.0003504 0.155134 0.627451 0.627451 0.643137
v 0.00497431 0.000699094 0.155134 0.627451 0.627451 0.643137
v 0.00491343 0.00104438 0.155134 0.627451 0.627451 0.643137
v 0.0048286 0.00138458 0.155134 0.627451 0.627451 0.643137
v 0.00472026 0.00171803 0.155134 0.627451 0.627451 0.643137
v 0.00458892 0.00204312 0.155134 0.627451 0.627451 0.643137
v 0.00443522 0.00235825 0.155134 0.627451 0.627451 0.643137
v 0.00425991 0.00266189 0.155134 0.627451 0.627451 0.643137
v 0.00406385 0.00295256 0.155134 0.627451 0.627451 0.643137
v 0.00384799 0.00322885 0.155134 0.627451 0.627451 0.643137
v 0.00361338 0.0034894 0.155134 0.627451 0.627451 0.643137
v 0.00336117 0.00373296 0.155134 0.627451 0.627451 0.643137
v 0.00309259 0.00395833 0.155134 0.627451 0.627451 0.643137
v 0.00280893 0.00416442 0.155134 0.627451 0.627451 0.643137
v 0.0025116 0.00435021 0.155134 0.627451 0.627451 0.643137
v 0.00220202 0.00451482 0.155134 0.627451 0.627451 0.643137
v 0.00188172 0.00465742 0.155134 0.627451 0.627451 0.643137
v 0.00155225 0.00477734 0.155134 0.627451 0.627451 0.643137
v 0.00121522 0.00487398 0.155134 0.627451 0.627451 0.643137
v 0.000872269 0.00494688 0.155134 0.627451 0.627451 0.643137
v 0.000525067 0.00499568 0.155134 0.627451 0.627451 0.643137
v 0.000175307 0.00502013 0.155134 0.627451 0.627451 0.643137
v -0.000175307 0.00502013 0.155134 0.627451 0.627451 0.643137
v -0.000525067 0.00499568 0.155134 0.627451 0.627451 0.643137
v -0.000872269 0.00494688 0.155134 0.627451 0.627451 0.643137
v -0.00121522 0.00487398 0.155134 0.627451 0.627451 0.643137
v -0.00155225 0.00477734 0.155134 0.627451 0.627451 0.643137
v -0.00188172 0.00465742 0.155134 0.627451 0.627451 0.643137
v -0.00220202 0.00451482 0.155134 0.627451 0.627451 0.643137
v -0.0025116 0.00435021 0.155134 0.627451 0.627451 0.643137
v -0.00280893 0.00416442 0.155134 0.627451 0.627451 0.643137
v -0.00309259 0.00395833 0.155134 0.627451 0.627451 0.643137
v -0.00336117 0.00373296 0.155134 0.627451 0.627451 0.643137
v -0.00361338 0.0034894 0.155134 0.627451 0.627451 0.643137
v -0.00384799 0.00322885 0.155134 0.627451 0.627451 0.643137
v -0.00406385 0.00295256 0.155134 0.627451 0.627451 0.643137
v -0.00425991 0.00266189 0.155134 0.627451 0.627451 0.643137
v -0.00443522 0.00235825 0.155134 0.627451 0.627451 0.643137
v -0.00458892 0.00204312 0.155134 0.627451 0.627451 0.643137
v -0.00472026 0.00171803 0.155134 0.627451 0.627451 0.643137
v -0.0048286 0.00138458 0.155134 0.627451 0.627451 0.643137
v -0.00491343 0.00104438 0.155134 0.627451 0.627451 0.643137
v -0.00497431 0.000699094 0.155134 0.627451 0.627451 0.643137
v -0.00501096 0.0003504 0.155134 0.627451 0.627451 0.643137
v -0.00502319 4.80413e-20 0.155134 0.627451 0.627451 0.643137
v -0.00501096 -0.0003504 0.155134 0.627451 0.627451 0.643137
v -0.00497431 -0.000699094 0.155134 0.627451 0.627451 0.643137
v -0.00491343 -0.00104438 0.155134 0.627451 0.627451 0.643137
v -0.0048286 -0.00138458 0.155134 0.627451 0.627451 0.643137
v -0.00472026 -0.00171803 0.155134 0.627451 0.627451 0.643137
v -0.00458892 -0.00204312 0.155134 0.627451 0.627451 0.643137
v -0.00443522 -0.00235825 0.155134 0.627451 0.627451 0.643137
v -0.00425991 -0.00266189 0.155134 0.627451 0.627451 0.643137
v -0.00406385 -0.00295256 0.155134 0.627451 0.627451 0.643137
v -0.00384799 -0.00322885 0.155134 0.627451 0.627451 0.643137
v -0.00361338 -0.0034894 0.155134 0.627451 0.627451 0.643137
v -0.00336117 -0.00373296 0.155134 0.627451 0.627451 0.643137
v -0.00309259 -0.00395833 0.155134 0.627451 0.627451 0.643137
v -0.00280893 -0.00416442 0.155134 0.627451 0.627451 0.643137
v -0.0025116 -0.00435021 0.155134 0.627451 0.627451 0.643137
v -0.00220202 -0.00451482 0.155134 0.627451 0.627451 0.643137
v -0.00188172 -0.00465742 0.155134 0.627451 0.627451 0.643137
v -0.00155225 -0.00477734 0.155134 0.627451 0.627451 0.643137
v -0.00121522 -0.00487398 0.155134 0.627451 0.627451 0.643137
v -0.000872269 -0.00494688 0.155134 0.627451 0.627451 0.643137
v -0.000525067 -0.00499568 0.155134 0.627451 0.627451 0.643137
v -0.000175307 -0.00502013 0.155134 0.627451 0.627451 0.643137
v 0.000175307 -0.00502013 0.155134 0.627451 0.627451 0.643137
v 0.000525067 -0.00499568 0.155134 0.627451 0.627451 0.643137
v 0.000872269 -0.00494688 0.155134 0.627451 0.627451 0.643137
v 0.00121522 -0.00487398 0.155134 0.627451 0.627451 0.643137
v 0.00155225 -0.00477734 0.155134 0.627451 0.627451 0.643137
v 0.00188172 -0.00465742 0.155134 0.627451 0.627451 0.643137
v 0.00220202 -0.00451482 0.155134 0.627451 0.627451 0.643137
v 0.0025116 -0.00435021 0.155134 0.627451 0.627451 0.643137
v 0.00280893 -0.00416442 0.155134 0.627451 0.627451 0.643137
v 0.00309259 -0.00395833 0.155134 0.627451 0.627451 0.643137
v 0.00336117 -0.00373296 0.155134 0.627451 0.627451 0.643137
v 0.00361338 -0.0034894 0.155134 0.627451 0.627451 0.643137
v 0.00384799 -0.00322885 0.155134 0.627451 0.627451 0.643137
v 0.00406385 -0.00295256 0.155134 0.627451 0.627451 0.643137
v 0.00425991 -0.00266189 0.155134 0.627451 0.627451 0.643137
v 0.00443522 -0.00235825 0.155134 0.627451 0.627451 0.643137
v 0.00458892 -0.00204312 0.155134 0.627451 0.627451 0.643137
v 0.00472026 -0.00171803 0.155134 0.627451 0.627451 0.643137
v 0.0048286 -0.00138458 0.155134 0.627451 0.627451 0.643137
v 0.00491343 -0.00104438 0.155134 0.627451 0.627451 0.643137
v 0.00497431 -0.000699094 0.155134 0.627451 0.627451 0.643137
v 0.00501096 -0.0003504 0.155134 0.627451 0.627451 0.643137
v 0.00404695 1.16341e-18 0.155444 0.627451 0.627451 0.643137
v 0.00403709 0.000282301 0.155444 0.627451 0.627451 0.643137
v 0.00400757 0.000563227 0.155444 0.627451 0.627451 0.643137
v 0.00395852 0.000841409 0.155444 0.627451 0.627451 0.643137
v 0.00389018 0.00111549 0.155444 0.627451 0.627451 0.643137
v 0.00380289 0.00138414 0.155444 0.627451 0.627451 0.643137
v 0.00369707 0.00164604 0.155444 0.627451 0.627451 0.643137
v 0.00357325 0.00189993 0.155444 0.627451 0.627451 0.643137
v 0.00343201 0.00214456 0.155444 0.627451 0.627451 0.643137
v 0.00327405 0.00237874 0.155444 0.627451 0.627451 0.643137
v 0.00310014 0.00260133 0.155444 0.627451 0.627451 0.643137
v 0.00291113 0.00281125 0.155444 0.627451 0.627451 0.643137
v 0.00270794 0.00300747 0.155444 0.627451 0.627451 0.643137
v 0.00249155 0.00318904 0.155444 0.627451 0.627451 0.643137
v 0.00226303 0.00335507 0.155444 0.627451 0.627451 0.643137
v 0.00202348 0.00350476 0.155444 0.627451 0.627451 0.643137
v 0.00177407 0.00363738 0.155444 0.627451 0.627451 0.643137
v 0.00151601 0.00375227 0.155444 0.627451 0.627451 0.643137
v 0.00125058 0.00384888 0.155444 0.627451 0.627451 0.643137
v 0.000979046 0.00392674 0.155444 0.627451 0.627451 0.643137
v 0.000702746 0.00398547 0.155444 0.627451 0.627451 0.643137
v 0.000423022 0.00402478 0.155444 0.627451 0.627451 0.643137
v 0.000141237 0.00404449 0.155444 0.627451 0.627451 0.643137
v -0.000141237 0.00404449 0.155444 0.627451 0.627451 0.643137
v -0.000423022 0.00402478 0.155444 0.627451 0.627451 0.643137
v -0.000702746 0.00398547 0.155444 0.627451 0.627451 0.643137
v -0.000979046 0.00392674 0.155444 0.627451 0.627451 0.643137
v -0.00125058 0.00384888 0.155444 0.627451 0.627451 0.643137
v -0.00151601 0.00375227 0.155444 0.627451 0.627451 0.643137
v -0.00177407 0.00363738 0.155444 0.627451 0.627451 0.643137
v -0.00202348 0.00350476 0.155444 0.627451 0.627451 0.643137
v -0.00226303 0.00335507 0.155444 0.627451 0.627451 0.643137
v -0.00249155 0.00318904 0.155444 0.627451 0.627451 0.643137
v -0.00270794 0.00300747 0.155444 0.627451 0.627451 0.643137
v -0.00291113 0.00281125 0.155444 0.627451 0.627451 0.643137
v -0.00310014 0.00260133 0.155444 0.627451 0.627451 0.643137
v -0.00327405 0.00237874 0.155444 0.627451 0.627451 0.643137
v -0.00343201 0.00214456 0.155444 0.627451 0.627451 0.643137
v -0.00357325 0.00189993 0.155444 0.627451 0.627451 0.643137
v -0.00369707 0.00164604 0.155444 0.627451 0.627451 0.643137
v -0.00380289 0.00138414 0.155444 0.627451 0.627451 0.643137
v -0.00389018 0.00111549 0.155444 0.627451 0.627451 0.643137
v -0.00395852 0.000841409 0.155444 0.627451 0.627451 0.643137
v -0.00400757 0.000563227 0.155444 0.627451 0.627451 0.643137
v -0.00403709 0.000282301 0.155444 0.627451 0.627451 0.643137
v -0.00404695 2.64811e-19 0.155444 0.627451 0.627451 0.643137
v -0.00403709 -0.000282301 0.155444 0.627451 0.627451 0.643137
v -0.00400757 -0.000563227 0.155444 0.627451 0.627451 0.643137
v -0.00395852 -0.000841409 0.155444 0.627451 0.627451 0.643137
v -0.00389018 -0.00111549 0.155444 0.627451 0.627451 0.643137
v -0.00380289 -0.00138414 0.155444 0.627451 0.627451 0.643137
v -0.00369707 -0.00164604 0.155444 0.627451 0.627451 0.643137
v -0.00357325 -0.00189993 0.155444 0.627451 0.627451 0.643137
v -0.00343201 -0.00214456 0.155444 0.627451 0.627451 0.643137
v -0.00327405 -0.00237874 0.155444 0.627451 0.627451 0.643137
v -0.00310014 -0.00260133 0.155444 0.627451 0.627451 0.643137
v -0.00291113 -0.00281125 0.155444 0.627451 0.627451 0.643137
v -0.00270794 -0.00300747 0.155444 0.627451 0.627451 0.643137
v -0.00249155 -0.00318904 0.155444 0.627451 0.627451 0.643137
v -0.00226303 -0.00335507 0.155444 0.627451 0.627451 0.643137
v -0.00202348 -0.00350476 0.155444 0.627451 0.627451 0.643137
v -0.00177407 -0.00363738 0.155444 0.627451 0.627451 0.643137
v -0.00151601 -0.00375227 0.155444 0.627451 0.627451 0.643137
v -0.00125058 -0.00384888 0.155444 0.627451 0.627451 0.643137
v -0.000979046 -0.00392674 0.155444 0.627451 0.627451 0.643137
v -0.000702746 -0.00398547 0.155444 0.627451 0.627451 0.643137
v -0.000423022 -0.00402478 0.155444 0.627451 0.627451 0.643137
v -0.000141237 -0.00404449 0.155444 0.627451 0.627451 0.643137
v 0.000141237 -0.00404449 0.155444 0.627451 0.627451 0.643137
v 0.000423022 -0.00402478 0.155444 0.627451 0.627451 0.643137
v 0.000702746 -0.00398547 0.155444 0.627451 0.627451 0.643137
v 0.000979046 -0.00392674 0.155444 0.627451 0.627451 0.643137
v 0.00125058 -0.00384888 0.155444 0.627451 0.627451 0.643137
v 0.00151601 -0.00375227 0.155444 0.627451 0.627451 0.643137
v 0.00177407 -0.00363738 0.155444 0.627451 0.627451 0.643137
v 0.00202348 -0.00350476 0.155444 0.627451 0.627451 0.643137
v 0.00226303 -0.00335507 0.155444 0.627451 0.627451 0.643137
v 0.00249155 -0.00318904 0.155444 0.627451 0.627451 0.643137
v 0.00270794 -0.00300747 0.155444 0.627451 0.627451 0.643137
v 0.00291113 -0.00281125 0.155444 0.627451 0.627451 0.643137
v 0.00310014 -0.00260133 0.155444 0.627451 0.627451 0.643137
v 0.00327405 -0.00237874 0.155444 0.627451 0.627451 0.643137
v 0.00343201 -0.00214456 0.155444 0.627451 0.627451 0.643137
v 0.00357325 -0.00189993 0.155444 0.627451 0.627451 0.643137
v 0.00369707 -0.00164604 0.155444 0.627451 0.627451 0.643137
v 0.00380289 -0.00138414 0.155444 0.627451 0.627451 0.643137
v 0.00389018 -0.00111549 0.155444 0.627451 0.627451 0.643137
v 0.00395852 -0.000841409 0.155444 0.627451 0.627451 0.643137
v 0.00400757 -0.000563227 0.155444 0.627451 0.627451 0.643137
v 0.00403709 -0.000282301 0.155444 0.627451 0.627451 0.643137
v 0.00305184 1.16341e-18 0.155686 0.627451 0.627451 0.643137
v 0.00304441 0.000212886 0.155686 0.627451 0.627451 0.643137
v 0.00302214 0.000424734 0.155686 0.627451 0.627451 0.643137
v 0.00298515 0.000634513 0.155686 0.627451 0.627451 0.643137
v 0.00293362 0.000841201 0.155686 0.627451 0.627451 0.643137
v 0.00286779 0.00104379 0.155686 0.627451 0.627451 0.643137
v 0.00278799 0.0012413 0.155686 0.627451 0.627451 0.643137
v 0.00269461 0.00143275 0.155686 0.627451 0.627451 0.643137
v 0.00258811 0.00161723 0.155686 0.627451 0.627451 0.643137
v 0.00246899 0.00179383 0.155686 0.627451 0.627451 0.643137
v 0.00233785 0.00196169 0.155686 0.627451 0.627451 0.643137
v 0.00219531 0.00211999 0.155686 0.627451 0.627451 0.643137
v 0.00204208 0.00226796 0.155686 0.627451 0.627451 0.643137
v 0.0018789 0.00240488 0.155686 0.627451 0.627451 0.643137
v 0.00170657 0.00253009 0.155686 0.627451 0.627451 0.643137
v 0.00152592 0.00264297 0.155686 0.627451 0.627451 0.643137
v 0.00133784 0.00274298 0.155686 0.627451 0.627451 0.643137
v 0.00114324 0.00282962 0.155686 0.627451 0.627451 0.643137
v 0.00094307 0.00290247 0.155686 0.627451 0.627451 0.643137
v 0.000738307 0.00296119 0.155686 0.627451 0.627451 0.643137
v 0.000529946 0.00300548 0.155686 0.627451 0.627451 0.643137
v 0.000319004 0.00303512 0.155686 0.627451 0.627451 0.643137
v 0.000106508 0.00304998 0.155686 0.627451 0.627451 0.643137
v -0.000106508 0.00304998 0.155686 0.627451 0.627451 0.643137
v -0.000319004 0.00303512 0.155686 0.627451 0.627451 0.643137
v -0.000529946 0.00300548 0.155686 0.627451 0.627451 0.643137
v -0.000738307 0.00296119 0.155686 0.627451 0.627451 0.643137
v -0.00094307 0.00290247 0.155686 0.627451 0.627451 0.643137
v -0.00114324 0.00282962 0.155686 0.627451 0.627451 0.643137
v -0.00133784 0.00274298 0.155686 0.627451 0.627451 0.643137
v -0.00152592 0.00264297 0.155686 0.627451 0.627451 0.643137
v -0.00170657 0.00253009 0.155686 0.627451 0.627451 0.643137
v -0.0018789 0.00240488 0.155686 0.627451 0.627451 0.643137
v -0.00204208 0.00226796 0.155686 0.627451 0.627451 0.643137
v -0.00219531 0.00211999 0.155686 0.627451 0.627451 0.643137
v -0.00233785 0.00196169 0.155686 0.627451 0.627451 0.643137
v -0.00246899 0.00179383 0.155686 0.627451 0.627451 0.643137
v -0.00258811 0.00161723 0.155686 0.627451 0.627451 0.643137
v -0.00269461 0.00143275 0.155686 0.627451 0.627451 0.643137
v -0.00278799 0.0012413 0.155686 0.627451 0.627451 0.643137
v -0.00286779 0.00104379 0.155686 0.627451 0.627451 0.643137
v -0.00293362 0.000841201 0.155686 0.627451 0.627451 0.643137
v -0.00298515 0.000634513 0.155686 0.627451 0.627451 0.643137
v -0.00302214 0.000424734 0.155686 0.627451 0.627451 0.643137
v -0.00304441 0.000212886 0.155686 0.627451 0.627451 0.643137
v -0.00305184 4.8577e-19 0.155686 0.627451 0.627451 0.643137
v -0.00304441 -0.000212886 0.155686 0.627451 0.627451 0.643137
v -0.00302214 -0.000424734 0.155686 0.627451 0.627451 0.643137
v -0.00298515 -0.000634513 0.155686 0.627451 0.627451 0.643137
v -0.00293362 -0.000841201 0.155686 0.627451 0.627451 0.643137
v -0.00286779 -0.00104379 0.155686 0.627451 0.627451 0.643137
v -0.00278799 -0.0012413 0.155686 0.627451 0.627451 0.643137
v -0.00269461 -0.00143275 0.155686 0.627451 0.627451 0.643137
v -0.00258811 -0.00161723 0.155686 0.627451 0.627451 0.643137
v -0.00246899 -0.00179383 0.155686 0.627451 0.627451 0.643137
v -0.00233785 -0.00196169 0.155686 0.627451 0.627451 0.643137
v -0.00219531 -0.00211999 0.155686 0.627451 0.627451 0.643137
v -0.00204208 -0.00226796 0.155686 0.627451 0.627451 0.643137
v -0.0018789 -0.00240488 0.155686 0.627451 0.627451 0.643137
v -0.00170657 -0.00253009 0.155686 0.627451 0.627451 0.643137
v -0.00152592 -0.00264297 0.155686 0.627451 0.627451 0.643137
v -0.00133784 -0.00274298 0.155686 0.627451 0.627451 0.643137
v -0.00114324 -0.00282962 0.155686 0.627451 0.627451 0.643137
v -0.00094307 -0.00290247 0.155686 0.627451 0.627451 0.643137
v -0.000738307 -0.00296119 0.155686 0.627451 0.627451 0.643137
v -0.000529946 -0.00300548 0.155686 0.627451 0.627451 0.643137
v -0.000319004 -0.00303512 0.155686 0.627451 0.627451 0.643137
v -0.000106508 -0.00304998 0.155686 0.627451 0.627451 0.643137
v 0.000106508 -0.00304998 0.155686 0.627451 0.627451 0.643137
v 0.000319004 -0.00303512 0.155686 0.627451 0.627451 0.643137
v 0.000529946 -0.00300548 0.155686 0.627451 0.627451 0.643137
v 0.000738307 -0.00296119 0.155686 0.627451 0.627451 0.643137
v 0.00094307 -0.00290247 0.155686 0.627451 0.627451 0.643137
v 0.00114324 -0.00282962 0.155686 0.627451 0.627451 0.643137
v 0.00133784 -0.00274298 0.155686 0.627451 0.627451 0.643137
v 0.00152592 -0.00264297 0.155686 0.627451 0.627451 0.643137
v 0.00170657 -0.00253009 0.155686 0.627451 0.627451 0.643137
v 0.0018789 -0.00240488 0.155686 0.627451 0.627451 0.643137
v 0.00204208 -0.00226796 0.155686 0.627451 0.627451 0.643137
v 0.00219531 -0.00211999 0.155686 0.627451 0.627451 0.643137
v 0.00233785 -0.00196169 0.155686 0.627451 0.627451 0.643137
v 0.00246899 -0.00179383 0.155686 0.627451 0.627451 0.643137
v 0.00258811 -0.00161723 0.155686 0.627451 0.627451 0.643137
v 0.00269461 -0.00143275 0.155686 0.627451 0.627451 0.643137
v 0.00278799 -0.0012413 0.155686 0.627451 0.627451 0.643137
v 0.00286779 -0.00104379 0.155686 0.627451 0.627451 0.643137
v 0.00293362 -0.000841201 0.155686 0.627451 0.627451 0.643137
v 0.00298515 -0.000634513 0.155686 0.627451 0.627451 0.643137
v 0.00302214 -0.000424734 0.155686 0.627451 0.627451 0.643137
v 0.00304441 -0.000212886 0.155686 0.627451 0.627451 0.643137
v 0.0020425 1.16341e-18 0.15586 0.627451 0.627451 0.643137
v 0.00203752 0.000142478 0.15586 0.627451 0.627451 0.643137
v 0.00202262 0.000284261 0.15586 0.627451 0.627451 0.643137
v 0.00199787 0.00042466 0.15586 0.627451 0.627451 0.643137
v 0.00196338 0.000562989 0.15586 0.627451 0.627451 0.643137
v 0.00191932 0.000698576 0.15586 0.627451 0.627451 0.643137
v 0.00186592 0.000830759 0.15586 0.627451 0.627451 0.643137
v 0.00180342 0.000958896 0.15586 0.627451 0.627451 0.643137
v 0.00173214 0.00108236 0.15586 0.627451 0.627451 0.643137
v 0.00165242 0.00120055 0.15586 0.627451 0.627451 0.643137
v 0.00156465 0.00131289 0.15586 0.627451 0.627451 0.643137
v 0.00146925 0.00141884 0.15586 0.627451 0.627451 0.643137
v 0.0013667 0.00151787 0.15586 0.627451 0.627451 0.643137
v 0.00125749 0.00160951 0.15586 0.627451 0.627451 0.643137
v 0.00114215 0.00169331 0.15586 0.627451 0.627451 0.643137
v 0.00102125 0.00176886 0.15586 0.627451 0.627451 0.643137
v 0.000895373 0.00183579 0.15586 0.627451 0.627451 0.643137
v 0.000765134 0.00189377 0.15586 0.627451 0.627451 0.643137
v 0.000631167 0.00194253 0.15586 0.627451 0.627451 0.643137
v 0.000494125 0.00198183 0.15586 0.627451 0.627451 0.643137
v 0.000354676 0.00201147 0.15586 0.627451 0.627451 0.643137
v 0.000213499 0.00203131 0.15586 0.627451 0.627451 0.643137
v 7.12822e-05 0.00204126 0.15586 0.627451 0.627451 0.643137
v -7.12822e-05 0.00204126 0.15586 0.627451 0.627451 0.643137
v -0.000213499 0.00203131 0.15586 0.627451 0.627451 0.643137
v -0.000354676 0.00201147 0.15586 0.627451 0.627451 0.643137
v -0.000494125 0.00198183 0.15586 0.627451 0.627451 0.643137
v -0.000631167 0.00194253 0.15586 0.627451 0.627451 0.643137
v -0.000765134 0.00189377 0.15586 0.627451 0.627451 0.643137
v -0.000895373 0.00183579 0.15586 0.627451 0.627451 0.643137
v -0.00102125 0.00176886 0.15586 0.627451 0.627451 0.643137
v -0.00114215 0.00169331 0.15586 0.627451 0.627451 0.643137
v -0.00125749 0.00160951 0.15586 0.627451 0.627451 0.643137
v -0.0013667 0.00151787 0.15586 0.627451 0.627451 0.643137
v -0.00146925 0.00141884 0.15586 0.627451 0.627451 0.643137
v -0.00156465 0.00131289 0.15586 0.627451 0.627451 0.643137
v -0.00165242 0.00120055 0.15586 0.627451 0.627451 0.643137
v -0.00173214 0.00108236 0.15586 0.627451 0.627451 0.643137
v -0.00180342 0.000958896 0.15586 0.627451 0.627451 0.643137
v -0.00186592 0.000830759 0.15586 0.627451 0.627451 0.643137
v -0.00191932 0.000698576 0.15586 0.627451 0.627451 0.643137
v -0.00196338 0.000562989 0.15586 0.627451 0.627451 0.643137
v -0.00199787 0.00042466 0.15586 0.627451 0.627451 0.643137
v -0.00202262 0.000284261 0.15586 0.627451 0.627451 0.643137
v -0.00203752 0.000142478 0.15586 0.627451 0.627451 0.643137
v -0.0020425 7.09888e-19 0.15586 0.627451 0.627451 0.643137
v -0.00203752 -0.000142478 0.15586 0.627451 0.627451 0.643137
v -0.00202262 -0.000284261 0.15586 0.627451 0.627451 0.643137
v -0.00199787 -0.00042466 0.15586 0.627451 0.627451 0.643137
v -0.00196338 -0.000562989 0.15586 0.627451 0.627451 0.643137
v -0.00191932 -0.000698576 0.15586 0.627451 0.627451 0.643137
v -0.00186592 -0.000830759 0.15586 0.627451 0.627451 0.643137
v -0.00180342 -0.000958896 0.15586 0.627451 0.627451 0.643137
v -0.00173214 -0.00108236 0.15586 0.627451 0.627451 0.643137
v -0.00165242 -0.00120055 0.15586 0.627451 0.627451 0.643137
v -0.00156465 -0.00131289 0.15586 0.627451 0.627451 0.643137
v -0.00146925 -0.00141884 0.15586 0.627451 0.627451 0.643137
v -0.0013667 -0.00151787 0.15586 0.627451 0.627451 0.643137
v -0.00125749 -0.00160951 0.15586 0.627451 0.627451 0.643137
v -0.00114215 -0.00169331 0.15586 0.627451 0.627451 0.643137
v -0.00102125 -0.00176886 0.15586 0.627451 0.627451 0.643137
v -0.000895373 -0.00183579 0.15586 0.627451 0.627451 0.643137
v -0.000765134 -0.00189377 0.15586 0.627451 0.627451 0.643137
v -0.000631167 -0.00194253 0.15586 0.627451 0.627451 0.643137
v -0.000494125 -0.00198183 0.15586 0.627451 0.627451 0.643137
v -0.000354676 -0.00201147 0.15586 0.627451 0.627451 0.643137
v -0.000213499 -0.00203131 0.15586 0.627451 0.627451 0.643137
v -7.12822e-05 -0.00204126 0.15586 0.627451 0.627451 0.643137
v 7.12822e-05 -0.00204126 0.15586 0.627451 0.627451 0.643137
v 0.000213499 -0.00203131 0.15586 0.627451 0.627451 0.643137
v 0.000354676 -0.00201147 0.15586 0.627451 0.627451 0.643137
v 0.000494125 -0.00198183 0.15586 0.627451 0.627451 0.643137
v 0.000631167 -0.00194253 0.15586 0.627451 0.627451 0.643137
v 0.000765134 -0.00189377 0.15586 0.627451 0.627451 0.643137
v 0.000895373 -0.00183579 0.15586 0.627451 0.627451 0.643137
v 0.00102125 -0.00176886 0.15586 0.627451 0.627451 0.643137
v 0.00114215 -0.00169331 0.15586 0.627451 0.627451 0.643137
v 0.00125749 -0.00160951 0.15586 0.627451 0.627451 0.643137
v 0.0013667 -0.00151787 0.15586 0.627451 0.627451 0.643137
v 0.00146925 -0.00141884 0.15586 0.627451 0.627451 0.643137
v 0.00156465 -0.00131289 0.15586 0.627451 0.627451 0.643137
v 0.00165242 -0.00120055 0.15586 0.627451 0.627451 0.643137
v 0.00173214 -0.00108236 0.15586 0.627451 0.627451 0.643137
v 0.00180342 -0.000958896 0.15586 0.627451 0.627451 0.643137
v 0.00186592 -0.000830759 0.15586 0.627451 0.627451 0.643137
v 0.00191932 -0.000698576 0.15586 0.627451 0.627451 0.643137
v 0.00196338 -0.000562989 0.15586 0.627451 0.627451 0.643137
v 0.00199787 -0.00042466 0.15586 0.627451 0.627451 0.643137
v 0.00202262 -0.000284261 0.15586 0.627451 0.627451 0.643137
v 0.00203752 -0.000142478 0.15586 0.627451 0.627451 0.643137
v 0.00102364 1.16341e-18 0.155965 0.627451 0.627451 0.643137
v 0.00102114 7.14053e-05 0.155965 0.627451 0.627451 0.643137
v 0.00101367 0.000142463 0.155965 0.627451 0.627451 0.643137
v 0.00100127 0.000212826 0.155965 0.627451 0.627451 0.643137
v 0.000983982 0.000282152 0.155965 0.627451 0.627451 0.643137
v 0.000961903 0.000350104 0.155965 0.627451 0.627451 0.643137
v 0.000935138 0.00041635 0.155965 0.627451 0.627451 0.643137
v 0.000903817 0.000480568 0.155965 0.627451 0.627451 0.643137
v 0.000868093 0.000542445 0.155965 0.627451 0.627451 0.643137
v 0.000828139 0.000601678 0.155965 0.627451 0.627451 0.643137
v 0.000784151 0.000657981 0.155965 0.627451 0.627451 0.643137
v 0.000736342 0.000711077 0.155965 0.627451 0.627451 0.643137
v 0.000684946 0.00076071 0.155965 0.627451 0.627451 0.643137
v 0.000630213 0.000806636 0.155965 0.627451 0.627451 0.643137
v 0.00057241 0.000848633 0.155965 0.627451 0.627451 0.643137
v 0.000511818 0.000886495 0.155965 0.627451 0.627451 0.643137
v 0.000448733 0.000920038 0.155965 0.627451 0.627451 0.643137
v 0.000383461 0.000949099 0.155965 0.627451 0.627451 0.643137
v 0.000316321 0.000973536 0.155965 0.627451 0.627451 0.643137
v 0.00024764 0.00099323 0.155965 0.627451 0.627451 0.643137
v 0.000177753 0.00100808 0.155965 0.627451 0.627451 0.643137
v 0.000106999 0.00101803 0.155965 0.627451 0.627451 0.643137
v 3.57244e-05 0.00102301 0.155965 0.627451 0.627451 0.643137
v -3.57244e-05 0.00102301 0.155965 0.627451 0.627451 0.643137
v -0.000106999 0.00101803 0.155965 0.627451 0.627451 0.643137
v -0.000177753 0.00100808 0.155965 0.627451 0.627451 0.643137
v -0.00024764 0.00099323 0.155965 0.627451 0.627451 0.643137
v -0.000316321 0.000973536 0.155965 0.627451 0.627451 0.643137
v -0.000383461 0.000949099 0.155965 0.627451 0.627451 0.643137
v -0.000448733 0.000920038 0.155965 0.627451 0.627451 0.643137
v -0.000511818 0.000886495 0.155965 0.627451 0.627451 0.643137
v -0.00057241 0.000848633 0.155965 0.627451 0.627451 0.643137
v -0.000630213 0.000806636 0.155965 0.627451 0.627451 0.643137
v -0.000684946 0.00076071 0.155965 0.627451 0.627451 0.643137
v -0.000736342 0.000711077 0.155965 0.627451 0.627451 0.643137
v -0.000784151 0.000657981 0.155965 0.627451 0.627451 0.643137
v -0.000828139 0.000601678 0.155965 0.627451 0.627451 0.643137
v -0.000868093 0.000542445 0.155965 0.627451 0.627451 0.643137
v -0.000903817 0.000480568 0.155965 0.627451 0.627451 0.643137
v -0.000935138 0.00041635 0.155965 0.627451 0.627451 0.643137
v -0.000961903 0.000350104 0.155965 0.627451 0.627451 0.643137
v -0.000983982 0.000282152 0.155965 0.627451 0.627451 0.643137
v -0.00100127 0.000212826 0.155965 0.627451 0.627451 0.643137
v -0.00101367 0.000142463 0.155965 0.627451 0.627451 0.643137
v -0.00102114 7.14053e-05 0.155965 0.627451 0.627451 0.643137
v -0.00102364 9.36122e-19 0.155965 0.627451 0.627451 0.643137
v -0.00102114 -7.14053e-05 0.155965 0.627451 0.627451 0.643137
v -0.00101367 -0.000142463 0.155965 0.627451 0.627451 0.643137
v -0.00100127 -0.000212826 0.155965 0.627451 0.627451 0.643137
v -0.000983982 -0.000282152 0.155965 0.627451 0.627451 0.643137
v -0.000961903 -0.000350104 0.155965 0.627451 0.627451 0.643137
v -0.000935138 -0.00041635 0.155965 0.627451 0.627451 0.643137
v -0.000903817 -0.000480568 0.155965 0.627451 0.627451 0.643137
v -0.000868093 -0.000542445 0.155965 0.627451 0.627451 0.643137
v -0.000828139 -0.000601678 0.155965 0.627451 0.627451 0.643137
v -0.000784151 -0.000657981 0.155965 0.627451 0.627451 0.643137
v -0.000736342 -0.000711077 0.155965 0.627451 0.627451 0.643137
v -0.000684946 -0.00076071 0.155965 0.627451 0.627451 0.643137
v -0.000630213 -0.000806636 0.155965 0.627451 0.627451 0.643137
v -0.00057241 -0.000848633 0.155965 0.627451 0.627451 0.643137
v -0.000511818 -0.000886495 0.155965 0.627451 0.627451 0.643137
v -0.000448733 -0.000920038 0.155965 0.627451 0.627451 0.643137
v -0.000383461 -0.000949099 0.155965 0.627451 0.627451 0.643137
v -0.000316321 -0.000973536 0.155965 0.627451 0.627451 0.643137
v -0.00024764 -0.00099323 0.155965 0.627451 0.627451 0.643137
v -0.000177753 -0.00100808 0.155965 0.627451 0.627451 0.643137
v -0.000106999 -0.00101803 0.155965 0.627451 0.627451 0.643137
v -3.57244e-05 -0.00102301 0.155965 0.627451 0.627451 0.643137
v 3.57244e-05 -0.00102301 0.155965 0.627451 0.627451 0.643137
v 0.000106999 -0.00101803 0.155965 0.627451 0.627451 0.643137
v 0.000177753 -0.00100808 0.155965 0.627451 0.627451 0.643137
v 0.00024764 -0.00099323 0.155965 0.627451 0.627451 0.643137
v 0.000316321 -0.000973536 0.155965 0.627451 0.627451 0.643137
v 0.000383461 -0.000949099 0.155965 0.627451 0.627451 0.643137
v 0.000448733 -0.000920038 0.155965 0.627451 0.627451 0.643137
v 0.000511818 -0.000886495 0.155965 0.627451 0.627451 0.643137
v 0.00057241 -0.000848633 0.155965 0.627451 0.627451 0.643137
v 0.000630213 -0.000806636 0.155965 0.627451 0.627451 0.643137
v 0.000684946 -0.00076071 0.155965 0.627451 0.627451 0.643137
v 0.000736342 -0.000711077 0.155965 0.627451 0.627451 0.643137
v 0.000784151 -0.000657981 0.155965 0.627451 0.627451 0.643137
v 0.000828139 -0.000601678 0.155965 0.627451 0.627451 0.643137
v 0.000868093 -0.000542445 0.155965 0.627451 0.627451 0.643137
v 0.000903817 -0.000480568 0.155965 0.627451 0.627451 0.643137
v 0.000935138 -0.00041635 0.155965 0.627451 0.627451 0.643137
v 0.000961903 -0.000350104 0.155965 0.627451 0.627451 0.643137
v 0.000983982 -0.000282152 0.155965 0.627451 0.627451 0.643137
v 0.00100127 -0.000212826 0.155965 0.627451 0.627451 0.643137
v 0.00101367 -0.000142463 0.155965 0.627451 0.627451 0.643137
v 0.00102114 -7.14053e-05 0.155965 0.627451 0.627451 0.643137
v 9.18485e-19 1.16341e-18 0.156 0.627451 0.627451 0.643137
v -0.015 1.16341e-18 0.006 0.627451 0.627451 0.643137
v -0.0149635 0.00104635 0.006 0.627451 0.627451 0.643137
v -0.014854 0.0020876 0.006 0.627451 0.627451 0.643137
v -0.0146722 0.00311868 0.006 0.627451 0.627451 0.643137
v -0.0144189 0.00413456 0.006 0.627451 0.627451 0.643137
v -0.0140954 0.0051303 0.006 0.627451 0.627451 0.643137
v -0.0137032 0.00610105 0.006 0.627451 0.627451 0.643137
v -0.0132442 0.00704207 0.006 0.627451 0.627451 0.643137
v -0.0127207 0.00794879 0.006 0.627451 0.627451 0.643137
v -0.0121353 0.00881678 0.006 0.627451 0.627451 0.643137
v -0.0114907 0.00964181 0.006 0.627451 0.627451 0.643137
v -0.0107901 0.0104199 0.006 0.627451 0.627451 0.643137
v -0.010037 0.0111472 0.006 0.627451 0.627451 0.643137
v -0.00923492 0.0118202 0.006 0.627451 0.627451 0.643137
v -0.00838789 0.0124356 0.006 0.627451 0.627451 0.643137
v -0.0075 0.0129904 0.006 0.627451 0.627451 0.643137
v -0.00657557 0.0134819 0.006 0.627451 0.627451 0.643137
v -0.0056191 0.0139078 0.006 0.627451 0.627451 0.643137
v -0.00463525 0.0142658 0.006 0.627451 0.627451 0.643137
v -0.00362883 0.0145544 0.006 0.627451 0.627451 0.643137
v -0.00260472 0.0147721 0.006 0.627451 0.627451 0.643137
v -0.00156793 0.0149178 0.006 0.627451 0.627451 0.643137
v 0.000523492 0.0149909 0.006 0.627451 0.627451 0.643137
v -8.67362e-18 0.015 0.006 0.627451 0.627451 0.643137
v 0.00156793 0.0149178 0.006 0.627451 0.627451 0.643137
v 0.00260472 0.0147721 0.006 0.627451 0.627451 0.643137
v 0.00362883 0.0145544 0.006 0.627451 0.627451 0.643137
v 0.00463525 0.0142658 0.006 0.627451 0.627451 0.643137
v 0.0056191 0.0139078 0.006 0.627451 0.627451 0.643137
v 0.00657557 0.0134819 0.006 0.627451 0.627451 0.643137
v 0.0075 0.0129904 0.006 0.627451 0.627451 0.643137
v 0.00838789 0.0124356 0.006 0.627451 0.627451 0.643137
v 0.00923492 0.0118202 0.006 0.627451 0.627451 0.643137
v 0.010037 0.0111472 0.006 0.627451 0.627451 0.643137
v 0.0107901 0.0104199 0.006 0.627451 0.627451 0.643137
v 0.0114907 0.00964181 0.006 0.627451 0.627451 0.643137
v 0.0121353 0.00881678 0.006 0.627451 0.627451 0.643137
v 0.0127207 0.00794879 0.006 0.627451 0.627451 0.643137
v 0.0132442 0.00704207 0.006 0.627451 0.627451 0.643137
v 0.0137032 0.00610105 0.006 0.627451 0.627451 0.643137
v 0.0140954 0.0051303 0.006 0.627451 0.627451 0.643137
v 0.0144189 0.00413456 0.006 0.627451 0.627451 0.643137
v 0.0146722 0.00311868 0.006 0.627451 0.627451 0.643137
v 0.014854 0.0020876 0.006 0.627451 0.627451 0.643137
v 0.0149635 0.00104635 0.006 0.627451 0.627451 0.643137
v 0.015 3.00038e-18 0.006 0.627451 0.627451 0.643137
v 0.0149635 -0.00104635 0.006 0.627451 0.627451 0.643137
v 0.014854 -0.0020876 0.006 0.627451 0.627451 0.643137
v 0.0146722 -0.00311868 0.006 0.627451 0.627451 0.643137
v 0.0144189 -0.00413456 0.006 0.627451 0.627451 0.643137
v 0.0140954 -0.0051303 0.006 0.627451 0.627451 0.643137
v 0.0137032 -0.00610105 0.006 0.627451 0.627451 0.643137
v 0.0132442 -0.00704207 0.006 0.627451 0.627451 0.643137
v 0.0127207 -0.00794879 0.006 0.627451 0.627451 0.643137
v 0.0121353 -0.00881678 0.006 0.627451 0.627451 0.643137
v 0.0114907 -0.00964181 0.006 0.627451 0.627451 0.643137
v 0.0107901 -0.0104199 0.006 0.627451 0.627451 0.643137
v 0.010037 -0.0111472 0.006 0.627451 0.627451 0.643137
v 0.00923492 -0.0118202 0.006 0.627451 0.627451 0.643137
v 0.00838789 -0.0124356 0.006 0.627451 0.627451 0.643137
v 0.0075 -0.0129904 0.006 0.627451 0.627451 0.643137
v 0.00657557 -0.0134819 0.006 0.627451 0.627451 0.643137
v 0.0056191 -0.0139078 0.006 0.627451 0.627451 0.643137
v 0.00463525 -0.0142658 0.006 0.627451 0.627451 0.643137
v 0.00362883 -0.0145544 0.006 0.627451 0.627451 0.643137
v 0.00260472 -0.0147721 0.006 0.627451 0.627451 0.643137
v 0.00156793 -0.0149178 0.006 0.627451 0.627451 0.643137
v -0.000523492 -0.0149909 0.006 0.627451 0.627451 0.643137
v -8.67362e-18 -0.015 0.006 0.627451 0.627451 0.643137
v -0.00156793 -0.0149178 0.006 0.627451 0.627451 0.643137
v -0.00260472 -0.0147721 0.006 0.627451 0.627451 0.643137
v -0.00362883 -0.0145544 0.006 0.627451 0.627451 0.643137
v -0.00463525 -0.0142658 0.006 0.627451 0.627451 0.643137
v -0.0056191 -0.0139078 0.006 0.627451 0.627451 0.643137
v -0.00657557 -0.0134819 0.006 0.627451 0.627451 0.643137
v -0.0075 -0.0129904 0.006 0.627451 0.627451 0.643137
v -0.00838789 -0.0124356 0.006 0.627451 0.627451 0.643137
v -0.00923492 -0.0118202 0.006 0.627451 0.627451 0.643137
v -0.010037 -0.0111472 0.006 0.627451 0.627451 0.643137
v -0.0107901 -0.0104199 0.006 0.627451 0.627451 0.643137
v -0.0114907 -0.00964181 0.006 0.627451 0.627451 0.643137
v -0.0121353 -0.00881678 0.006 0.627451 0.627451 0.643137
v -0.0127207 -0.00794879 0.006 0.627451 0.627451 0.643137
v -0.0132442 -0.00704207 0.006 0.627451 0.627451 0.643137
v -0.0137032 -0.00610105 0.006 0.627451 0.627451 0.643137
v -0.0140954 -0.0051303 0.006 0.627451 0.627451 0.643137
v -0.0144189 -0.00413456 0.006 0.627451 0.627451 0.643137
v -0.0146722 -0.00311868 0.006 0.627451 0.627451 0.643137
v -0.014854 -0.0020876 0.006 0.627451 0.627451 0.643137
v -0.0149635 -0.00104635 0.006 0.627451 0.627451 0.643137
v 0.000523492 -0.0149909 0.006 0.627451 0.627451 0.643137
v -0.000523492 0.0149909 0.006 0.627451 0.627451 0.643137
v 0.0146021 0.0131179 0.006 0.627451 0.627451 0.643137
v 0.0142915 0.0133436 0.006 0.627451 0.627451 0.643137
v 0.0152666 0.0127343 0.006 0.627451 0.627451 0.643137
v 0.0149276 0.0129145 0.006 0.627451 0.627451 0.643137
v 0.0171027 0.0122078 0.006 0.627451 0.627451 0.643137
v 0.0167226 0.0122612 0.006 0.627451 0.627451 0.643137
v 0.0163471 0.012341 0.006 0.627451 0.627451 0.643137
v 0.0137213 0.013857 0.006 0.627451 0.627451 0.643137
v 0.0159781 0.0124468 0.006 0.627451 0.627451 0.643137
v 0.0156173 0.0125781 0.006 0.627451 0.627451 0.643137
v 0.0122978 0.0165341 0.006 0.627451 0.627451 0.643137
v 0.0134644 0.0141423 0.006 0.627451 0.627451 0.643137
v 0.0139974 0.0135904 0.006 0.627451 0.627451 0.643137
v 0.0171027 0.0231475 0.006 0.627451 0.627451 0.643137
v 0.0174857 0.0231743 0.006 0.627451 0.627451 0.643137
v 0.0178942 0.0265292 0.006 0.627451 0.627451 0.643137
v -8.67362e-18 0.032 0.006 0.627451 0.627451 0.643137
v 0.0128214 0.0202597 0.006 0.627451 0.627451 0.643137
v 0.0130134 0.0205922 0.006 0.627451 0.627451 0.643137
v 0.0122312 0.0169122 0.006 0.627451 0.627451 0.643137
v 0.012191 0.017294 0.006 0.627451 0.627451 0.643137
v 0.0123907 0.0161616 0.006 0.627451 0.627451 0.643137
v 0.0125093 0.0157965 0.006 0.627451 0.627451 0.643137
v 0.0130134 0.0147631 0.006 0.627451 0.627451 0.643137
v 0.0132281 0.0144448 0.006 0.627451 0.627451 0.643137
v 0.0178696 0.012181 0.006 0.627451 0.627451 0.643137
v 0.0174857 0.012181 0.006 0.627451 0.627451 0.643137
v 0.032 7.71527e-18 0.006 0.627451 0.627451 0.643137
v 0.0193772 0.0124468 0.006 0.627451 0.627451 0.643137
v 0.0190082 0.012341 0.006 0.627451 0.627451 0.643137
v 0.0204276 0.0129145 0.006 0.627451 0.627451 0.643137
v 0.0200887 0.0127343 0.006 0.627451 0.627451 0.643137
v 0.0210638 0.0133436 0.006 0.627451 0.627451 0.643137
v 0.031922 0.00223221 0.006 0.627451 0.627451 0.643137
v 0.0218909 0.0141423 0.006 0.627451 0.627451 0.643137
v 0.0313007 0.00665317 0.006 0.627451 0.627451 0.643137
v 0.0307604 0.0088204 0.006 0.627451 0.627451 0.643137
v 0.0223419 0.0147631 0.006 0.627451 0.627451 0.643137
v 0.0300702 0.0109446 0.006 0.627451 0.627451 0.643137
v 0.0225339 0.0150956 0.006 0.627451 0.627451 0.643137
v 0.0292335 0.0130156 0.006 0.627451 0.627451 0.643137
v 0.022846 0.0157965 0.006 0.627451 0.627451 0.643137
v 0.0282543 0.0150231 0.006 0.627451 0.627451 0.643137
v 0.0230575 0.0165341 0.006 0.627451 0.627451 0.643137
v 0.0271375 0.0169574 0.006 0.627451 0.627451 0.643137
v 0.0245134 0.0205692 0.006 0.627451 0.627451 0.643137
v 0.022846 0.0195588 0.006 0.627451 0.627451 0.643137
v 0.0229646 0.0191937 0.006 0.627451 0.627451 0.643137
v 0.0230189 0.0222291 0.006 0.627451 0.627451 0.643137
v 0.0221272 0.0209105 0.006 0.627451 0.627451 0.643137
v 0.0223419 0.0205922 0.006 0.627451 0.627451 0.643137
v 0.0213579 0.0217649 0.006 0.627451 0.627451 0.643137
v 0.021634 0.0214983 0.006 0.627451 0.627451 0.643137
v 0.0214122 0.0237806 0.006 0.627451 0.627451 0.643137
v 0.0210638 0.0220117 0.006 0.627451 0.627451 0.643137
v 0.0204276 0.0224408 0.006 0.627451 0.627451 0.643137
v 0.0207532 0.0222374 0.006 0.627451 0.627451 0.643137
v 0.0197012 0.0252163 0.006 0.627451 0.627451 0.643137
v 0.019738 0.0227772 0.006 0.627451 0.627451 0.643137
v 0.0186327 0.0230941 0.006 0.627451 0.627451 0.643137
v 0.0190082 0.0230143 0.006 0.627451 0.627451 0.643137
v 0.0182526 0.0231475 0.006 0.627451 0.627451 0.643137
v 0.016 0.0277128 0.006 0.627451 0.627451 0.643137
v 0.0163471 0.0230143 0.006 0.627451 0.627451 0.643137
v 0.0167226 0.0230941 0.006 0.627451 0.627451 0.643137
v 0.0146021 0.0222374 0.006 0.627451 0.627451 0.643137
v 0.0149276 0.0224408 0.006 0.627451 0.627451 0.643137
v 0.00988854 0.0304338 0.006 0.627451 0.627451 0.643137
v 0.0137213 0.0214983 0.006 0.627451 0.627451 0.643137
v 0.0139974 0.0217649 0.006 0.627451 0.627451 0.643137
v 0.00555674 0.0315138 0.006 0.627451 0.627451 0.643137
v 0.0134644 0.021213 0.006 0.627451 0.627451 0.643137
v 0.00334491 0.0318247 0.006 0.627451 0.627451 0.643137
v 0.0126531 0.0199147 0.006 0.627451 0.627451 0.643137
v 0.0123907 0.0191937 0.006 0.627451 0.627451 0.643137
v 0.0125093 0.0195588 0.006 0.627451 0.627451 0.643137
v 0.0121776 0.0176777 0.006 0.627451 0.627451 0.643137
v 0.0126531 0.0154406 0.006 0.627451 0.627451 0.643137
v 0.0182526 0.0122078 0.006 0.627451 0.627451 0.643137
v 0.019738 0.0125781 0.006 0.627451 0.627451 0.643137
v 0.0213579 0.0135904 0.006 0.627451 0.627451 0.643137
v 0.0221272 0.0144448 0.006 0.627451 0.627451 0.643137
v 0.0227022 0.0154406 0.006 0.627451 0.627451 0.643137
v 0.0229646 0.0161616 0.006 0.627451 0.627451 0.643137
v 0.0231241 0.0169122 0.006 0.627451 0.627451 0.643137
v 0.0227022 0.0199147 0.006 0.627451 0.627451 0.643137
v 0.0225339 0.0202597 0.006 0.627451 0.627451 0.643137
v 0.0218909 0.021213 0.006 0.627451 0.627451 0.643137
v 0.0200887 0.022621 0.006 0.627451 0.627451 0.643137
v 0.0193772 0.0229085 0.006 0.627451 0.627451 0.643137
v 0.0178696 0.0231743 0.006 0.627451 0.627451 0.643137
v 0.0140279 0.0287614 0.006 0.627451 0.627451 0.643137
v 0.0159781 0.0229085 0.006 0.627451 0.627451 0.643137
v 0.0152666 0.022621 0.006 0.627451 0.627451 0.643137
v 0.0119874 0.0296699 0.006 0.627451 0.627451 0.643137
v 0.0077415 0.0310495 0.006 0.627451 0.627451 0.643137
v 0.0142915 0.0220117 0.006 0.627451 0.627451 0.643137
v 0.00111678 0.0319805 0.006 0.627451 0.627451 0.643137
v 0.0132281 0.0209105 0.006 0.627451 0.627451 0.643137
v 0.0122978 0.0188212 0.006 0.627451 0.627451 0.643137
v 0.0128214 0.0150956 0.006 0.627451 0.627451 0.643137
v 0.0186327 0.0122612 0.006 0.627451 0.627451 0.643137
v 0.0207532 0.0131179 0.006 0.627451 0.627451 0.643137
v 0.0316886 0.00445354 0.006 0.627451 0.627451 0.643137
v 0.021634 0.013857 0.006 0.627451 0.627451 0.643137
v 0.0258885 0.0188091 0.006 0.627451 0.627451 0.643137
v 0.0230575 0.0188212 0.006 0.627451 0.627451 0.643137
v 0.0156173 0.0227772 0.006 0.627451 0.627451 0.643137
v 0.0122312 0.0184431 0.006 0.627451 0.627451 0.643137
v 0.012191 0.0180613 0.006 0.627451 0.627451 0.643137
v 0.0231776 0.0176777 0.006 0.627451 0.627451 0.643137
v 0.0231241 0.0184431 0.006 0.627451 0.627451 0.643137
v 0.0231643 0.0180613 0.006 0.627451 0.627451 0.643137
v 0.0231643 0.017294 0.006 0.627451 0.627451 0.643137
v -0.0163471 0.012341 0.006 0.627451 0.627451 0.643137
v -0.0167226 0.0122612 0.006 0.627451 0.627451 0.643137
v -0.0159781 0.0124468 0.006 0.627451 0.627451 0.643137
v -0.0171027 0.0122078 0.006 0.627451 0.627451 0.643137
v -0.0156173 0.0125781 0.006 0.627451 0.627451 0.643137
v -0.0139974 0.0135904 0.006 0.627451 0.627451 0.643137
v -0.0152666 0.0127343 0.006 0.627451 0.627451 0.643137
v -0.0142915 0.0133436 0.006 0.627451 0.627451 0.643137
v -0.0125093 0.0157965 0.006 0.627451 0.627451 0.643137
v -0.0126531 0.0154406 0.006 0.627451 0.627451 0.643137
v -0.0122978 0.0165341 0.006 0.627451 0.627451 0.643137
v -0.0123907 0.0161616 0.006 0.627451 0.627451 0.643137
v -0.032 -4.04133e-18 0.006 0.627451 0.627451 0.643137
v -0.0190082 0.012341 0.006 0.627451 0.627451 0.643137
v -0.0182526 0.0122078 0.006 0.627451 0.627451 0.643137
v -0.0186327 0.0122612 0.006 0.627451 0.627451 0.643137
v -0.0149277 0.0129145 0.006 0.627451 0.627451 0.643137
v -0.0146021 0.0131179 0.006 0.627451 0.627451 0.643137
v -0.0134644 0.0141423 0.006 0.627451 0.627451 0.643137
v -0.0137213 0.013857 0.006 0.627451 0.627451 0.643137
v -0.0132281 0.0144448 0.006 0.627451 0.627451 0.643137
v -0.0121777 0.0176776 0.006 0.627451 0.627451 0.643137
v -0.0122312 0.0169122 0.006 0.627451 0.627451 0.643137
v -0.012191 0.017294 0.006 0.627451 0.627451 0.643137
v -0.0128214 0.0202597 0.006 0.627451 0.627451 0.643137
v -0.0126531 0.0199147 0.006 0.627451 0.627451 0.643137
v -0.0193772 0.0124468 0.006 0.627451 0.627451 0.643137
v -0.019738 0.0125781 0.006 0.627451 0.627451 0.643137
v -0.0174857 0.012181 0.006 0.627451 0.627451 0.643137
v -0.0178696 0.012181 0.006 0.627451 0.627451 0.643137
v -0.0130134 0.0147631 0.006 0.627451 0.627451 0.643137
v -0.0128214 0.0150956 0.006 0.627451 0.627451 0.643137
v -0.0125093 0.0195588 0.006 0.627451 0.627451 0.643137
v -0.0163471 0.0230143 0.006 0.627451 0.627451 0.643137
v -0.0140279 0.0287614 0.006 0.627451 0.627451 0.643137
v -0.016 0.0277128 0.006 0.627451 0.627451 0.643137
v -0.0171027 0.0231475 0.006 0.627451 0.627451 0.643137
v -0.0178942 0.0265292 0.006 0.627451 0.627451 0.643137
v -0.0214122 0.0237806 0.006 0.627451 0.627451 0.643137
v -0.0207532 0.0222374 0.006 0.627451 0.627451 0.643137
v -0.0204277 0.0224408 0.006 0.627451 0.627451 0.643137
v -0.0230189 0.0222291 0.006 0.627451 0.627451 0.643137
v -0.0213579 0.0217649 0.006 0.627451 0.627451 0.643137
v -0.0218909 0.021213 0.006 0.627451 0.627451 0.643137
v -0.021634 0.0214983 0.006 0.627451 0.627451 0.643137
v -0.0245134 0.0205692 0.006 0.627451 0.627451 0.643137
v -0.0223419 0.0205922 0.006 0.627451 0.627451 0.643137
v -0.0230575 0.0165341 0.006 0.627451 0.627451 0.643137
v -0.0231241 0.0169122 0.006 0.627451 0.627451 0.643137
v -0.0271375 0.0169574 0.006 0.627451 0.627451 0.643137
v -0.0223419 0.0147631 0.006 0.627451 0.627451 0.643137
v -0.0225339 0.0150956 0.006 0.627451 0.627451 0.643137
v -0.0300702 0.0109446 0.006 0.627451 0.627451 0.643137
v -0.0218909 0.0141423 0.006 0.627451 0.627451 0.643137
v -0.0221272 0.0144448 0.006 0.627451 0.627451 0.643137
v -0.0307604 0.0088204 0.006 0.627451 0.627451 0.643137
v -0.021634 0.013857 0.006 0.627451 0.627451 0.643137
v -0.0313007 0.00665317 0.006 0.627451 0.627451 0.643137
v -0.0213579 0.0135904 0.006 0.627451 0.627451 0.643137
v -0.0316886 0.00445354 0.006 0.627451 0.627451 0.643137
v -0.0210638 0.0133436 0.006 0.627451 0.627451 0.643137
v -0.031922 0.00223221 0.006 0.627451 0.627451 0.643137
v -0.0130134 0.0205922 0.006 0.627451 0.627451 0.643137
v -0.0132281 0.0209105 0.006 0.627451 0.627451 0.643137
v -0.00111678 0.0319805 0.006 0.627451 0.627451 0.643137
v -0.0134644 0.021213 0.006 0.627451 0.627451 0.643137
v -0.00334491 0.0318247 0.006 0.627451 0.627451 0.643137
v -0.0167226 0.0230941 0.006 0.627451 0.627451 0.643137
v -0.0178696 0.0231743 0.006 0.627451 0.627451 0.643137
v -0.0174857 0.0231743 0.006 0.627451 0.627451 0.643137
v -0.0210638 0.0220117 0.006 0.627451 0.627451 0.643137
v -0.0225339 0.0202597 0.006 0.627451 0.627451 0.643137
v -0.0258885 0.0188091 0.006 0.627451 0.627451 0.643137
v -0.0229646 0.0191937 0.006 0.627451 0.627451 0.643137
v -0.0282543 0.0150231 0.006 0.627451 0.627451 0.643137
v -0.022846 0.0157965 0.006 0.627451 0.627451 0.643137
v -0.0229646 0.0161616 0.006 0.627451 0.627451 0.643137
v -0.0227022 0.0154406 0.006 0.627451 0.627451 0.643137
v -0.0292335 0.0130156 0.006 0.627451 0.627451 0.643137
v -0.0200887 0.0127343 0.006 0.627451 0.627451 0.643137
v -0.0204277 0.0129145 0.006 0.627451 0.627451 0.643137
v -0.0137213 0.0214983 0.006 0.627451 0.627451 0.643137
v -0.00555674 0.0315138 0.006 0.627451 0.627451 0.643137
v -0.0139974 0.0217649 0.006 0.627451 0.627451 0.643137
v -0.0077415 0.0310495 0.006 0.627451 0.627451 0.643137
v -0.0146021 0.0222374 0.006 0.627451 0.627451 0.643137
v -0.00988854 0.0304338 0.006 0.627451 0.627451 0.643137
v -0.0182526 0.0231475 0.006 0.627451 0.627451 0.643137
v -0.0197012 0.0252163 0.006 0.627451 0.627451 0.643137
v -0.0186327 0.0230941 0.006 0.627451 0.627451 0.643137
v -0.0193772 0.0229085 0.006 0.627451 0.627451 0.643137
v -0.0190082 0.0230143 0.006 0.627451 0.627451 0.643137
v -0.0227022 0.0199147 0.006 0.627451 0.627451 0.643137
v -0.022846 0.0195588 0.006 0.627451 0.627451 0.643137
v -0.0231643 0.0180613 0.006 0.627451 0.627451 0.643137
v -0.0231241 0.0184431 0.006 0.627451 0.627451 0.643137
v -0.0231777 0.0176776 0.006 0.627451 0.627451 0.643137
v -0.0231643 0.017294 0.006 0.627451 0.627451 0.643137
v -0.0207532 0.0131179 0.006 0.627451 0.627451 0.643137
v -0.0142915 0.0220117 0.006 0.627451 0.627451 0.643137
v -0.0149277 0.0224408 0.006 0.627451 0.627451 0.643137
v -0.0119874 0.0296699 0.006 0.627451 0.627451 0.643137
v -0.0200887 0.022621 0.006 0.627451 0.627451 0.643137
v -0.019738 0.0227772 0.006 0.627451 0.627451 0.643137
v -0.0221272 0.0209105 0.006 0.627451 0.627451 0.643137
v -0.0123907 0.0191937 0.006 0.627451 0.627451 0.643137
v -0.0152666 0.022621 0.006 0.627451 0.627451 0.643137
v -0.0156173 0.0227772 0.006 0.627451 0.627451 0.643137
v -0.0230575 0.0188212 0.006 0.627451 0.627451 0.643137
v -0.0122978 0.0188212 0.006 0.627451 0.627451 0.643137
v -0.0159781 0.0229085 0.006 0.627451 0.627451 0.643137
v -0.0122312 0.0184431 0.006 0.627451 0.627451 0.643137
v -0.012191 0.0180613 0.006 0.627451 0.627451 0.643137
v -0.0132281 -0.0144448 0.006 0.627451 0.627451 0.643137
v -0.0134644 -0.0141423 0.006 0.627451 0.627451 0.643137
v -0.0126531 -0.0154406 0.006 0.627451 0.627451 0.643137
v -0.0130134 -0.0147631 0.006 0.627451 0.627451 0.643137
v -0.0137213 -0.013857 0.006 0.627451 0.627451 0.643137
v -0.0171027 -0.0122078 0.006 0.627451 0.627451 0.643137
v -0.0125093 -0.0157965 0.006 0.627451 0.627451 0.643137
v -0.0128214 -0.0150956 0.006 0.627451 0.627451 0.643137
v -0.0142915 -0.0133436 0.006 0.627451 0.627451 0.643137
v -0.0139974 -0.0135904 0.006 0.627451 0.627451 0.643137
v -0.0146021 -0.0131179 0.006 0.627451 0.627451 0.643137
v -0.0156173 -0.0125781 0.006 0.627451 0.627451 0.643137
v -0.0152666 -0.0127343 0.006 0.627451 0.627451 0.643137
v -0.0167226 -0.0122612 0.006 0.627451 0.627451 0.643137
v -0.0207532 -0.0131179 0.006 0.627451 0.627451 0.643137
v -0.0204276 -0.0129145 0.006 0.627451 0.627451 0.643137
v -0.0210638 -0.0133436 0.006 0.627451 0.627451 0.643137
v -0.031922 -0.00223221 0.006 0.627451 0.627451 0.643137
v -0.0213579 -0.0135904 0.006 0.627451 0.627451 0.643137
v -0.0316886 -0.00445354 0.006 0.627451 0.627451 0.643137
v -0.0123907 -0.0161616 0.006 0.627451 0.627451 0.643137
v -0.0149276 -0.0129145 0.006 0.627451 0.627451 0.643137
v -0.0159781 -0.0124468 0.006 0.627451 0.627451 0.643137
v -0.0163471 -0.012341 0.006 0.627451 0.627451 0.643137
v -0.021634 -0.013857 0.006 0.627451 0.627451 0.643137
v -0.0223419 -0.0147631 0.006 0.627451 0.627451 0.643137
v -0.0307604 -0.0088204 0.006 0.627451 0.627451 0.643137
v -0.0300702 -0.0109446 0.006 0.627451 0.627451 0.643137
v -0.0122978 -0.0165341 0.006 0.627451 0.627451 0.643137
v -0.0122312 -0.0169122 0.006 0.627451 0.627451 0.643137
v -0.0178696 -0.012181 0.006 0.627451 0.627451 0.643137
v -0.0174857 -0.012181 0.006 0.627451 0.627451 0.643137
v -0.0193772 -0.0124468 0.006 0.627451 0.627451 0.643137
v -0.0190082 -0.012341 0.006 0.627451 0.627451 0.643137
v -0.0200887 -0.0127343 0.006 0.627451 0.627451 0.643137
v -0.019738 -0.0125781 0.006 0.627451 0.627451 0.643137
v -0.0313007 -0.00665317 0.006 0.627451 0.627451 0.643137
v -0.0218909 -0.0141423 0.006 0.627451 0.627451 0.643137
v -0.0225339 -0.0150956 0.006 0.627451 0.627451 0.643137
v -0.0292335 -0.0130156 0.006 0.627451 0.627451 0.643137
v -0.022846 -0.0157965 0.006 0.627451 0.627451 0.643137
v -0.0282543 -0.0150231 0.006 0.627451 0.627451 0.643137
v -0.0230575 -0.0165341 0.006 0.627451 0.627451 0.643137
v -0.0271375 -0.0169574 0.006 0.627451 0.627451 0.643137
v -0.0182526 -0.0122078 0.006 0.627451 0.627451 0.643137
v -0.0221272 -0.0144448 0.006 0.627451 0.627451 0.643137
v -0.0227022 -0.0154406 0.006 0.627451 0.627451 0.643137
v -0.0229646 -0.0161616 0.006 0.627451 0.627451 0.643137
v -0.0231643 -0.017294 0.006 0.627451 0.627451 0.643137
v -0.0231241 -0.0169122 0.006 0.627451 0.627451 0.643137
v -0.0230189 -0.0222291 0.006 0.627451 0.627451 0.643137
v -0.0221272 -0.0209105 0.006 0.627451 0.627451 0.643137
v -0.0223419 -0.0205922 0.006 0.627451 0.627451 0.643137
v -0.0197012 -0.0252163 0.006 0.627451 0.627451 0.643137
v -0.0186327 -0.0230941 0.006 0.627451 0.627451 0.643137
v -0.0190082 -0.0230143 0.006 0.627451 0.627451 0.643137
v -0.0178942 -0.0265292 0.006 0.627451 0.627451 0.643137
v -0.0182526 -0.0231475 0.006 0.627451 0.627451 0.643137
v -0.0174857 -0.0231743 0.006 0.627451 0.627451 0.643137
v -0.0178696 -0.0231743 0.006 0.627451 0.627451 0.643137
v -0.0171027 -0.0231475 0.006 0.627451 0.627451 0.643137
v -0.0163471 -0.0230143 0.006 0.627451 0.627451 0.643137
v -0.0167226 -0.0230941 0.006 0.627451 0.627451 0.643137
v -0.016 -0.0277128 0.006 0.627451 0.627451 0.643137
v -0.0149276 -0.0224408 0.006 0.627451 0.627451 0.643137
v -0.0152666 -0.022621 0.006 0.627451 0.627451 0.643137
v -0.0119874 -0.0296699 0.006 0.627451 0.627451 0.643137
v -0.0122978 -0.0188212 0.006 0.627451 0.627451 0.643137
v -0.0123907 -0.0191937 0.006 0.627451 0.627451 0.643137
v -0.0186327 -0.0122612 0.006 0.627451 0.627451 0.643137
v -0.0231776 -0.0176777 0.006 0.627451 0.627451 0.643137
v -0.0258885 -0.0188091 0.006 0.627451 0.627451 0.643137
v -0.0230575 -0.0188212 0.006 0.627451 0.627451 0.643137
v -0.0231241 -0.0184431 0.006 0.627451 0.627451 0.643137
v -0.0245134 -0.0205692 0.006 0.627451 0.627451 0.643137
v -0.022846 -0.0195588 0.006 0.627451 0.627451 0.643137
v -0.0229646 -0.0191937 0.006 0.627451 0.627451 0.643137
v -0.0214122 -0.0237806 0.006 0.627451 0.627451 0.643137
v -0.0210638 -0.0220117 0.006 0.627451 0.627451 0.643137
v -0.0213579 -0.0217649 0.006 0.627451 0.627451 0.643137
v -0.0140279 -0.0287614 0.006 0.627451 0.627451 0.643137
v -0.0159781 -0.0229085 0.006 0.627451 0.627451 0.643137
v -0.0156173 -0.0227772 0.006 0.627451 0.627451 0.643137
v -0.00988854 -0.0304338 0.006 0.627451 0.627451 0.643137
v -0.0122312 -0.0184431 0.006 0.627451 0.627451 0.643137
v -0.0121776 -0.0176777 0.006 0.627451 0.627451 0.643137
v -0.012191 -0.0180613 0.006 0.627451 0.627451 0.643137
v -0.0231643 -0.0180613 0.006 0.627451 0.627451 0.643137
v -0.0227022 -0.0199147 0.006 0.627451 0.627451 0.643137
v -0.0225339 -0.0202597 0.006 0.627451 0.627451 0.643137
v -0.021634 -0.0214983 0.006 0.627451 0.627451 0.643137
v -0.0218909 -0.021213 0.006 0.627451 0.627451 0.643137
v -0.0200887 -0.022621 0.006 0.627451 0.627451 0.643137
v -0.0204276 -0.0224408 0.006 0.627451 0.627451 0.643137
v -0.019738 -0.0227772 0.006 0.627451 0.627451 0.643137
v -0.0146021 -0.0222374 0.006 0.627451 0.627451 0.643137
v -0.0139974 -0.0217649 0.006 0.627451 0.627451 0.643137
v -0.0142915 -0.0220117 0.006 0.627451 0.627451 0.643137
v -0.0077415 -0.0310495 0.006 0.627451 0.627451 0.643137
v -0.0137213 -0.0214983 0.006 0.627451 0.627451 0.643137
v -0.00555674 -0.0315138 0.006 0.627451 0.627451 0.643137
v -0.0134644 -0.021213 0.006 0.627451 0.627451 0.643137
v -0.00334491 -0.0318247 0.006 0.627451 0.627451 0.643137
v -8.67362e-18 -0.032 0.006 0.627451 0.627451 0.643137
v -0.0128214 -0.0202597 0.006 0.627451 0.627451 0.643137
v -0.0130134 -0.0205922 0.006 0.627451 0.627451 0.643137
v -0.0125093 -0.0195588 0.006 0.627451 0.627451 0.643137
v -0.0207532 -0.0222374 0.006 0.627451 0.627451 0.643137
v -0.0193772 -0.0229085 0.006 0.627451 0.627451 0.643137
v -0.00111678 -0.0319805 0.006 0.627451 0.627451 0.643137
v -0.0132281 -0.0209105 0.006 0.627451 0.627451 0.643137
v -0.0126531 -0.0199147 0.006 0.627451 0.627451 0.643137
v -0.012191 -0.017294 0.006 0.627451 0.627451 0.643137
v 0.0190082 -0.012341 0.006 0.627451 0.627451 0.643137
v 0.0186327 -0.0122612 0.006 0.627451 0.627451 0.643137
v 0.0163471 -0.012341 0.006 0.627451 0.627451 0.643137
v 0.0152666 -0.0127343 0.006 0.627451 0.627451 0.643137
v 0.0223419 -0.0147631 0.006 0.627451 0.627451 0.643137
v 0.0225339 -0.0150956 0.006 0.627451 0.627451 0.643137
v 0.0300702 -0.0109446 0.006 0.627451 0.627451 0.643137
v 0.0193772 -0.0124468 0.006 0.627451 0.627451 0.643137
v 0.019738 -0.0125781 0.006 0.627451 0.627451 0.643137
v 0.0182526 -0.0122078 0.006 0.627451 0.627451 0.643137
v 0.0171027 -0.0122078 0.006 0.627451 0.627451 0.643137
v 0.0174857 -0.012181 0.006 0.627451 0.627451 0.643137
v 0.0159781 -0.0124468 0.006 0.627451 0.627451 0.643137
v 0.0149277 -0.0129145 0.006 0.627451 0.627451 0.643137
v 0.0128214 -0.0150956 0.006 0.627451 0.627451 0.643137
v 0.0130134 -0.0147631 0.006 0.627451 0.627451 0.643137
v 0.022846 -0.0157965 0.006 0.627451 0.627451 0.643137
v 0.0229646 -0.0161616 0.006 0.627451 0.627451 0.643137
v 0.0282543 -0.0150231 0.006 0.627451 0.627451 0.643137
v 0.0227022 -0.0154406 0.006 0.627451 0.627451 0.643137
v 0.0292335 -0.0130156 0.006 0.627451 0.627451 0.643137
v 0.0307604 -0.0088204 0.006 0.627451 0.627451 0.643137
v 0.0221272 -0.0144448 0.006 0.627451 0.627451 0.643137
v 0.0218909 -0.0141423 0.006 0.627451 0.627451 0.643137
v 0.021634 -0.013857 0.006 0.627451 0.627451 0.643137
v 0.0313007 -0.00665317 0.006 0.627451 0.627451 0.643137
v 0.0213579 -0.0135904 0.006 0.627451 0.627451 0.643137
v 0.0316886 -0.00445354 0.006 0.627451 0.627451 0.643137
v 0.0210638 -0.0133436 0.006 0.627451 0.627451 0.643137
v 0.031922 -0.00223221 0.006 0.627451 0.627451 0.643137
v 0.0204277 -0.0129145 0.006 0.627451 0.627451 0.643137
v 0.0207532 -0.0131179 0.006 0.627451 0.627451 0.643137
v 0.0178696 -0.012181 0.006 0.627451 0.627451 0.643137
v 0.0167226 -0.0122612 0.006 0.627451 0.627451 0.643137
v 0.0156173 -0.0125781 0.006 0.627451 0.627451 0.643137
v 0.0134644 -0.0141423 0.006 0.627451 0.627451 0.643137
v 0.0137213 -0.013857 0.006 0.627451 0.627451 0.643137
v 0.0132281 -0.0144448 0.006 0.627451 0.627451 0.643137
v 0.0126531 -0.0154406 0.006 0.627451 0.627451 0.643137
v 0.0125093 -0.0157965 0.006 0.627451 0.627451 0.643137
v 0.0171027 -0.0231475 0.006 0.627451 0.627451 0.643137
v 0.016 -0.0277128 0.006 0.627451 0.627451 0.643137
v 0.0178942 -0.0265292 0.006 0.627451 0.627451 0.643137
v 0.0200887 -0.0127343 0.006 0.627451 0.627451 0.643137
v 0.0146021 -0.0131179 0.006 0.627451 0.627451 0.643137
v 0.0139974 -0.0135904 0.006 0.627451 0.627451 0.643137
v 0.0123907 -0.0161616 0.006 0.627451 0.627451 0.643137
v 0.0163471 -0.0230143 0.006 0.627451 0.627451 0.643137
v 0.0140279 -0.0287614 0.006 0.627451 0.627451 0.643137
v 0.0178696 -0.0231743 0.006 0.627451 0.627451 0.643137
v 0.0174857 -0.0231743 0.006 0.627451 0.627451 0.643137
v 0.0230575 -0.0165341 0.006 0.627451 0.627451 0.643137
v 0.0231241 -0.0169122 0.006 0.627451 0.627451 0.643137
v 0.0271375 -0.0169574 0.006 0.627451 0.627451 0.643137
v 0.0142915 -0.0133436 0.006 0.627451 0.627451 0.643137
v 0.0122312 -0.0169122 0.006 0.627451 0.627451 0.643137
v 0.0122978 -0.0165341 0.006 0.627451 0.627451 0.643137
v 0.0167226 -0.0230941 0.006 0.627451 0.627451 0.643137
v 0.0182526 -0.0231475 0.006 0.627451 0.627451 0.643137
v 0.0197012 -0.0252163 0.006 0.627451 0.627451 0.643137
v 0.0186327 -0.0230941 0.006 0.627451 0.627451 0.643137
v 0.0123907 -0.0191937 0.006 0.627451 0.627451 0.643137
v 0.0132281 -0.0209105 0.006 0.627451 0.627451 0.643137
v 0.00111678 -0.0319805 0.006 0.627451 0.627451 0.643137
v 0.0134644 -0.021213 0.006 0.627451 0.627451 0.643137
v 0.00334491 -0.0318247 0.006 0.627451 0.627451 0.643137
v 0.0137213 -0.0214983 0.006 0.627451 0.627451 0.643137
v 0.00555674 -0.0315138 0.006 0.627451 0.627451 0.643137
v 0.0139974 -0.0217649 0.006 0.627451 0.627451 0.643137
v 0.0077415 -0.0310495 0.006 0.627451 0.627451 0.643137
v 0.0146021 -0.0222374 0.006 0.627451 0.627451 0.643137
v 0.00988854 -0.0304338 0.006 0.627451 0.627451 0.643137
v 0.0149277 -0.0224408 0.006 0.627451 0.627451 0.643137
v 0.0119874 -0.0296699 0.006 0.627451 0.627451 0.643137
v 0.0214122 -0.0237806 0.006 0.627451 0.627451 0.643137
v 0.0200887 -0.022621 0.006 0.627451 0.627451 0.643137
v 0.019738 -0.0227772 0.006 0.627451 0.627451 0.643137
v 0.0122312 -0.0184431 0.006 0.627451 0.627451 0.643137
v 0.012191 -0.0180613 0.006 0.627451 0.627451 0.643137
v 0.0122978 -0.0188212 0.006 0.627451 0.627451 0.643137
v 0.0130134 -0.0205922 0.006 0.627451 0.627451 0.643137
v 0.0142915 -0.0220117 0.006 0.627451 0.627451 0.643137
v 0.0152666 -0.022621 0.006 0.627451 0.627451 0.643137
v 0.0156173 -0.0227772 0.006 0.627451 0.627451 0.643137
v 0.0193772 -0.0229085 0.006 0.627451 0.627451 0.643137
v 0.0190082 -0.0230143 0.006 0.627451 0.627451 0.643137
v 0.0230189 -0.0222291 0.006 0.627451 0.627451 0.643137
v 0.0245134 -0.0205692 0.006 0.627451 0.627451 0.643137
v 0.0223419 -0.0205922 0.006 0.627451 0.627451 0.643137
v 0.0258885 -0.0188091 0.006 0.627451 0.627451 0.643137
v 0.0229646 -0.0191937 0.006 0.627451 0.627451 0.643137
v 0.0121777 -0.0176776 0.006 0.627451 0.627451 0.643137
v 0.012191 -0.017294 0.006 0.627451 0.627451 0.643137
v 0.0126531 -0.0199147 0.006 0.627451 0.627451 0.643137
v 0.0125093 -0.0195588 0.006 0.627451 0.627451 0.643137
v 0.0128214 -0.0202597 0.006 0.627451 0.627451 0.643137
v 0.0159781 -0.0229085 0.006 0.627451 0.627451 0.643137
v 0.0204277 -0.0224408 0.006 0.627451 0.627451 0.643137
v 0.0213579 -0.0217649 0.006 0.627451 0.627451 0.643137
v 0.0225339 -0.0202597 0.006 0.627451 0.627451 0.643137
v 0.022846 -0.0195588 0.006 0.627451 0.627451 0.643137
v 0.0231241 -0.0184431 0.006 0.627451 0.627451 0.643137
v 0.0230575 -0.0188212 0.006 0.627451 0.627451 0.643137
v 0.0231643 -0.017294 0.006 0.627451 0.627451 0.643137
v 0.0207532 -0.0222374 0.006 0.627451 0.627451 0.643137
v 0.0210638 -0.0220117 0.006 0.627451 0.627451 0.643137
v 0.0218909 -0.021213 0.006 0.627451 0.627451 0.643137
v 0.021634 -0.0214983 0.006 0.627451 0.627451 0.643137
v 0.0227022 -0.0199147 0.006 0.627451 0.627451 0.643137
v 0.0221272 -0.0209105 0.006 0.627451 0.627451 0.643137
v 0.0231777 -0.0176776 0.006 0.627451 0.627451 0.643137
v 0.0231643 -0.0180613 0.006 0.627451 0.627451 0.643137
v -0.032 -4.04133e-18 -0.004 0.627451 0.627451 0.643137
v -0.031922 0.00223221 -0.004 0.627451 0.627451 0.643137
v -0.0316886 0.00445354 -0.004 0.627451 0.627451 0.643137
v -0.0308253 0.00859063 -0.004 0.627451 0.627451 0.643137
v -0.0307604 0.0088204 -0.004 0.627451 0.627451 0.643137
v -0.0300702 0.0109446 -0.004 0.627451 0.627451 0.643137
v -0.0292335 0.0130156 -0.004 0.627451 0.627451 0.643137
v -0.0282543 0.0150231 -0.004 0.627451 0.627451 0.643137
v -0.0271375 0.0169574 -0.004 0.627451 0.627451 0.643137
v -0.0258885 0.0188091 -0.004 0.627451 0.627451 0.643137
v -0.0245134 0.0205692 -0.004 0.627451 0.627451 0.643137
v -0.0230189 0.0222291 -0.004 0.627451 0.627451 0.643137
v -0.0214122 0.0237806 -0.004 0.627451 0.627451 0.643137
v -0.0197012 0.0252163 -0.004 0.627451 0.627451 0.643137
v -0.0178942 0.0265292 -0.004 0.627451 0.627451 0.643137
v -0.016 0.0277128 -0.004 0.627451 0.627451 0.643137
v -0.0140279 0.0287614 -0.004 0.627451 0.627451 0.643137
v -0.0119874 0.0296699 -0.004 0.627451 0.627451 0.643137
v -0.00988854 0.0304338 -0.004 0.627451 0.627451 0.643137
v -0.0077415 0.0310495 -0.004 0.627451 0.627451 0.643137
v -0.00555674 0.0315138 -0.004 0.627451 0.627451 0.643137
v -0.00334491 0.0318247 -0.004 0.627451 0.627451 0.643137
v 0.00111678 0.0319805 -0.004 0.627451 0.627451 0.643137
v 1.73472e-18 0.032 -0.004 0.627451 0.627451 0.643137
v -0.00111678 0.0319805 -0.004 0.627451 0.627451 0.643137
v 0.00334491 0.0318247 -0.004 0.627451 0.627451 0.643137
v 0.00555674 0.0315138 -0.004 0.627451 0.627451 0.643137
v 0.0077415 0.0310495 -0.004 0.627451 0.627451 0.643137
v 0.00988854 0.0304338 -0.004 0.627451 0.627451 0.643137
v 0.0119874 0.0296699 -0.004 0.627451 0.627451 0.643137
v 0.0140279 0.0287614 -0.004 0.627451 0.627451 0.643137
v 0.016 0.0277128 -0.004 0.627451 0.627451 0.643137
v 0.0178942 0.0265292 -0.004 0.627451 0.627451 0.643137
v 0.0197012 0.0252163 -0.004 0.627451 0.627451 0.643137
v 0.0214122 0.0237806 -0.004 0.627451 0.627451 0.643137
v 0.0230189 0.0222291 -0.004 0.627451 0.627451 0.643137
v 0.0245134 0.0205692 -0.004 0.627451 0.627451 0.643137
v 0.0258885 0.0188091 -0.004 0.627451 0.627451 0.643137
v 0.0271375 0.0169574 -0.004 0.627451 0.627451 0.643137
v 0.0282543 0.0150231 -0.004 0.627451 0.627451 0.643137
v 0.0292335 0.0130156 -0.004 0.627451 0.627451 0.643137
v 0.0300702 0.0109446 -0.004 0.627451 0.627451 0.643137
v 0.0313007 0.00665317 -0.004 0.627451 0.627451 0.643137
v 0.0308253 0.00859063 -0.004 0.627451 0.627451 0.643137
v 0.0316886 0.00445354 -0.004 0.627451 0.627451 0.643137
v 0.031922 0.00223221 -0.004 0.627451 0.627451 0.643137
v 0.032 -1.22465e-19 -0.004 0.627451 0.627451 0.643137
v 0.031922 -0.00223221 -0.004 0.627451 0.627451 0.643137
v 0.0316886 -0.00445354 -0.004 0.627451 0.627451 0.643137
v 0.0313007 -0.00665317 -0.004 0.627451 0.627451 0.643137
v 0.0307604 -0.0088204 -0.004 0.627451 0.627451 0.643137
v 0.0300702 -0.0109446 -0.004 0.627451 0.627451 0.643137
v 0.0292335 -0.0130156 -0.004 0.627451 0.627451 0.643137
v 0.0282543 -0.0150231 -0.004 0.627451 0.627451 0.643137
v 0.0271375 -0.0169574 -0.004 0.627451 0.627451 0.643137
v 0.0258885 -0.0188091 -0.004 0.627451 0.627451 0.643137
v 0.0245134 -0.0205692 -0.004 0.627451 0.627451 0.643137
v 0.0230189 -0.0222291 -0.004 0.627451 0.627451 0.643137
v 0.0214122 -0.0237806 -0.004 0.627451 0.627451 0.643137
v 0.0197012 -0.0252163 -0.004 0.627451 0.627451 0.643137
v 0.0178942 -0.0265292 -0.004 0.627451 0.627451 0.643137
v 0.016 -0.0277128 -0.004 0.627451 0.627451 0.643137
v 0.0140279 -0.0287614 -0.004 0.627451 0.627451 0.643137
v 0.0119874 -0.0296699 -0.004 0.627451 0.627451 0.643137
v 0.00988854 -0.0304338 -0.004 0.627451 0.627451 0.643137
v 0.0077415 -0.0310495 -0.004 0.627451 0.627451 0.643137
v 0.00555674 -0.0315138 -0.004 0.627451 0.627451 0.643137
v 0.00334491 -0.0318247 -0.004 0.627451 0.627451 0.643137
v -0.00111678 -0.0319805 -0.004 0.627451 0.627451 0.643137
v 1.73472e-18 -0.032 -0.004 0.627451 0.627451 0.643137
v 0.00111678 -0.0319805 -0.004 0.627451 0.627451 0.643137
v -0.00334491 -0.0318247 -0.004 0.627451 0.627451 0.643137
v -0.00555674 -0.0315138 -0.004 0.627451 0.627451 0.643137
v -0.0077415 -0.0310495 -0.004 0.627451 0.627451 0.643137
v -0.00988854 -0.0304338 -0.004 0.627451 0.627451 0.643137
v -0.0119874 -0.0296699 -0.004 0.627451 0.627451 0.643137
v -0.0140279 -0.0287614 -0.004 0.627451 0.627451 0.643137
v -0.016 -0.0277128 -0.004 0.627451 0.627451 0.643137
v -0.0178942 -0.0265292 -0.004 0.627451 0.627451 0.643137
v -0.0197012 -0.0252163 -0.004 0.627451 0.627451 0.643137
v -0.0214122 -0.0237806 -0.004 0.627451 0.627451 0.643137
v -0.0230189 -0.0222291 -0.004 0.627451 0.627451 0.643137
v -0.0245134 -0.0205692 -0.004 0.627451 0.627451 0.643137
v -0.0258885 -0.0188091 -0.004 0.627451 0.627451 0.643137
v -0.0271375 -0.0169574 -0.004 0.627451 0.627451 0.643137
v -0.0282543 -0.0150231 -0.004 0.627451 0.627451 0.643137
v -0.0292335 -0.0130156 -0.004 0.627451 0.627451 0.643137
v -0.0300702 -0.0109446 -0.004 0.627451 0.627451 0.643137
v -0.0307604 -0.0088204 -0.004 0.627451 0.627451 0.643137
v -0.0313007 -0.00665317 -0.004 0.627451 0.627451 0.643137
v -0.0316886 -0.00445354 -0.004 0.627451 0.627451 0.643137
v -0.031922 -0.00223221 -0.004 0.627451 0.627451 0.643137
v 0.0307604 0.0088204 -0.004 0.627451 0.627451 0.643137
v -0.0313007 0.00665317 -0.004 0.627451 0.627451 0.643137
v 0.012191 -0.0180613 0 0.627451 0.627451 0.643137
v 0.0121777 -0.0176776 0 0.627451 0.627451 0.643137
v 0.0122312 -0.0184431 0 0.627451 0.627451 0.643137
v 0.0122978 -0.0188212 0 0.627451 0.627451 0.643137
v 0.0123907 -0.0191937 0 0.627451 0.627451 0.643137
v 0.0125093 -0.0195588 0 0.627451 0.627451 0.643137
v 0.0126531 -0.0199147 0 0.627451 0.627451 0.643137
v 0.0128214 -0.0202597 0 0.627451 0.627451 0.643137
v 0.0130134 -0.0205922 0 0.627451 0.627451 0.643137
v 0.0132281 -0.0209105 0 0.627451 0.627451 0.643137
v 0.0134644 -0.021213 0 0.627451 0.627451 0.643137
v 0.0137213 -0.0214983 0 0.627451 0.627451 0.643137
v 0.0139974 -0.0217649 0 0.627451 0.627451 0.643137
v 0.0142915 -0.0220117 0 0.627451 0.627451 0.643137
v 0.0146021 -0.0222374 0 0.627451 0.627451 0.643137
v 0.0149277 -0.0224408 0 0.627451 0.627451 0.643137
v 0.0152666 -0.022621 0 0.627451 0.627451 0.643137
v 0.0156173 -0.0227772 0 0.627451 0.627451 0.643137
v 0.0159781 -0.0229085 0 0.627451 0.627451 0.643137
v 0.0163471 -0.0230143 0 0.627451 0.627451 0.643137
v 0.0167226 -0.0230941 0 0.627451 0.627451 0.643137
v 0.0171027 -0.0231475 0 0.627451 0.627451 0.643137
v 0.0174857 -0.0231743 0 0.627451 0.627451 0.643137
v 0.0178696 -0.0231743 0 0.627451 0.627451 0.643137
v 0.0182526 -0.0231475 0 0.627451 0.627451 0.643137
v 0.0186327 -0.0230941 0 0.627451 0.627451 0.643137
v 0.0190082 -0.0230143 0 0.627451 0.627451 0.643137
v 0.0193772 -0.0229085 0 0.627451 0.627451 0.643137
v 0.019738 -0.0227772 0 0.627451 0.627451 0.643137
v 0.0200887 -0.022621 0 0.627451 0.627451 0.643137
v 0.0204277 -0.0224408 0 0.627451 0.627451 0.643137
v 0.0207532 -0.0222374 0 0.627451 0.627451 0.643137
v 0.0210638 -0.0220117 0 0.627451 0.627451 0.643137
v 0.0213579 -0.0217649 0 0.627451 0.627451 0.643137
v 0.021634 -0.0214983 0 0.627451 0.627451 0.643137
v 0.0218909 -0.021213 0 0.627451 0.627451 0.643137
v 0.0221272 -0.0209105 0 0.627451 0.627451 0.643137
v 0.0223419 -0.0205922 0 0.627451 0.627451 0.643137
v 0.0225339 -0.0202597 0 0.627451 0.627451 0.643137
v 0.0227022 -0.0199147 0 0.627451 0.627451 0.643137
v 0.022846 -0.0195588 0 0.627451 0.627451 0.643137
v 0.0229646 -0.0191937 0 0.627451 0.627451 0.643137
v 0.0230575 -0.0188212 0 0.627451 0.627451 0.643137
v 0.0231241 -0.0184431 0 0.627451 0.627451 0.643137
v 0.0231643 -0.0180613 0 0.627451 0.627451 0.643137
v 0.0231777 -0.0176776 0 0.627451 0.627451 0.643137
v 0.0231643 -0.017294 0 0.627451 0.627451 0.643137
v 0.0231241 -0.0169122 0 0.627451 0.627451 0.643137
v 0.0230575 -0.0165341 0 0.627451 0.627451 0.643137
v 0.0229646 -0.0161616 0 0.627451 0.627451 0.643137
v 0.022846 -0.0157965 0 0.627451 0.627451 0.643137
v 0.0227022 -0.0154406 0 0.627451 0.627451 0.643137
v 0.0225339 -0.0150956 0 0.627451 0.627451 0.643137
v 0.0223419 -0.0147631 0 0.627451 0.627451 0.643137
v 0.0221272 -0.0144448 0 0.627451 0.627451 0.643137
v 0.0218909 -0.0141423 0 0.627451 0.627451 0.643137
v 0.021634 -0.013857 0 0.627451 0.627451 0.643137
v 0.0213579 -0.0135904 0 0.627451 0.627451 0.643137
v 0.0210638 -0.0133436 0 0.627451 0.627451 0.643137
v 0.0207532 -0.0131179 0 0.627451 0.627451 0.643137
v 0.0204277 -0.0129145 0 0.627451 0.627451 0.643137
v 0.0200887 -0.0127343 0 0.627451 0.627451 0.643137
v 0.019738 -0.0125781 0 0.627451 0.627451 0.643137
v 0.0193772 -0.0124468 0 0.627451 0.627451 0.643137
v 0.0190082 -0.012341 0 0.627451 0.627451 0.643137
v 0.0186327 -0.0122612 0 0.627451 0.627451 0.643137
v 0.0182526 -0.0122078 0 0.627451 0.627451 0.643137
v 0.0178696 -0.012181 0 0.627451 0.627451 0.643137
v 0.0174857 -0.012181 0 0.627451 0.627451 0.643137
v 0.0171027 -0.0122078 0 0.627451 0.627451 0.643137
v 0.0167226 -0.0122612 0 0.627451 0.627451 0.643137
v 0.0163471 -0.012341 0 0.627451 0.627451 0.643137
v 0.0159781 -0.0124468 0 0.627451 0.627451 0.643137
v 0.0156173 -0.0125781 0 0.627451 0.627451 0.643137
v 0.0152666 -0.0127343 0 0.627451 0.627451 0.643137
v 0.0149277 -0.0129145 0 0.627451 0.627451 0.643137
v 0.0146021 -0.0131179 0 0.627451 0.627451 0.643137
v 0.0142915 -0.0133436 0 0.627451 0.627451 0.643137
v 0.0139974 -0.0135904 0 0.627451 0.627451 0.643137
v 0.0137213 -0.013857 0 0.627451 0.627451 0.643137
v 0.0134644 -0.0141423 0 0.627451 0.627451 0.643137
v 0.0132281 -0.0144448 0 0.627451 0.627451 0.643137
v 0.0130134 -0.0147631 0 0.627451 0.627451 0.643137
v 0.0128214 -0.0150956 0 0.627451 0.627451 0.643137
v 0.0126531 -0.0154406 0 0.627451 0.627451 0.643137
v 0.0125093 -0.0157965 0 0.627451 0.627451 0.643137
v 0.0123907 -0.0161616 0 0.627451 0.627451 0.643137
v 0.0122978 -0.0165341 0 0.627451 0.627451 0.643137
v 0.0122312 -0.0169122 0 0.627451 0.627451 0.643137
v 0.012191 -0.017294 0 0.627451 0.627451 0.643137
v 0.018242 -0.014477 0 0.627451 0.627451 0.643137
v 0.0184639 -0.0145242 0 0.627451 0.627451 0.643137
v 0.0180174 -0.0144455 0 0.627451 0.627451 0.643137
v 0.0177911 -0.0144296 0 0.627451 0.627451 0.643137
v 0.0171133 -0.014477 0 0.627451 0.627451 0.643137
v 0.0173379 -0.0144455 0 0.627451 0.627451 0.643137
v 0.0168914 -0.0145242 0 0.627451 0.627451 0.643137
v 0.018682 -0.0145867 0 0.627451 0.627451 0.643137
v 0.0188951 -0.0146643 0 0.627451 0.627451 0.643137
v 0.0175642 -0.0144296 0 0.627451 0.627451 0.643137
v 0.0149215 -0.0193999 0 0.627451 0.627451 0.643137
v 0.0148081 -0.0192034 0 0.627451 0.627451 0.643137
v 0.0150483 -0.019588 0 0.627451 0.627451 0.643137
v 0.0191024 -0.0147566 0 0.627451 0.627451 0.643137
v 0.0147086 -0.0189995 0 0.627451 0.627451 0.643137
v 0.0146236 -0.0187892 0 0.627451 0.627451 0.643137
v 0.015188 -0.0197667 0 0.627451 0.627451 0.643137
v 0.0208018 -0.0185735 0 0.627451 0.627451 0.643137
v 0.0207317 -0.0187892 0 0.627451 0.627451 0.643137
v 0.0208566 -0.0183534 0 0.627451 0.627451 0.643137
v 0.0204338 -0.0159554 0 0.627451 0.627451 0.643137
v 0.0205472 -0.0161519 0 0.627451 0.627451 0.643137
v 0.020307 -0.0157673 0 0.627451 0.627451 0.643137
v 0.019495 -0.0149833 0 0.627451 0.627451 0.643137
v 0.0196785 -0.0151166 0 0.627451 0.627451 0.643137
v 0.0193027 -0.0148631 0 0.627451 0.627451 0.643137
v 0.0166733 -0.0145867 0 0.627451 0.627451 0.643137
v 0.0164602 -0.0146643 0 0.627451 0.627451 0.643137
v 0.0150483 -0.0157673 0 0.627451 0.627451 0.643137
v 0.015188 -0.0155886 0 0.627451 0.627451 0.643137
v 0.0149215 -0.0159554 0 0.627451 0.627451 0.643137
v 0.0144593 -0.01813 0 0.627451 0.627451 0.643137
v 0.0144356 -0.0179044 0 0.627451 0.627451 0.643137
v 0.0144987 -0.0183534 0 0.627451 0.627451 0.643137
v 0.0145535 -0.0185735 0 0.627451 0.627451 0.643137
v 0.0153398 -0.0199353 0 0.627451 0.627451 0.643137
v 0.0200155 -0.0199353 0 0.627451 0.627451 0.643137
v 0.0198523 -0.0200929 0 0.627451 0.627451 0.643137
v 0.0201673 -0.0197667 0 0.627451 0.627451 0.643137
v 0.020896 -0.01813 0 0.627451 0.627451 0.643137
v 0.0207317 -0.0165661 0 0.627451 0.627451 0.643137
v 0.0208018 -0.0167818 0 0.627451 0.627451 0.643137
v 0.0206467 -0.0163558 0 0.627451 0.627451 0.643137
v 0.0200155 -0.01542 0 0.627451 0.627451 0.643137
v 0.0201673 -0.0155886 0 0.627451 0.627451 0.643137
v 0.0198523 -0.0152624 0 0.627451 0.627451 0.643137
v 0.0162529 -0.0147566 0 0.627451 0.627451 0.643137
v 0.0160527 -0.0148631 0 0.627451 0.627451 0.643137
v 0.0158603 -0.0149833 0 0.627451 0.627451 0.643137
v 0.0156768 -0.0151166 0 0.627451 0.627451 0.643137
v 0.015503 -0.0152624 0 0.627451 0.627451 0.643137
v 0.0153398 -0.01542 0 0.627451 0.627451 0.643137
v 0.0144987 -0.0170019 0 0.627451 0.627451 0.643137
v 0.0145535 -0.0167818 0 0.627451 0.627451 0.643137
v 0.0144593 -0.0172253 0 0.627451 0.627451 0.643137
v 0.020307 -0.019588 0 0.627451 0.627451 0.643137
v 0.0205472 -0.0192034 0 0.627451 0.627451 0.643137
v 0.0204338 -0.0193999 0 0.627451 0.627451 0.643137
v 0.0206467 -0.0189995 0 0.627451 0.627451 0.643137
v 0.0148081 -0.0161519 0 0.627451 0.627451 0.643137
v 0.0147086 -0.0163558 0 0.627451 0.627451 0.643137
v 0.0146236 -0.0165661 0 0.627451 0.627451 0.643137
v 0.0144356 -0.0174509 0 0.627451 0.627451 0.643137
v 0.0144277 -0.0176776 0 0.627451 0.627451 0.643137
v 0.015503 -0.0200929 0 0.627451 0.627451 0.643137
v 0.0156768 -0.0202387 0 0.627451 0.627451 0.643137
v 0.018242 -0.0208783 0 0.627451 0.627451 0.643137
v 0.0184639 -0.0208311 0 0.627451 0.627451 0.643137
v 0.018682 -0.0207686 0 0.627451 0.627451 0.643137
v 0.0188951 -0.020691 0 0.627451 0.627451 0.643137
v 0.0160527 -0.0204922 0 0.627451 0.627451 0.643137
v 0.0158603 -0.020372 0 0.627451 0.627451 0.643137
v 0.0162529 -0.0205987 0 0.627451 0.627451 0.643137
v 0.0171133 -0.0208783 0 0.627451 0.627451 0.643137
v 0.0168914 -0.0208311 0 0.627451 0.627451 0.643137
v 0.0173379 -0.0209098 0 0.627451 0.627451 0.643137
v 0.0180174 -0.0209098 0 0.627451 0.627451 0.643137
v 0.0191024 -0.0205987 0 0.627451 0.627451 0.643137
v 0.0193027 -0.0204922 0 0.627451 0.627451 0.643137
v 0.019495 -0.020372 0 0.627451 0.627451 0.643137
v 0.0196785 -0.0202387 0 0.627451 0.627451 0.643137
v 0.0166733 -0.0207686 0 0.627451 0.627451 0.643137
v 0.0164602 -0.020691 0 0.627451 0.627451 0.643137
v 0.0175642 -0.0209257 0 0.627451 0.627451 0.643137
v 0.0177911 -0.0209257 0 0.627451 0.627451 0.643137
v 0.0209197 -0.0174509 0 0.627451 0.627451 0.643137
v 0.0209277 -0.0176776 0 0.627451 0.627451 0.643137
v 0.020896 -0.0172253 0 0.627451 0.627451 0.643137
v 0.0208566 -0.0170019 0 0.627451 0.627451 0.643137
v 0.0209197 -0.0179044 0 0.627451 0.627451 0.643137
v 0.0209277 -0.0176776 -0.004 0.627451 0.627451 0.643137
v 0.0209197 -0.0179044 -0.004 0.627451 0.627451 0.643137
v 0.020896 -0.01813 -0.004 0.627451 0.627451 0.643137
v 0.0208566 -0.0183534 -0.004 0.627451 0.627451 0.643137
v 0.0208018 -0.0185735 -0.004 0.627451 0.627451 0.643137
v 0.0207317 -0.0187892 -0.004 0.627451 0.627451 0.643137
v 0.0206467 -0.0189995 -0.004 0.627451 0.627451 0.643137
v 0.0205472 -0.0192034 -0.004 0.627451 0.627451 0.643137
v 0.0204338 -0.0193999 -0.004 0.627451 0.627451 0.643137
v 0.020307 -0.019588 -0.004 0.627451 0.627451 0.643137
v 0.0201673 -0.0197667 -0.004 0.627451 0.627451 0.643137
v 0.0200155 -0.0199353 -0.004 0.627451 0.627451 0.643137
v 0.0198523 -0.0200929 -0.004 0.627451 0.627451 0.643137
v 0.0196785 -0.0202387 -0.004 0.627451 0.627451 0.643137
v 0.019495 -0.020372 -0.004 0.627451 0.627451 0.643137
v 0.0193027 -0.0204922 -0.004 0.627451 0.627451 0.643137
v 0.0191024 -0.0205987 -0.004 0.627451 0.627451 0.643137
v 0.0188951 -0.020691 -0.004 0.627451 0.627451 0.643137
v 0.018682 -0.0207686 -0.004 0.627451 0.627451 0.643137
v 0.0184639 -0.0208311 -0.004 0.627451 0.627451 0.643137
v 0.018242 -0.0208783 -0.004 0.627451 0.627451 0.643137
v 0.0180174 -0.0209098 -0.004 0.627451 0.627451 0.643137
v 0.0177911 -0.0209257 -0.004 0.627451 0.627451 0.643137
v 0.0175642 -0.0209257 -0.004 0.627451 0.627451 0.643137
v 0.0173379 -0.0209098 -0.004 0.627451 0.627451 0.643137
v 0.0171133 -0.0208783 -0.004 0.627451 0.627451 0.643137
v 0.0168914 -0.0208311 -0.004 0.627451 0.627451 0.643137
v 0.0166733 -0.0207686 -0.004 0.627451 0.627451 0.643137
v 0.0164602 -0.020691 -0.004 0.627451 0.627451 0.643137
v 0.0162529 -0.0205987 -0.004 0.627451 0.627451 0.643137
v 0.0160527 -0.0204922 -0.004 0.627451 0.627451 0.643137
v 0.0158603 -0.020372 -0.004 0.627451 0.627451 0.643137
v 0.0156768 -0.0202387 -0.004 0.627451 0.627451 0.643137
v 0.015503 -0.0200929 -0.004 0.627451 0.627451 0.643137
v 0.0153398 -0.0199353 -0.004 0.627451 0.627451 0.643137
v 0.015188 -0.0197667 -0.004 0.627451 0.627451 0.643137
v 0.0150483 -0.019588 -0.004 0.627451 0.627451 0.643137
v 0.0149215 -0.0193999 -0.004 0.627451 0.627451 0.643137
v 0.0148081 -0.0192034 -0.004 0.627451 0.627451 0.643137
v 0.0147086 -0.0189995 -0.004 0.627451 0.627451 0.643137
v 0.0146236 -0.0187892 -0.004 0.627451 0.627451 0.643137
v 0.0145535 -0.0185735 -0.004 0.627451 0.627451 0.643137
v 0.0144987 -0.0183534 -0.004 0.627451 0.627451 0.643137
v 0.0144593 -0.01813 -0.004 0.627451 0.627451 0.643137
v 0.0144356 -0.0179044 -0.004 0.627451 0.627451 0.643137
v 0.0144277 -0.0176776 -0.004 0.627451 0.627451 0.643137
v 0.0144356 -0.0174509 -0.004 0.627451 0.627451 0.643137
v 0.0144593 -0.0172253 -0.004 0.627451 0.627451 0.643137
v 0.0144987 -0.0170019 -0.004 0.627451 0.627451 0.643137
v 0.0145535 -0.0167818 -0.004 0.627451 0.627451 0.643137
v 0.0146236 -0.0165661 -0.004 0.627451 0.627451 0.643137
v 0.0147086 -0.0163558 -0.004 0.627451 0.627451 0.643137
v 0.0148081 -0.0161519 -0.004 0.627451 0.627451 0.643137
v 0.0149215 -0.0159554 -0.004 0.627451 0.627451 0.643137
v 0.0150483 -0.0157673 -0.004 0.627451 0.627451 0.643137
v 0.015188 -0.0155886 -0.004 0.627451 0.627451 0.643137
v 0.0153398 -0.01542 -0.004 0.627451 0.627451 0.643137
v 0.015503 -0.0152624 -0.004 0.627451 0.627451 0.643137
v 0.0156768 -0.0151166 -0.004 0.627451 0.627451 0.643137
v 0.0158603 -0.0149833 -0.004 0.627451 0.627451 0.643137
v 0.0160527 -0.0148631 -0.004 0.627451 0.627451 0.643137
v 0.0162529 -0.0147566 -0.004 0.627451 0.627451 0.643137
v 0.0164602 -0.0146643 -0.004 0.627451 0.627451 0.643137
v 0.0166733 -0.0145867 -0.004 0.627451 0.627451 0.643137
v 0.0168914 -0.0145242 -0.004 0.627451 0.627451 0.643137
v 0.0171133 -0.014477 -0.004 0.627451 0.627451 0.643137
v 0.0173379 -0.0144455 -0.004 0.627451 0.627451 0.643137
v 0.0175642 -0.0144296 -0.004 0.627451 0.627451 0.643137
v 0.0177911 -0.0144296 -0.004 0.627451 0.627451 0.643137
v 0.0180174 -0.0144455 -0.004 0.627451 0.627451 0.643137
v 0.018242 -0.014477 -0.004 0.627451 0.627451 0.643137
v 0.0184639 -0.0145242 -0.004 0.627451 0.627451 0.643137
v 0.018682 -0.0145867 -0.004 0.627451 0.627451 0.643137
v 0.0188951 -0.0146643 -0.004 0.627451 0.627451 0.643137
v 0.0191024 -0.0147566 -0.004 0.627451 0.627451 0.643137
v 0.0193027 -0.0148631 -0.004 0.627451 0.627451 0.643137
v 0.019495 -0.0149833 -0.004 0.627451 0.627451 0.643137
v 0.0196785 -0.0151166 -0.004 0.627451 0.627451 0.643137
v 0.0198523 -0.0152624 -0.004 0.627451 0.627451 0.643137
v 0.0200155 -0.01542 -0.004 0.627451 0.627451 0.643137
v 0.0201673 -0.0155886 -0.004 0.627451 0.627451 0.643137
v 0.020307 -0.0157673 -0.004 0.627451 0.627451 0.643137
v 0.0204338 -0.0159554 -0.004 0.627451 0.627451 0.643137
v 0.0205472 -0.0161519 -0.004 0.627451 0.627451 0.643137
v 0.0206467 -0.0163558 -0.004 0.627451 0.627451 0.643137
v 0.0207317 -0.0165661 -0.004 0.627451 0.627451 0.643137
v 0.0208018 -0.0167818 -0.004 0.627451 0.627451 0.643137
v 0.0208566 -0.0170019 -0.004 0.627451 0.627451 0.643137
v 0.020896 -0.0172253 -0.004 0.627451 0.627451 0.643137
v 0.0209197 -0.0174509 -0.004 0.627451 0.627451 0.643137
v -0.0231643 -0.0180613 0 0.627451 0.627451 0.643137
v -0.0231776 -0.0176777 0 0.627451 0.627451 0.643137
v -0.0231241 -0.0184431 0 0.627451 0.627451 0.643137
v -0.0230575 -0.0188212 0 0.627451 0.627451 0.643137
v -0.0229646 -0.0191937 0 0.627451 0.627451 0.643137
v -0.022846 -0.0195588 0 0.627451 0.627451 0.643137
v -0.0227022 -0.0199147 0 0.627451 0.627451 0.643137
v -0.0225339 -0.0202597 0 0.627451 0.627451 0.643137
v -0.0223419 -0.0205922 0 0.627451 0.627451 0.643137
v -0.0221272 -0.0209105 0 0.627451 0.627451 0.643137
v -0.0218909 -0.021213 0 0.627451 0.627451 0.643137
v -0.021634 -0.0214983 0 0.627451 0.627451 0.643137
v -0.0213579 -0.0217649 0 0.627451 0.627451 0.643137
v -0.0210638 -0.0220117 0 0.627451 0.627451 0.643137
v -0.0207532 -0.0222374 0 0.627451 0.627451 0.643137
v -0.0204276 -0.0224408 0 0.627451 0.627451 0.643137
v -0.0200887 -0.022621 0 0.627451 0.627451 0.643137
v -0.019738 -0.0227772 0 0.627451 0.627451 0.643137
v -0.0193772 -0.0229085 0 0.627451 0.627451 0.643137
v -0.0190082 -0.0230143 0 0.627451 0.627451 0.643137
v -0.0186327 -0.0230941 0 0.627451 0.627451 0.643137
v -0.0182526 -0.0231475 0 0.627451 0.627451 0.643137
v -0.0178696 -0.0231743 0 0.627451 0.627451 0.643137
v -0.0174857 -0.0231743 0 0.627451 0.627451 0.643137
v -0.0171027 -0.0231475 0 0.627451 0.627451 0.643137
v -0.0167226 -0.0230941 0 0.627451 0.627451 0.643137
v -0.0163471 -0.0230143 0 0.627451 0.627451 0.643137
v -0.0159781 -0.0229085 0 0.627451 0.627451 0.643137
v -0.0156173 -0.0227772 0 0.627451 0.627451 0.643137
v -0.0152666 -0.022621 0 0.627451 0.627451 0.643137
v -0.0149276 -0.0224408 0 0.627451 0.627451 0.643137
v -0.0146021 -0.0222374 0 0.627451 0.627451 0.643137
v -0.0142915 -0.0220117 0 0.627451 0.627451 0.643137
v -0.0139974 -0.0217649 0 0.627451 0.627451 0.643137
v -0.0137213 -0.0214983 0 0.627451 0.627451 0.643137
v -0.0134644 -0.021213 0 0.627451 0.627451 0.643137
v -0.0132281 -0.0209105 0 0.627451 0.627451 0.643137
v -0.0130134 -0.0205922 0 0.627451 0.627451 0.643137
v -0.0128214 -0.0202597 0 0.627451 0.627451 0.643137
v -0.0126531 -0.0199147 0 0.627451 0.627451 0.643137
v -0.0125093 -0.0195588 0 0.627451 0.627451 0.643137
v -0.0123907 -0.0191937 0 0.627451 0.627451 0.643137
v -0.0122978 -0.0188212 0 0.627451 0.627451 0.643137
v -0.0122312 -0.0184431 0 0.627451 0.627451 0.643137
v -0.012191 -0.0180613 0 0.627451 0.627451 0.643137
v -0.0121776 -0.0176777 0 0.627451 0.627451 0.643137
v -0.012191 -0.017294 0 0.627451 0.627451 0.643137
v -0.0122312 -0.0169122 0 0.627451 0.627451 0.643137
v -0.0122978 -0.0165341 0 0.627451 0.627451 0.643137
v -0.0123907 -0.0161616 0 0.627451 0.627451 0.643137
v -0.0125093 -0.0157965 0 0.627451 0.627451 0.643137
v -0.0126531 -0.0154406 0 0.627451 0.627451 0.643137
v -0.0128214 -0.0150956 0 0.627451 0.627451 0.643137
v -0.0130134 -0.0147631 0 0.627451 0.627451 0.643137
v -0.0132281 -0.0144448 0 0.627451 0.627451 0.643137
v -0.0134644 -0.0141423 0 0.627451 0.627451 0.643137
v -0.0137213 -0.013857 0 0.627451 0.627451 0.643137
v -0.0139974 -0.0135904 0 0.627451 0.627451 0.643137
v -0.0142915 -0.0133436 0 0.627451 0.627451 0.643137
v -0.0146021 -0.0131179 0 0.627451 0.627451 0.643137
v -0.0149276 -0.0129145 0 0.627451 0.627451 0.643137
v -0.0152666 -0.0127343 0 0.627451 0.627451 0.643137
v -0.0156173 -0.0125781 0 0.627451 0.627451 0.643137
v -0.0159781 -0.0124468 0 0.627451 0.627451 0.643137
v -0.0163471 -0.012341 0 0.627451 0.627451 0.643137
v -0.0167226 -0.0122612 0 0.627451 0.627451 0.643137
v -0.0171027 -0.0122078 0 0.627451 0.627451 0.643137
v -0.0174857 -0.012181 0 0.627451 0.627451 0.643137
v -0.0178696 -0.012181 0 0.627451 0.627451 0.643137
v -0.0182526 -0.0122078 0 0.627451 0.627451 0.643137
v -0.0186327 -0.0122612 0 0.627451 0.627451 0.643137
v -0.0190082 -0.012341 0 0.627451 0.627451 0.643137
v -0.0193772 -0.0124468 0 0.627451 0.627451 0.643137
v -0.019738 -0.0125781 0 0.627451 0.627451 0.643137
v -0.0200887 -0.0127343 0 0.627451 0.627451 0.643137
v -0.0204276 -0.0129145 0 0.627451 0.627451 0.643137
v -0.0207532 -0.0131179 0 0.627451 0.627451 0.643137
v -0.0210638 -0.0133436 0 0.627451 0.627451 0.643137
v -0.0213579 -0.0135904 0 0.627451 0.627451 0.643137
v -0.021634 -0.013857 0 0.627451 0.627451 0.643137
v -0.0218909 -0.0141423 0 0.627451 0.627451 0.643137
v -0.0221272 -0.0144448 0 0.627451 0.627451 0.643137
v -0.0223419 -0.0147631 0 0.627451 0.627451 0.643137
v -0.0225339 -0.0150956 0 0.627451 0.627451 0.643137
v -0.0227022 -0.0154406 0 0.627451 0.627451 0.643137
v -0.022846 -0.0157965 0 0.627451 0.627451 0.643137
v -0.0229646 -0.0161616 0 0.627451 0.627451 0.643137
v -0.0230575 -0.0165341 0 0.627451 0.627451 0.643137
v -0.0231241 -0.0169122 0 0.627451 0.627451 0.643137
v -0.0231643 -0.017294 0 0.627451 0.627451 0.643137
v -0.0171133 -0.014477 0 0.627451 0.627451 0.643137
v -0.0168914 -0.0145242 0 0.627451 0.627451 0.643137
v -0.0173379 -0.0144455 0 0.627451 0.627451 0.643137
v -0.0175642 -0.0144296 0 0.627451 0.627451 0.643137
v -0.018242 -0.014477 0 0.627451 0.627451 0.643137
v -0.0180174 -0.0144455 0 0.627451 0.627451 0.643137
v -0.0184639 -0.0145242 0 0.627451 0.627451 0.643137
v -0.0166733 -0.0145867 0 0.627451 0.627451 0.643137
v -0.0164602 -0.0146643 0 0.627451 0.627451 0.643137
v -0.0177911 -0.0144296 0 0.627451 0.627451 0.643137
v -0.0162529 -0.0147566 0 0.627451 0.627451 0.643137
v -0.0144987 -0.0170019 0 0.627451 0.627451 0.643137
v -0.0144593 -0.0172253 0 0.627451 0.627451 0.643137
v -0.0145535 -0.0167818 0 0.627451 0.627451 0.643137
v -0.0150483 -0.0157673 0 0.627451 0.627451 0.643137
v -0.0149215 -0.0159554 0 0.627451 0.627451 0.643137
v -0.015188 -0.0155886 0 0.627451 0.627451 0.643137
v -0.018682 -0.0145867 0 0.627451 0.627451 0.643137
v -0.0188951 -0.0146643 0 0.627451 0.627451 0.643137
v -0.0146236 -0.0165661 0 0.627451 0.627451 0.643137
v -0.0147086 -0.0163558 0 0.627451 0.627451 0.643137
v -0.0148081 -0.0161519 0 0.627451 0.627451 0.643137
v -0.0158603 -0.0149833 0 0.627451 0.627451 0.643137
v -0.0156768 -0.0151166 0 0.627451 0.627451 0.643137
v -0.0160526 -0.0148631 0 0.627451 0.627451 0.643137
v -0.015503 -0.0200929 0 0.627451 0.627451 0.643137
v -0.0156768 -0.0202387 0 0.627451 0.627451 0.643137
v -0.0153398 -0.0199353 0 0.627451 0.627451 0.643137
v -0.0148081 -0.0192034 0 0.627451 0.627451 0.643137
v -0.0149215 -0.0193999 0 0.627451 0.627451 0.643137
v -0.0147086 -0.0189995 0 0.627451 0.627451 0.643137
v -0.0146236 -0.0187892 0 0.627451 0.627451 0.643137
v -0.0145535 -0.0185735 0 0.627451 0.627451 0.643137
v -0.0144356 -0.0174509 0 0.627451 0.627451 0.643137
v -0.015503 -0.0152624 0 0.627451 0.627451 0.643137
v -0.0191024 -0.0147566 0 0.627451 0.627451 0.643137
v -0.0193026 -0.0148631 0 0.627451 0.627451 0.643137
v -0.019495 -0.0149833 0 0.627451 0.627451 0.643137
v -0.0196785 -0.0151166 0 0.627451 0.627451 0.643137
v -0.0209197 -0.0174509 0 0.627451 0.627451 0.643137
v -0.020896 -0.0172253 0 0.627451 0.627451 0.643137
v -0.0209276 -0.0176777 0 0.627451 0.627451 0.643137
v -0.0209197 -0.0179044 0 0.627451 0.627451 0.643137
v -0.020896 -0.01813 0 0.627451 0.627451 0.643137
v -0.020307 -0.019588 0 0.627451 0.627451 0.643137
v -0.0201673 -0.0197667 0 0.627451 0.627451 0.643137
v -0.0158603 -0.020372 0 0.627451 0.627451 0.643137
v -0.0150483 -0.019588 0 0.627451 0.627451 0.643137
v -0.015188 -0.0197667 0 0.627451 0.627451 0.643137
v -0.0153398 -0.01542 0 0.627451 0.627451 0.643137
v -0.0198523 -0.0152624 0 0.627451 0.627451 0.643137
v -0.0200155 -0.01542 0 0.627451 0.627451 0.643137
v -0.020307 -0.0157673 0 0.627451 0.627451 0.643137
v -0.0201673 -0.0155886 0 0.627451 0.627451 0.643137
v -0.0204338 -0.0159554 0 0.627451 0.627451 0.643137
v -0.0208566 -0.0170019 0 0.627451 0.627451 0.643137
v -0.0208018 -0.0167818 0 0.627451 0.627451 0.643137
v -0.0204338 -0.0193999 0 0.627451 0.627451 0.643137
v -0.0205472 -0.0192034 0 0.627451 0.627451 0.643137
v -0.0171133 -0.0208783 0 0.627451 0.627451 0.643137
v -0.0173379 -0.0209098 0 0.627451 0.627451 0.643137
v -0.0168914 -0.0208311 0 0.627451 0.627451 0.643137
v -0.0166733 -0.0207686 0 0.627451 0.627451 0.643137
v -0.0164602 -0.020691 0 0.627451 0.627451 0.643137
v -0.0208566 -0.0183534 0 0.627451 0.627451 0.643137
v -0.0208018 -0.0185735 0 0.627451 0.627451 0.643137
v -0.0207317 -0.0187892 0 0.627451 0.627451 0.643137
v -0.0206467 -0.0189995 0 0.627451 0.627451 0.643137
v -0.0198523 -0.0200929 0 0.627451 0.627451 0.643137
v -0.0200155 -0.0199353 0 0.627451 0.627451 0.643137
v -0.0196785 -0.0202387 0 0.627451 0.627451 0.643137
v -0.0193026 -0.0204922 0 0.627451 0.627451 0.643137
v -0.019495 -0.020372 0 0.627451 0.627451 0.643137
v -0.0191024 -0.0205987 0 0.627451 0.627451 0.643137
v -0.018242 -0.0208783 0 0.627451 0.627451 0.643137
v -0.0184639 -0.0208311 0 0.627451 0.627451 0.643137
v -0.0180174 -0.0209098 0 0.627451 0.627451 0.643137
v -0.0162529 -0.0205987 0 0.627451 0.627451 0.643137
v -0.0160526 -0.0204922 0 0.627451 0.627451 0.643137
v -0.0144987 -0.0183534 0 0.627451 0.627451 0.643137
v -0.0144593 -0.01813 0 0.627451 0.627451 0.643137
v -0.0205472 -0.0161519 0 0.627451 0.627451 0.643137
v -0.0206467 -0.0163558 0 0.627451 0.627451 0.643137
v -0.0207317 -0.0165661 0 0.627451 0.627451 0.643137
v -0.018682 -0.0207686 0 0.627451 0.627451 0.643137
v -0.0188951 -0.020691 0 0.627451 0.627451 0.643137
v -0.0177911 -0.0209257 0 0.627451 0.627451 0.643137
v -0.0175642 -0.0209257 0 0.627451 0.627451 0.643137
v -0.0144356 -0.0179044 0 0.627451 0.627451 0.643137
v -0.0144276 -0.0176777 0 0.627451 0.627451 0.643137
v -0.0144276 -0.0176777 -0.004 0.627451 0.627451 0.643137
v -0.0144356 -0.0179044 -0.004 0.627451 0.627451 0.643137
v -0.0144593 -0.01813 -0.004 0.627451 0.627451 0.643137
v -0.0144987 -0.0183534 -0.004 0.627451 0.627451 0.643137
v -0.0145535 -0.0185735 -0.004 0.627451 0.627451 0.643137
v -0.0146236 -0.0187892 -0.004 0.627451 0.627451 0.643137
v -0.0147086 -0.0189995 -0.004 0.627451 0.627451 0.643137
v -0.0148081 -0.0192034 -0.004 0.627451 0.627451 0.643137
v -0.0149215 -0.0193999 -0.004 0.627451 0.627451 0.643137
v -0.0150483 -0.019588 -0.004 0.627451 0.627451 0.643137
v -0.015188 -0.0197667 -0.004 0.627451 0.627451 0.643137
v -0.0153398 -0.0199353 -0.004 0.627451 0.627451 0.643137
v -0.015503 -0.0200929 -0.004 0.627451 0.627451 0.643137
v -0.0156768 -0.0202387 -0.004 0.627451 0.627451 0.643137
v -0.0158603 -0.020372 -0.004 0.627451 0.627451 0.643137
v -0.0160526 -0.0204922 -0.004 0.627451 0.627451 0.643137
v -0.0162529 -0.0205987 -0.004 0.627451 0.627451 0.643137
v -0.0164602 -0.020691 -0.004 0.627451 0.627451 0.643137
v -0.0166733 -0.0207686 -0.004 0.627451 0.627451 0.643137
v -0.0168914 -0.0208311 -0.004 0.627451 0.627451 0.643137
v -0.0171133 -0.0208783 -0.004 0.627451 0.627451 0.643137
v -0.0173379 -0.0209098 -0.004 0.627451 0.627451 0.643137
v -0.0175642 -0.0209257 -0.004 0.627451 0.627451 0.643137
v -0.0177911 -0.0209257 -0.004 0.627451 0.627451 0.643137
v -0.0180174 -0.0209098 -0.004 0.627451 0.627451 0.643137
v -0.018242 -0.0208783 -0.004 0.627451 0.627451 0.643137
v -0.0184639 -0.0208311 -0.004 0.627451 0.627451 0.643137
v -0.018682 -0.0207686 -0.004 0.627451 0.627451 0.643137
v -0.0188951 -0.020691 -0.004 0.627451 0.627451 0.643137
v -0.0191024 -0.0205987 -0.004 0.627451 0.627451 0.643137
v -0.0193026 -0.0204922 -0.004 0.627451 0.627451 0.643137
v -0.019495 -0.020372 -0.004 0.627451 0.627451 0.643137
v -0.0196785 -0.0202387 -0.004 0.627451 0.627451 0.643137
v -0.0198523 -0.0200929 -0.004 0.627451 0.627451 0.643137
v -0.0200155 -0.0199353 -0.004 0.627451 0.627451 0.643137
v -0.0201673 -0.0197667 -0.004 0.627451 0.627451 0.643137
v -0.020307 -0.019588 -0.004 0.627451 0.627451 0.643137
v -0.0204338 -0.0193999 -0.004 0.627451 0.627451 0.643137
v -0.0205472 -0.0192034 -0.004 0.627451 0.627451 0.643137
v -0.0206467 -0.0189995 -0.004 0.627451 0.627451 0.643137
v -0.0207317 -0.0187892 -0.004 0.627451 0.627451 0.643137
v -0.0208018 -0.0185735 -0.004 0.627451 0.627451 0.643137
v -0.0208566 -0.0183534 -0.004 0.627451 0.627451 0.643137
v -0.020896 -0.01813 -0.004 0.627451 0.627451 0.643137
v -0.0209197 -0.0179044 -0.004 0.627451 0.627451 0.643137
v -0.0209276 -0.0176777 -0.004 0.627451 0.627451 0.643137
v -0.0209197 -0.0174509 -0.004 0.627451 0.627451 0.643137
v -0.020896 -0.0172253 -0.004 0.627451 0.627451 0.643137
v -0.0208566 -0.0170019 -0.004 0.627451 0.627451 0.643137
v -0.0208018 -0.0167818 -0.004 0.627451 0.627451 0.643137
v -0.0207317 -0.0165661 -0.004 0.627451 0.627451 0.643137
v -0.0206467 -0.0163558 -0.004 0.627451 0.627451 0.643137
v -0.0205472 -0.0161519 -0.004 0.627451 0.627451 0.643137
v -0.0204338 -0.0159554 -0.004 0.627451 0.627451 0.643137
v -0.020307 -0.0157673 -0.004 0.627451 0.627451 0.643137
v -0.0201673 -0.0155886 -0.004 0.627451 0.627451 0.643137
v -0.0200155 -0.01542 -0.004 0.627451 0.627451 0.643137
v -0.0198523 -0.0152624 -0.004 0.627451 0.627451 0.643137
v -0.0196785 -0.0151166 -0.004 0.627451 0.627451 0.643137
v -0.019495 -0.0149833 -0.004 0.627451 0.627451 0.643137
v -0.0193026 -0.0148631 -0.004 0.627451 0.627451 0.643137
v -0.0191024 -0.0147566 -0.004 0.627451 0.627451 0.643137
v -0.0188951 -0.0146643 -0.004 0.627451 0.627451 0.643137
v -0.018682 -0.0145867 -0.004 0.627451 0.627451 0.643137
v -0.0184639 -0.0145242 -0.004 0.627451 0.627451 0.643137
v -0.018242 -0.014477 -0.004 0.627451 0.627451 0.643137
v -0.0180174 -0.0144455 -0.004 0.627451 0.627451 0.643137
v -0.0177911 -0.0144296 -0.004 0.627451 0.627451 0.643137
v -0.0175642 -0.0144296 -0.004 0.627451 0.627451 0.643137
v -0.0173379 -0.0144455 -0.004 0.627451 0.627451 0.643137
v -0.0171133 -0.014477 -0.004 0.627451 0.627451 0.643137
v -0.0168914 -0.0145242 -0.004 0.627451 0.627451 0.643137
v -0.0166733 -0.0145867 -0.004 0.627451 0.627451 0.643137
v -0.0164602 -0.0146643 -0.004 0.627451 0.627451 0.643137
v -0.0162529 -0.0147566 -0.004 0.627451 0.627451 0.643137
v -0.0160526 -0.0148631 -0.004 0.627451 0.627451 0.643137
v -0.0158603 -0.0149833 -0.004 0.627451 0.627451 0.643137
v -0.0156768 -0.0151166 -0.004 0.627451 0.627451 0.643137
v -0.015503 -0.0152624 -0.004 0.627451 0.627451 0.643137
v -0.0153398 -0.01542 -0.004 0.627451 0.627451 0.643137
v -0.015188 -0.0155886 -0.004 0.627451 0.627451 0.643137
v -0.0150483 -0.0157673 -0.004 0.627451 0.627451 0.643137
v -0.0149215 -0.0159554 -0.004 0.627451 0.627451 0.643137
v -0.0148081 -0.0161519 -0.004 0.627451 0.627451 0.643137
v -0.0147086 -0.0163558 -0.004 0.627451 0.627451 0.643137
v -0.0146236 -0.0165661 -0.004 0.627451 0.627451 0.643137
v -0.0145535 -0.0167818 -0.004 0.627451 0.627451 0.643137
v -0.0144987 -0.0170019 -0.004 0.627451 0.627451 0.643137
v -0.0144593 -0.0172253 -0.004 0.627451 0.627451 0.643137
v -0.0144356 -0.0174509 -0.004 0.627451 0.627451 0.643137
v -0.0231643 0.017294 0 0.627451 0.627451 0.643137
v -0.0231777 0.0176776 0 0.627451 0.627451 0.643137
v -0.0231241 0.0169122 0 0.627451 0.627451 0.643137
v -0.0230575 0.0165341 0 0.627451 0.627451 0.643137
v -0.0229646 0.0161616 0 0.627451 0.627451 0.643137
v -0.022846 0.0157965 0 0.627451 0.627451 0.643137
v -0.0227022 0.0154406 0 0.627451 0.627451 0.643137
v -0.0225339 0.0150956 0 0.627451 0.627451 0.643137
v -0.0223419 0.0147631 0 0.627451 0.627451 0.643137
v -0.0221272 0.0144448 0 0.627451 0.627451 0.643137
v -0.0218909 0.0141423 0 0.627451 0.627451 0.643137
v -0.021634 0.013857 0 0.627451 0.627451 0.643137
v -0.0213579 0.0135904 0 0.627451 0.627451 0.643137
v -0.0210638 0.0133436 0 0.627451 0.627451 0.643137
v -0.0207532 0.0131179 0 0.627451 0.627451 0.643137
v -0.0204277 0.0129145 0 0.627451 0.627451 0.643137
v -0.0200887 0.0127343 0 0.627451 0.627451 0.643137
v -0.019738 0.0125781 0 0.627451 0.627451 0.643137
v -0.0193772 0.0124468 0 0.627451 0.627451 0.643137
v -0.0190082 0.012341 0 0.627451 0.627451 0.643137
v -0.0186327 0.0122612 0 0.627451 0.627451 0.643137
v -0.0182526 0.0122078 0 0.627451 0.627451 0.643137
v -0.0178696 0.012181 0 0.627451 0.627451 0.643137
v -0.0174857 0.012181 0 0.627451 0.627451 0.643137
v -0.0171027 0.0122078 0 0.627451 0.627451 0.643137
v -0.0167226 0.0122612 0 0.627451 0.627451 0.643137
v -0.0163471 0.012341 0 0.627451 0.627451 0.643137
v -0.0159781 0.0124468 0 0.627451 0.627451 0.643137
v -0.0156173 0.0125781 0 0.627451 0.627451 0.643137
v -0.0152666 0.0127343 0 0.627451 0.627451 0.643137
v -0.0149277 0.0129145 0 0.627451 0.627451 0.643137
v -0.0146021 0.0131179 0 0.627451 0.627451 0.643137
v -0.0142915 0.0133436 0 0.627451 0.627451 0.643137
v -0.0139974 0.0135904 0 0.627451 0.627451 0.643137
v -0.0137213 0.013857 0 0.627451 0.627451 0.643137
v -0.0134644 0.0141423 0 0.627451 0.627451 0.643137
v -0.0132281 0.0144448 0 0.627451 0.627451 0.643137
v -0.0130134 0.0147631 0 0.627451 0.627451 0.643137
v -0.0128214 0.0150956 0 0.627451 0.627451 0.643137
v -0.0126531 0.0154406 0 0.627451 0.627451 0.643137
v -0.0125093 0.0157965 0 0.627451 0.627451 0.643137
v -0.0123907 0.0161616 0 0.627451 0.627451 0.643137
v -0.0122978 0.0165341 0 0.627451 0.627451 0.643137
v -0.0122312 0.0169122 0 0.627451 0.627451 0.643137
v -0.012191 0.017294 0 0.627451 0.627451 0.643137
v -0.0121777 0.0176776 0 0.627451 0.627451 0.643137
v -0.012191 0.0180613 0 0.627451 0.627451 0.643137
v -0.0122312 0.0184431 0 0.627451 0.627451 0.643137
v -0.0122978 0.0188212 0 0.627451 0.627451 0.643137
v -0.0123907 0.0191937 0 0.627451 0.627451 0.643137
v -0.0125093 0.0195588 0 0.627451 0.627451 0.643137
v -0.0126531 0.0199147 0 0.627451 0.627451 0.643137
v -0.0128214 0.0202597 0 0.627451 0.627451 0.643137
v -0.0130134 0.0205922 0 0.627451 0.627451 0.643137
v -0.0132281 0.0209105 0 0.627451 0.627451 0.643137
v -0.0134644 0.021213 0 0.627451 0.627451 0.643137
v -0.0137213 0.0214983 0 0.627451 0.627451 0.643137
v -0.0139974 0.0217649 0 0.627451 0.627451 0.643137
v -0.0142915 0.0220117 0 0.627451 0.627451 0.643137
v -0.0146021 0.0222374 0 0.627451 0.627451 0.643137
v -0.0149277 0.0224408 0 0.627451 0.627451 0.643137
v -0.0152666 0.022621 0 0.627451 0.627451 0.643137
v -0.0156173 0.0227772 0 0.627451 0.627451 0.643137
v -0.0159781 0.0229085 0 0.627451 0.627451 0.643137
v -0.0163471 0.0230143 0 0.627451 0.627451 0.643137
v -0.0167226 0.0230941 0 0.627451 0.627451 0.643137
v -0.0171027 0.0231475 0 0.627451 0.627451 0.643137
v -0.0174857 0.0231743 0 0.627451 0.627451 0.643137
v -0.0178696 0.0231743 0 0.627451 0.627451 0.643137
v -0.0182526 0.0231475 0 0.627451 0.627451 0.643137
v -0.0186327 0.0230941 0 0.627451 0.627451 0.643137
v -0.0190082 0.0230143 0 0.627451 0.627451 0.643137
v -0.0193772 0.0229085 0 0.627451 0.627451 0.643137
v -0.019738 0.0227772 0 0.627451 0.627451 0.643137
v -0.0200887 0.022621 0 0.627451 0.627451 0.643137
v -0.0204277 0.0224408 0 0.627451 0.627451 0.643137
v -0.0207532 0.0222374 0 0.627451 0.627451 0.643137
v -0.0210638 0.0220117 0 0.627451 0.627451 0.643137
v -0.0213579 0.0217649 0 0.627451 0.627451 0.643137
v -0.021634 0.0214983 0 0.627451 0.627451 0.643137
v -0.0218909 0.021213 0 0.627451 0.627451 0.643137
v -0.0221272 0.0209105 0 0.627451 0.627451 0.643137
v -0.0223419 0.0205922 0 0.627451 0.627451 0.643137
v -0.0225339 0.0202597 0 0.627451 0.627451 0.643137
v -0.0227022 0.0199147 0 0.627451 0.627451 0.643137
v -0.022846 0.0195588 0 0.627451 0.627451 0.643137
v -0.0229646 0.0191937 0 0.627451 0.627451 0.643137
v -0.0230575 0.0188212 0 0.627451 0.627451 0.643137
v -0.0231241 0.0184431 0 0.627451 0.627451 0.643137
v -0.0231643 0.0180613 0 0.627451 0.627451 0.643137
v -0.0171133 0.014477 0 0.627451 0.627451 0.643137
v -0.0173379 0.0144455 0 0.627451 0.627451 0.643137
v -0.0168914 0.0145242 0 0.627451 0.627451 0.643137
v -0.0148081 0.0161519 0 0.627451 0.627451 0.643137
v -0.0149215 0.0159554 0 0.627451 0.627451 0.643137
v -0.0147086 0.0163558 0 0.627451 0.627451 0.643137
v -0.0146236 0.0165661 0 0.627451 0.627451 0.643137
v -0.0145535 0.0167818 0 0.627451 0.627451 0.643137
v -0.0144987 0.0183534 0 0.627451 0.627451 0.643137
v -0.0144593 0.01813 0 0.627451 0.627451 0.643137
v -0.0145535 0.0185735 0 0.627451 0.627451 0.643137
v -0.0150483 0.019588 0 0.627451 0.627451 0.643137
v -0.0149215 0.0193999 0 0.627451 0.627451 0.643137
v -0.015188 0.0197667 0 0.627451 0.627451 0.643137
v -0.018682 0.0145867 0 0.627451 0.627451 0.643137
v -0.0188951 0.0146643 0 0.627451 0.627451 0.643137
v -0.0184639 0.0145242 0 0.627451 0.627451 0.643137
v -0.018242 0.014477 0 0.627451 0.627451 0.643137
v -0.0180174 0.0144455 0 0.627451 0.627451 0.643137
v -0.0164602 0.0146643 0 0.627451 0.627451 0.643137
v -0.0166733 0.0145867 0 0.627451 0.627451 0.643137
v -0.0162529 0.0147566 0 0.627451 0.627451 0.643137
v -0.0160527 0.0148631 0 0.627451 0.627451 0.643137
v -0.0158603 0.0149833 0 0.627451 0.627451 0.643137
v -0.0150483 0.0157673 0 0.627451 0.627451 0.643137
v -0.015188 0.0155886 0 0.627451 0.627451 0.643137
v -0.0146236 0.0187892 0 0.627451 0.627451 0.643137
v -0.0147086 0.0189995 0 0.627451 0.627451 0.643137
v -0.0148081 0.0192034 0 0.627451 0.627451 0.643137
v -0.0191024 0.0147566 0 0.627451 0.627451 0.643137
v -0.0177911 0.0144296 0 0.627451 0.627451 0.643137
v -0.0175642 0.0144296 0 0.627451 0.627451 0.643137
v -0.0153398 0.01542 0 0.627451 0.627451 0.643137
v -0.015503 0.0152624 0 0.627451 0.627451 0.643137
v -0.0144356 0.0179044 0 0.627451 0.627451 0.643137
v -0.0193027 0.0148631 0 0.627451 0.627451 0.643137
v -0.0156768 0.0151166 0 0.627451 0.627451 0.643137
v -0.0144987 0.0170019 0 0.627451 0.627451 0.643137
v -0.0144593 0.0172253 0 0.627451 0.627451 0.643137
v -0.015503 0.0200929 0 0.627451 0.627451 0.643137
v -0.0153398 0.0199353 0 0.627451 0.627451 0.643137
v -0.0156768 0.0202387 0 0.627451 0.627451 0.643137
v -0.0158603 0.020372 0 0.627451 0.627451 0.643137
v -0.0160527 0.0204922 0 0.627451 0.627451 0.643137
v -0.0166733 0.0207686 0 0.627451 0.627451 0.643137
v -0.0164602 0.020691 0 0.627451 0.627451 0.643137
v -0.0168914 0.0208311 0 0.627451 0.627451 0.643137
v -0.0171133 0.0208783 0 0.627451 0.627451 0.643137
v -0.0173379 0.0209098 0 0.627451 0.627451 0.643137
v -0.019495 0.020372 0 0.627451 0.627451 0.643137
v -0.0193027 0.0204922 0 0.627451 0.627451 0.643137
v -0.0196785 0.0202387 0 0.627451 0.627451 0.643137
v -0.0198523 0.0200929 0 0.627451 0.627451 0.643137
v -0.0200155 0.0199353 0 0.627451 0.627451 0.643137
v -0.019495 0.0149833 0 0.627451 0.627451 0.643137
v -0.0196785 0.0151166 0 0.627451 0.627451 0.643137
v -0.0162529 0.0205987 0 0.627451 0.627451 0.643137
v -0.0175642 0.0209257 0 0.627451 0.627451 0.643137
v -0.018242 0.0208783 0 0.627451 0.627451 0.643137
v -0.0180174 0.0209098 0 0.627451 0.627451 0.643137
v -0.0184639 0.0208311 0 0.627451 0.627451 0.643137
v -0.0191024 0.0205987 0 0.627451 0.627451 0.643137
v -0.0201673 0.0197667 0 0.627451 0.627451 0.643137
v -0.020307 0.0157673 0 0.627451 0.627451 0.643137
v -0.0201673 0.0155886 0 0.627451 0.627451 0.643137
v -0.0177911 0.0209257 0 0.627451 0.627451 0.643137
v -0.018682 0.0207686 0 0.627451 0.627451 0.643137
v -0.0188951 0.020691 0 0.627451 0.627451 0.643137
v -0.020307 0.019588 0 0.627451 0.627451 0.643137
v -0.0204338 0.0193999 0 0.627451 0.627451 0.643137
v -0.0209197 0.0179044 0 0.627451 0.627451 0.643137
v -0.020896 0.01813 0 0.627451 0.627451 0.643137
v -0.0209277 0.0176776 0 0.627451 0.627451 0.643137
v -0.0209197 0.0174509 0 0.627451 0.627451 0.643137
v -0.020896 0.0172253 0 0.627451 0.627451 0.643137
v -0.0204338 0.0159554 0 0.627451 0.627451 0.643137
v -0.0205472 0.0161519 0 0.627451 0.627451 0.643137
v -0.0198523 0.0152624 0 0.627451 0.627451 0.643137
v -0.0200155 0.01542 0 0.627451 0.627451 0.643137
v -0.0144356 0.0174509 0 0.627451 0.627451 0.643137
v -0.0144277 0.0176776 0 0.627451 0.627451 0.643137
v -0.0208566 0.0183534 0 0.627451 0.627451 0.643137
v -0.0208018 0.0185735 0 0.627451 0.627451 0.643137
v -0.0207317 0.0165661 0 0.627451 0.627451 0.643137
v -0.0208018 0.0167818 0 0.627451 0.627451 0.643137
v -0.0206467 0.0163558 0 0.627451 0.627451 0.643137
v -0.0205472 0.0192034 0 0.627451 0.627451 0.643137
v -0.0206467 0.0189995 0 0.627451 0.627451 0.643137
v -0.0207317 0.0187892 0 0.627451 0.627451 0.643137
v -0.0208566 0.0170019 0 0.627451 0.627451 0.643137
v -0.0144277 0.0176776 -0.004 0.627451 0.627451 0.643137
v -0.0144356 0.0174509 -0.004 0.627451 0.627451 0.643137
v -0.0144593 0.0172253 -0.004 0.627451 0.627451 0.643137
v -0.0144987 0.0170019 -0.004 0.627451 0.627451 0.643137
v -0.0145535 0.0167818 -0.004 0.627451 0.627451 0.643137
v -0.0146236 0.0165661 -0.004 0.627451 0.627451 0.643137
v -0.0147086 0.0163558 -0.004 0.627451 0.627451 0.643137
v -0.0148081 0.0161519 -0.004 0.627451 0.627451 0.643137
v -0.0149215 0.0159554 -0.004 0.627451 0.627451 0.643137
v -0.0150483 0.0157673 -0.004 0.627451 0.627451 0.643137
v -0.015188 0.0155886 -0.004 0.627451 0.627451 0.643137
v -0.0153398 0.01542 -0.004 0.627451 0.627451 0.643137
v -0.015503 0.0152624 -0.004 0.627451 0.627451 0.643137
v -0.0156768 0.0151166 -0.004 0.627451 0.627451 0.643137
v -0.0158603 0.0149833 -0.004 0.627451 0.627451 0.643137
v -0.0160527 0.0148631 -0.004 0.627451 0.627451 0.643137
v -0.0162529 0.0147566 -0.004 0.627451 0.627451 0.643137
v -0.0164602 0.0146643 -0.004 0.627451 0.627451 0.643137
v -0.0166733 0.0145867 -0.004 0.627451 0.627451 0.643137
v -0.0168914 0.0145242 -0.004 0.627451 0.627451 0.643137
v -0.0171133 0.014477 -0.004 0.627451 0.627451 0.643137
v -0.0173379 0.0144455 -0.004 0.627451 0.627451 0.643137
v -0.0175642 0.0144296 -0.004 0.627451 0.627451 0.643137
v -0.0177911 0.0144296 -0.004 0.627451 0.627451 0.643137
v -0.0180174 0.0144455 -0.004 0.627451 0.627451 0.643137
v -0.018242 0.014477 -0.004 0.627451 0.627451 0.643137
v -0.0184639 0.0145242 -0.004 0.627451 0.627451 0.643137
v -0.018682 0.0145867 -0.004 0.627451 0.627451 0.643137
v -0.0188951 0.0146643 -0.004 0.627451 0.627451 0.643137
v -0.0191024 0.0147566 -0.004 0.627451 0.627451 0.643137
v -0.0193027 0.0148631 -0.004 0.627451 0.627451 0.643137
v -0.019495 0.0149833 -0.004 0.627451 0.627451 0.643137
v -0.0196785 0.0151166 -0.004 0.627451 0.627451 0.643137
v -0.0198523 0.0152624 -0.004 0.627451 0.627451 0.643137
v -0.0200155 0.01542 -0.004 0.627451 0.627451 0.643137
v -0.0201673 0.0155886 -0.004 0.627451 0.627451 0.643137
v -0.020307 0.0157673 -0.004 0.627451 0.627451 0.643137
v -0.0204338 0.0159554 -0.004 0.627451 0.627451 0.643137
v -0.0205472 0.0161519 -0.004 0.627451 0.627451 0.643137
v -0.0206467 0.0163558 -0.004 0.627451 0.627451 0.643137
v -0.0207317 0.0165661 -0.004 0.627451 0.627451 0.643137
v -0.0208018 0.0167818 -0.004 0.627451 0.627451 0.643137
v -0.0208566 0.0170019 -0.004 0.627451 0.627451 0.643137
v -0.020896 0.0172253 -0.004 0.627451 0.627451 0.643137
v -0.0209197 0.0174509 -0.004 0.627451 0.627451 0.643137
v -0.0209277 0.0176776 -0.004 0.627451 0.627451 0.643137
v -0.0209197 0.0179044 -0.004 0.627451 0.627451 0.643137
v -0.020896 0.01813 -0.004 0.627451 0.627451 0.643137
v -0.0208566 0.0183534 -0.004 0.627451 0.627451 0.643137
v -0.0208018 0.0185735 -0.004 0.627451 0.627451 0.643137
v -0.0207317 0.0187892 -0.004 0.627451 0.627451 0.643137
v -0.0206467 0.0189995 -0.004 0.627451 0.627451 0.643137
v -0.0205472 0.0192034 -0.004 0.627451 0.627451 0.643137
v -0.0204338 0.0193999 -0.004 0.627451 0.627451 0.643137
v -0.020307 0.019588 -0.004 0.627451 0.627451 0.643137
v -0.0201673 0.0197667 -0.004 0.627451 0.627451 0.643137
v -0.0200155 0.0199353 -0.004 0.627451 0.627451 0.643137
v -0.0198523 0.0200929 -0.004 0.627451 0.627451 0.643137
v -0.0196785 0.0202387 -0.004 0.627451 0.627451 0.643137
v -0.019495 0.020372 -0.004 0.627451 0.627451 0.643137
v -0.0193027 0.0204922 -0.004 0.627451 0.627451 0.643137
v -0.0191024 0.0205987 -0.004 0.627451 0.627451 0.643137
v -0.0188951 0.020691 -0.004 0.627451 0.627451 0.643137
v -0.018682 0.0207686 -0.004 0.627451 0.627451 0.643137
v -0.0184639 0.0208311 -0.004 0.627451 0.627451 0.643137
v -0.018242 0.0208783 -0.004 0.627451 0.627451 0.643137
v -0.0180174 0.0209098 -0.004 0.627451 0.627451 0.643137
v -0.0177911 0.0209257 -0.004 0.627451 0.627451 0.643137
v -0.0175642 0.0209257 -0.004 0.627451 0.627451 0.643137
v -0.0173379 0.0209098 -0.004 0.627451 0.627451 0.643137
v -0.0171133 0.0208783 -0.004 0.627451 0.627451 0.643137
v -0.0168914 0.0208311 -0.004 0.627451 0.627451 0.643137
v -0.0166733 0.0207686 -0.004 0.627451 0.627451 0.643137
v -0.0164602 0.020691 -0.004 0.627451 0.627451 0.643137
v -0.0162529 0.0205987 -0.004 0.627451 0.627451 0.643137
v -0.0160527 0.0204922 -0.004 0.627451 0.627451 0.643137
v -0.0158603 0.020372 -0.004 0.627451 0.627451 0.643137
v -0.0156768 0.0202387 -0.004 0.627451 0.627451 0.643137
v -0.015503 0.0200929 -0.004 0.627451 0.627451 0.643137
v -0.0153398 0.0199353 -0.004 0.627451 0.627451 0.643137
v -0.015188 0.0197667 -0.004 0.627451 0.627451 0.643137
v -0.0150483 0.019588 -0.004 0.627451 0.627451 0.643137
v -0.0149215 0.0193999 -0.004 0.627451 0.627451 0.643137
v -0.0148081 0.0192034 -0.004 0.627451 0.627451 0.643137
v -0.0147086 0.0189995 -0.004 0.627451 0.627451 0.643137
v -0.0146236 0.0187892 -0.004 0.627451 0.627451 0.643137
v -0.0145535 0.0185735 -0.004 0.627451 0.627451 0.643137
v -0.0144987 0.0183534 -0.004 0.627451 0.627451 0.643137
v -0.0144593 0.01813 -0.004 0.627451 0.627451 0.643137
v -0.0144356 0.0179044 -0.004 0.627451 0.627451 0.643137
v 0.012191 0.017294 0 0.627451 0.627451 0.643137
v 0.0121776 0.0176777 0 0.627451 0.627451 0.643137
v 0.0122312 0.0169122 0 0.627451 0.627451 0.643137
v 0.0122978 0.0165341 0 0.627451 0.627451 0.643137
v 0.0123907 0.0161616 0 0.627451 0.627451 0.643137
v 0.0125093 0.0157965 0 0.627451 0.627451 0.643137
v 0.0126531 0.0154406 0 0.627451 0.627451 0.643137
v 0.0128214 0.0150956 0 0.627451 0.627451 0.643137
v 0.0130134 0.0147631 0 0.627451 0.627451 0.643137
v 0.0132281 0.0144448 0 0.627451 0.627451 0.643137
v 0.0134644 0.0141423 0 0.627451 0.627451 0.643137
v 0.0137213 0.013857 0 0.627451 0.627451 0.643137
v 0.0139974 0.0135904 0 0.627451 0.627451 0.643137
v 0.0142915 0.0133436 0 0.627451 0.627451 0.643137
v 0.0146021 0.0131179 0 0.627451 0.627451 0.643137
v 0.0149276 0.0129145 0 0.627451 0.627451 0.643137
v 0.0152666 0.0127343 0 0.627451 0.627451 0.643137
v 0.0156173 0.0125781 0 0.627451 0.627451 0.643137
v 0.0159781 0.0124468 0 0.627451 0.627451 0.643137
v 0.0163471 0.012341 0 0.627451 0.627451 0.643137
v 0.0167226 0.0122612 0 0.627451 0.627451 0.643137
v 0.0171027 0.0122078 0 0.627451 0.627451 0.643137
v 0.0174857 0.012181 0 0.627451 0.627451 0.643137
v 0.0178696 0.012181 0 0.627451 0.627451 0.643137
v 0.0182526 0.0122078 0 0.627451 0.627451 0.643137
v 0.0186327 0.0122612 0 0.627451 0.627451 0.643137
v 0.0190082 0.012341 0 0.627451 0.627451 0.643137
v 0.0193772 0.0124468 0 0.627451 0.627451 0.643137
v 0.019738 0.0125781 0 0.627451 0.627451 0.643137
v 0.0200887 0.0127343 0 0.627451 0.627451 0.643137
v 0.0204276 0.0129145 0 0.627451 0.627451 0.643137
v 0.0207532 0.0131179 0 0.627451 0.627451 0.643137
v 0.0210638 0.0133436 0 0.627451 0.627451 0.643137
v 0.0213579 0.0135904 0 0.627451 0.627451 0.643137
v 0.021634 0.013857 0 0.627451 0.627451 0.643137
v 0.0218909 0.0141423 0 0.627451 0.627451 0.643137
v 0.0221272 0.0144448 0 0.627451 0.627451 0.643137
v 0.0223419 0.0147631 0 0.627451 0.627451 0.643137
v 0.0225339 0.0150956 0 0.627451 0.627451 0.643137
v 0.0227022 0.0154406 0 0.627451 0.627451 0.643137
v 0.022846 0.0157965 0 0.627451 0.627451 0.643137
v 0.0229646 0.0161616 0 0.627451 0.627451 0.643137
v 0.0230575 0.0165341 0 0.627451 0.627451 0.643137
v 0.0231241 0.0169122 0 0.627451 0.627451 0.643137
v 0.0231643 0.017294 0 0.627451 0.627451 0.643137
v 0.0231776 0.0176777 0 0.627451 0.627451 0.643137
v 0.0231643 0.0180613 0 0.627451 0.627451 0.643137
v 0.0231241 0.0184431 0 0.627451 0.627451 0.643137
v 0.0230575 0.0188212 0 0.627451 0.627451 0.643137
v 0.0229646 0.0191937 0 0.627451 0.627451 0.643137
v 0.022846 0.0195588 0 0.627451 0.627451 0.643137
v 0.0227022 0.0199147 0 0.627451 0.627451 0.643137
v 0.0225339 0.0202597 0 0.627451 0.627451 0.643137
v 0.0223419 0.0205922 0 0.627451 0.627451 0.643137
v 0.0221272 0.0209105 0 0.627451 0.627451 0.643137
v 0.0218909 0.021213 0 0.627451 0.627451 0.643137
v 0.021634 0.0214983 0 0.627451 0.627451 0.643137
v 0.0213579 0.0217649 0 0.627451 0.627451 0.643137
v 0.0210638 0.0220117 0 0.627451 0.627451 0.643137
v 0.0207532 0.0222374 0 0.627451 0.627451 0.643137
v 0.0204276 0.0224408 0 0.627451 0.627451 0.643137
v 0.0200887 0.022621 0 0.627451 0.627451 0.643137
v 0.019738 0.0227772 0 0.627451 0.627451 0.643137
v 0.0193772 0.0229085 0 0.627451 0.627451 0.643137
v 0.0190082 0.0230143 0 0.627451 0.627451 0.643137
v 0.0186327 0.0230941 0 0.627451 0.627451 0.643137
v 0.0182526 0.0231475 0 0.627451 0.627451 0.643137
v 0.0178696 0.0231743 0 0.627451 0.627451 0.643137
v 0.0174857 0.0231743 0 0.627451 0.627451 0.643137
v 0.0171027 0.0231475 0 0.627451 0.627451 0.643137
v 0.0167226 0.0230941 0 0.627451 0.627451 0.643137
v 0.0163471 0.0230143 0 0.627451 0.627451 0.643137
v 0.0159781 0.0229085 0 0.627451 0.627451 0.643137
v 0.0156173 0.0227772 0 0.627451 0.627451 0.643137
v 0.0152666 0.022621 0 0.627451 0.627451 0.643137
v 0.0149276 0.0224408 0 0.627451 0.627451 0.643137
v 0.0146021 0.0222374 0 0.627451 0.627451 0.643137
v 0.0142915 0.0220117 0 0.627451 0.627451 0.643137
v 0.0139974 0.0217649 0 0.627451 0.627451 0.643137
v 0.0137213 0.0214983 0 0.627451 0.627451 0.643137
v 0.0134644 0.021213 0 0.627451 0.627451 0.643137
v 0.0132281 0.0209105 0 0.627451 0.627451 0.643137
v 0.0130134 0.0205922 0 0.627451 0.627451 0.643137
v 0.0128214 0.0202597 0 0.627451 0.627451 0.643137
v 0.0126531 0.0199147 0 0.627451 0.627451 0.643137
v 0.0125093 0.0195588 0 0.627451 0.627451 0.643137
v 0.0123907 0.0191937 0 0.627451 0.627451 0.643137
v 0.0122978 0.0188212 0 0.627451 0.627451 0.643137
v 0.0122312 0.0184431 0 0.627451 0.627451 0.643137
v 0.012191 0.0180613 0 0.627451 0.627451 0.643137
v 0.018242 0.014477 0 0.627451 0.627451 0.643137
v 0.0184639 0.0145242 0 0.627451 0.627451 0.643137
v 0.019495 0.0149833 0 0.627451 0.627451 0.643137
v 0.0193026 0.0148631 0 0.627451 0.627451 0.643137
v 0.0196785 0.0151166 0 0.627451 0.627451 0.643137
v 0.0208018 0.0167818 0 0.627451 0.627451 0.643137
v 0.0207317 0.0165661 0 0.627451 0.627451 0.643137
v 0.0208566 0.0170019 0 0.627451 0.627451 0.643137
v 0.0166733 0.0145867 0 0.627451 0.627451 0.643137
v 0.0164602 0.0146643 0 0.627451 0.627451 0.643137
v 0.0168914 0.0145242 0 0.627451 0.627451 0.643137
v 0.0171133 0.014477 0 0.627451 0.627451 0.643137
v 0.0173379 0.0144455 0 0.627451 0.627451 0.643137
v 0.0180174 0.0144455 0 0.627451 0.627451 0.643137
v 0.0198523 0.0152624 0 0.627451 0.627451 0.643137
v 0.0200155 0.01542 0 0.627451 0.627451 0.643137
v 0.0201673 0.0155886 0 0.627451 0.627451 0.643137
v 0.020896 0.0172253 0 0.627451 0.627451 0.643137
v 0.0147086 0.0163558 0 0.627451 0.627451 0.643137
v 0.0146236 0.0165661 0 0.627451 0.627451 0.643137
v 0.0148081 0.0161519 0 0.627451 0.627451 0.643137
v 0.0150483 0.0157673 0 0.627451 0.627451 0.643137
v 0.015188 0.0155886 0 0.627451 0.627451 0.643137
v 0.0162529 0.0147566 0 0.627451 0.627451 0.643137
v 0.0175642 0.0144296 0 0.627451 0.627451 0.643137
v 0.0177911 0.0144296 0 0.627451 0.627451 0.643137
v 0.0188951 0.0146643 0 0.627451 0.627451 0.643137
v 0.018682 0.0145867 0 0.627451 0.627451 0.643137
v 0.0191024 0.0147566 0 0.627451 0.627451 0.643137
v 0.020307 0.0157673 0 0.627451 0.627451 0.643137
v 0.0205472 0.0161519 0 0.627451 0.627451 0.643137
v 0.0204338 0.0159554 0 0.627451 0.627451 0.643137
v 0.0206467 0.0163558 0 0.627451 0.627451 0.643137
v 0.0144987 0.0183534 0 0.627451 0.627451 0.643137
v 0.0145535 0.0185735 0 0.627451 0.627451 0.643137
v 0.0144593 0.01813 0 0.627451 0.627451 0.643137
v 0.0144593 0.0172253 0 0.627451 0.627451 0.643137
v 0.0144356 0.0174509 0 0.627451 0.627451 0.643137
v 0.0144987 0.0170019 0 0.627451 0.627451 0.643137
v 0.0145535 0.0167818 0 0.627451 0.627451 0.643137
v 0.0149215 0.0159554 0 0.627451 0.627451 0.643137
v 0.0160526 0.0148631 0 0.627451 0.627451 0.643137
v 0.0158603 0.020372 0 0.627451 0.627451 0.643137
v 0.0160526 0.0204922 0 0.627451 0.627451 0.643137
v 0.0156768 0.0202387 0 0.627451 0.627451 0.643137
v 0.0144356 0.0179044 0 0.627451 0.627451 0.643137
v 0.0144276 0.0176777 0 0.627451 0.627451 0.643137
v 0.0158603 0.0149833 0 0.627451 0.627451 0.643137
v 0.0156768 0.0151166 0 0.627451 0.627451 0.643137
v 0.0162529 0.0205987 0 0.627451 0.627451 0.643137
v 0.0153398 0.0199353 0 0.627451 0.627451 0.643137
v 0.015503 0.0200929 0 0.627451 0.627451 0.643137
v 0.015188 0.0197667 0 0.627451 0.627451 0.643137
v 0.0150483 0.019588 0 0.627451 0.627451 0.643137
v 0.0149215 0.0193999 0 0.627451 0.627451 0.643137
v 0.015503 0.0152624 0 0.627451 0.627451 0.643137
v 0.0153398 0.01542 0 0.627451 0.627451 0.643137
v 0.0204338 0.0193999 0 0.627451 0.627451 0.643137
v 0.0205472 0.0192034 0 0.627451 0.627451 0.643137
v 0.020307 0.019588 0 0.627451 0.627451 0.643137
v 0.018242 0.0208783 0 0.627451 0.627451 0.643137
v 0.0184639 0.0208311 0 0.627451 0.627451 0.643137
v 0.0180174 0.0209098 0 0.627451 0.627451 0.643137
v 0.0148081 0.0192034 0 0.627451 0.627451 0.643137
v 0.0147086 0.0189995 0 0.627451 0.627451 0.643137
v 0.0146236 0.0187892 0 0.627451 0.627451 0.643137
v 0.0209197 0.0174509 0 0.627451 0.627451 0.643137
v 0.0209276 0.0176777 0 0.627451 0.627451 0.643137
v 0.0206467 0.0189995 0 0.627451 0.627451 0.643137
v 0.019495 0.020372 0 0.627451 0.627451 0.643137
v 0.0196785 0.0202387 0 0.627451 0.627451 0.643137
v 0.0193026 0.0204922 0 0.627451 0.627451 0.643137
v 0.018682 0.0207686 0 0.627451 0.627451 0.643137
v 0.0188951 0.020691 0 0.627451 0.627451 0.643137
v 0.0177911 0.0209257 0 0.627451 0.627451 0.643137
v 0.0171133 0.0208783 0 0.627451 0.627451 0.643137
v 0.0173379 0.0209098 0 0.627451 0.627451 0.643137
v 0.0168914 0.0208311 0 0.627451 0.627451 0.643137
v 0.0207317 0.0187892 0 0.627451 0.627451 0.643137
v 0.0208018 0.0185735 0 0.627451 0.627451 0.643137
v 0.0201673 0.0197667 0 0.627451 0.627451 0.643137
v 0.0191024 0.0205987 0 0.627451 0.627451 0.643137
v 0.0175642 0.0209257 0 0.627451 0.627451 0.643137
v 0.0166733 0.0207686 0 0.627451 0.627451 0.643137
v 0.0164602 0.020691 0 0.627451 0.627451 0.643137
v 0.0200155 0.0199353 0 0.627451 0.627451 0.643137
v 0.0198523 0.0200929 0 0.627451 0.627451 0.643137
v 0.0209197 0.0179044 0 0.627451 0.627451 0.643137
v 0.020896 0.01813 0 0.627451 0.627451 0.643137
v 0.0208566 0.0183534 0 0.627451 0.627451 0.643137
v 0.0209276 0.0176777 -0.004 0.627451 0.627451 0.643137
v 0.0209197 0.0174509 -0.004 0.627451 0.627451 0.643137
v 0.020896 0.0172253 -0.004 0.627451 0.627451 0.643137
v 0.0208566 0.0170019 -0.004 0.627451 0.627451 0.643137
v 0.0208018 0.0167818 -0.004 0.627451 0.627451 0.643137
v 0.0207317 0.0165661 -0.004 0.627451 0.627451 0.643137
v 0.0206467 0.0163558 -0.004 0.627451 0.627451 0.643137
v 0.0205472 0.0161519 -0.004 0.627451 0.627451 0.643137
v 0.0204338 0.0159554 -0.004 0.627451 0.627451 0.643137
v 0.020307 0.0157673 -0.004 0.627451 0.627451 0.643137
v 0.0201673 0.0155886 -0.004 0.627451 0.627451 0.643137
v 0.0200155 0.01542 -0.004 0.627451 0.627451 0.643137
v 0.0198523 0.0152624 -0.004 0.627451 0.627451 0.643137
v 0.0196785 0.0151166 -0.004 0.627451 0.627451 0.643137
v 0.019495 0.0149833 -0.004 0.627451 0.627451 0.643137
v 0.0193026 0.0148631 -0.004 0.627451 0.627451 0.643137
v 0.0191024 0.0147566 -0.004 0.627451 0.627451 0.643137
v 0.0188951 0.0146643 -0.004 0.627451 0.627451 0.643137
v 0.018682 0.0145867 -0.004 0.627451 0.627451 0.643137
v 0.0184639 0.0145242 -0.004 0.627451 0.627451 0.643137
v 0.018242 0.014477 -0.004 0.627451 0.627451 0.643137
v 0.0180174 0.0144455 -0.004 0.627451 0.627451 0.643137
v 0.0177911 0.0144296 -0.004 0.627451 0.627451 0.643137
v 0.0175642 0.0144296 -0.004 0.627451 0.627451 0.643137
v 0.0173379 0.0144455 -0.004 0.627451 0.627451 0.643137
v 0.0171133 0.014477 -0.004 0.627451 0.627451 0.643137
v 0.0168914 0.0145242 -0.004 0.627451 0.627451 0.643137
v 0.0166733 0.0145867 -0.004 0.627451 0.627451 0.643137
v 0.0164602 0.0146643 -0.004 0.627451 0.627451 0.643137
v 0.0162529 0.0147566 -0.004 0.627451 0.627451 0.643137
v 0.0160526 0.0148631 -0.004 0.627451 0.627451 0.643137
v 0.0158603 0.0149833 -0.004 0.627451 0.627451 0.643137
v 0.0156768 0.0151166 -0.004 0.627451 0.627451 0.643137
v 0.015503 0.0152624 -0.004 0.627451 0.627451 0.643137
v 0.0153398 0.01542 -0.004 0.627451 0.627451 0.643137
v 0.015188 0.0155886 -0.004 0.627451 0.627451 0.643137
v 0.0150483 0.0157673 -0.004 0.627451 0.627451 0.643137
v 0.0149215 0.0159554 -0.004 0.627451 0.627451 0.643137
v 0.0148081 0.0161519 -0.004 0.627451 0.627451 0.643137
v 0.0147086 0.0163558 -0.004 0.627451 0.627451 0.643137
v 0.0146236 0.0165661 -0.004 0.627451 0.627451 0.643137
v 0.0145535 0.0167818 -0.004 0.627451 0.627451 0.643137
v 0.0144987 0.0170019 -0.004 0.627451 0.627451 0.643137
v 0.0144593 0.0172253 -0.004 0.627451 0.627451 0.643137
v 0.0144356 0.0174509 -0.004 0.627451 0.627451 0.643137
v 0.0144276 0.0176777 -0.004 0.627451 0.627451 0.643137
v 0.0144356 0.0179044 -0.004 0.627451 0.627451 0.643137
v 0.0144593 0.01813 -0.004 0.627451 0.627451 0.643137
v 0.0144987 0.0183534 -0.004 0.627451 0.627451 0.643137
v 0.0145535 0.0185735 -0.004 0.627451 0.627451 0.643137
v 0.0146236 0.0187892 -0.004 0.627451 0.627451 0.643137
v 0.0147086 0.0189995 -0.004 0.627451 0.627451 0.643137
v 0.0148081 0.0192034 -0.004 0.627451 0.627451 0.643137
v 0.0149215 0.0193999 -0.004 0.627451 0.627451 0.643137
v 0.0150483 0.019588 -0.004 0.627451 0.627451 0.643137
v 0.015188 0.0197667 -0.004 0.627451 0.627451 0.643137
v 0.0153398 0.0199353 -0.004 0.627451 0.627451 0.643137
v 0.015503 0.0200929 -0.004 0.627451 0.627451 0.643137
v 0.0156768 0.0202387 -0.004 0.627451 0.627451 0.643137
v 0.0158603 0.020372 -0.004 0.627451 0.627451 0.643137
v 0.0160526 0.0204922 -0.004 0.627451 0.627451 0.643137
v 0.0162529 0.0205987 -0.004 0.627451 0.627451 0.643137
v 0.0164602 0.020691 -0.004 0.627451 0.627451 0.643137
v 0.0166733 0.0207686 -0.004 0.627451 0.627451 0.643137
v 0.0168914 0.0208311 -0.004 0.627451 0.627451 0.643137
v 0.0171133 0.0208783 -0.004 0.627451 0.627451 0.643137
v 0.0173379 0.0209098 -0.004 0.627451 0.627451 0.643137
v 0.0175642 0.0209257 -0.004 0.627451 0.627451 0.643137
v 0.0177911 0.0209257 -0.004 0.627451 0.627451 0.643137
v 0.0180174 0.0209098 -0.004 0.627451 0.627451 0.643137
v 0.018242 0.0208783 -0.004 0.627451 0.627451 0.643137
v 0.0184639 0.0208311 -0.004 0.627451 0.627451 0.643137
v 0.018682 0.0207686 -0.004 0.627451 0.627451 0.643137
v 0.0188951 0.020691 -0.004 0.627451 0.627451 0.643137
v 0.0191024 0.0205987 -0.004 0.627451 0.627451 0.643137
v 0.0193026 0.0204922 -0.004 0.627451 0.627451 0.643137
v 0.019495 0.020372 -0.004 0.627451 0.627451 0.643137
v 0.0196785 0.0202387 -0.004 0.627451 0.627451 0.643137
v 0.0198523 0.0200929 -0.004 0.627451 0.627451 0.643137
v 0.0200155 0.0199353 -0.004 0.627451 0.627451 0.643137
v 0.0201673 0.0197667 -0.004 0.627451 0.627451 0.643137
v 0.020307 0.019588 -0.004 0.627451 0.627451 0.643137
v 0.0204338 0.0193999 -0.004 0.627451 0.627451 0.643137
v 0.0205472 0.0192034 -0.004 0.627451 0.627451 0.643137
v 0.0206467 0.0189995 -0.004 0.627451 0.627451 0.643137
v 0.0207317 0.0187892 -0.004 0.627451 0.627451 0.643137
v 0.0208018 0.0185735 -0.004 0.627451 0.627451 0.643137
v 0.0208566 0.0183534 -0.004 0.627451 0.627451 0.643137
v 0.020896 0.01813 -0.004 0.627451 0.627451 0.643137
v 0.0209197 0.0179044 -0.004 0.627451 0.627451 0.643137
v 0.0237945 -0.00247168 -0.004 0.627451 0.627451 0.643137
v 0.0239698 -0.00254976 -0.004 0.627451 0.627451 0.643137
v 0.0245225 -0.00270822 -0.004 0.627451 0.627451 0.643137
v 0.0247125 -0.00273494 -0.004 0.627451 0.627451 0.643137
v 0.0241502 -0.00261541 -0.004 0.627451 0.627451 0.643137
v 0.0243347 -0.00266831 -0.004 0.627451 0.627451 0.643137
v 0.0234622 -0.00227985 -0.004 0.627451 0.627451 0.643137
v 0.025096 -0.00274832 -0.004 0.627451 0.627451 0.643137
v 0.0252875 -0.00273494 -0.004 0.627451 0.627451 0.643137
v 0.024904 -0.00274832 -0.004 0.627451 0.627451 0.643137
v 0.023625 -0.00238157 -0.004 0.627451 0.627451 0.643137
v 0.0254775 -0.00270822 -0.004 0.627451 0.627451 0.643137
v 0.0256653 -0.00266831 -0.004 0.627451 0.627451 0.643137
v 0.0260302 -0.00254976 -0.004 0.627451 0.627451 0.643137
v 0.0262055 -0.00247168 -0.004 0.627451 0.627451 0.643137
v 0.026375 -0.00238157 -0.004 0.627451 0.627451 0.643137
v 0.0258498 -0.00261541 -0.004 0.627451 0.627451 0.643137
v 0.0228934 -0.00176767 -0.004 0.627451 0.627451 0.643137
v 0.0230218 -0.00191031 -0.004 0.627451 0.627451 0.643137
v 0.0231599 -0.00204365 -0.004 0.627451 0.627451 0.643137
v 0.0243347 0.00266831 -0.004 0.627451 0.627451 0.643137
v 0.0247125 0.00273494 -0.004 0.627451 0.627451 0.643137
v 0.0245225 0.00270822 -0.004 0.627451 0.627451 0.643137
v 0.025096 0.00274832 -0.004 0.627451 0.627451 0.643137
v 0.024904 0.00274832 -0.004 0.627451 0.627451 0.643137
v 0.0226679 -0.00145728 -0.004 0.627451 0.627451 0.643137
v 0.0265378 -0.00227985 -0.004 0.627451 0.627451 0.643137
v 0.0233069 -0.00216703 -0.004 0.627451 0.627451 0.643137
v 0.0227752 -0.00161641 -0.004 0.627451 0.627451 0.643137
v 0.0252875 0.00273494 -0.004 0.627451 0.627451 0.643137
v 0.0256653 0.00266831 -0.004 0.627451 0.627451 0.643137
v 0.0254775 0.00270822 -0.004 0.627451 0.627451 0.643137
v 0.0274281 -0.00129105 -0.004 0.627451 0.627451 0.643137
v 0.0275123 -0.00111853 -0.004 0.627451 0.627451 0.643137
v 0.0266931 -0.00216703 -0.004 0.627451 0.627451 0.643137
v 0.0268401 -0.00204365 -0.004 0.627451 0.627451 0.643137
v 0.0258498 0.00261541 -0.004 0.627451 0.627451 0.643137
v 0.0277433 -0.00019183 -0.004 0.627451 0.627451 0.643137
v 0.02775 7.76289e-17 -0.004 0.627451 0.627451 0.643137
v 0.0269782 -0.00191031 -0.004 0.627451 0.627451 0.643137
v 0.0241502 0.00261541 -0.004 0.627451 0.627451 0.643137
v 0.0239698 0.00254976 -0.004 0.627451 0.627451 0.643137
v 0.0266931 0.00216703 -0.004 0.627451 0.627451 0.643137
v 0.0277232 -0.000382726 -0.004 0.627451 0.627451 0.643137
v 0.0275842 -0.000940555 -0.004 0.627451 0.627451 0.643137
v 0.0276435 -0.000758003 -0.004 0.627451 0.627451 0.643137
v 0.0273321 -0.00145728 -0.004 0.627451 0.627451 0.643137
v 0.0271066 -0.00176767 -0.004 0.627451 0.627451 0.643137
v 0.0272248 -0.00161641 -0.004 0.627451 0.627451 0.643137
v 0.0262055 0.00247168 -0.004 0.627451 0.627451 0.643137
v 0.0260302 0.00254976 -0.004 0.627451 0.627451 0.643137
v 0.0265378 0.00227985 -0.004 0.627451 0.627451 0.643137
v 0.026375 0.00238157 -0.004 0.627451 0.627451 0.643137
v 0.0268401 0.00204365 -0.004 0.627451 0.627451 0.643137
v 0.0275123 0.00111853 -0.004 0.627451 0.627451 0.643137
v 0.0276899 0.000571757 -0.004 0.627451 0.627451 0.643137
v 0.0276435 0.000758003 -0.004 0.627451 0.627451 0.643137
v 0.0277232 0.000382726 -0.004 0.627451 0.627451 0.643137
v 0.0277433 0.00019183 -0.004 0.627451 0.627451 0.643137
v 0.0223101 -0.000571757 -0.004 0.627451 0.627451 0.643137
v 0.0223565 -0.000758003 -0.004 0.627451 0.627451 0.643137
v 0.023625 0.00238157 -0.004 0.627451 0.627451 0.643137
v 0.0234622 0.00227985 -0.004 0.627451 0.627451 0.643137
v 0.0274281 0.00129105 -0.004 0.627451 0.627451 0.643137
v 0.0275842 0.000940555 -0.004 0.627451 0.627451 0.643137
v 0.0276899 -0.000571757 -0.004 0.627451 0.627451 0.643137
v 0.0222768 0.000382726 -0.004 0.627451 0.627451 0.643137
v 0.0222567 0.00019183 -0.004 0.627451 0.627451 0.643137
v 0.0224877 0.00111853 -0.004 0.627451 0.627451 0.643137
v 0.0224158 0.000940555 -0.004 0.627451 0.627451 0.643137
v 0.0231599 0.00204365 -0.004 0.627451 0.627451 0.643137
v 0.0230218 0.00191031 -0.004 0.627451 0.627451 0.643137
v 0.0237945 0.00247168 -0.004 0.627451 0.627451 0.643137
v 0.0224877 -0.00111853 -0.004 0.627451 0.627451 0.643137
v 0.0225719 -0.00129105 -0.004 0.627451 0.627451 0.643137
v 0.0224158 -0.000940555 -0.004 0.627451 0.627451 0.643137
v 0.02225 7.79657e-17 -0.004 0.627451 0.627451 0.643137
v 0.0222567 -0.00019183 -0.004 0.627451 0.627451 0.643137
v 0.0223101 0.000571757 -0.004 0.627451 0.627451 0.643137
v 0.0225719 0.00129105 -0.004 0.627451 0.627451 0.643137
v 0.0233069 0.00216703 -0.004 0.627451 0.627451 0.643137
v 0.0222768 -0.000382726 -0.004 0.627451 0.627451 0.643137
v 0.0223565 0.000758003 -0.004 0.627451 0.627451 0.643137
v 0.0226679 0.00145728 -0.004 0.627451 0.627451 0.643137
v 0.0228934 0.00176767 -0.004 0.627451 0.627451 0.643137
v 0.0227752 0.00161641 -0.004 0.627451 0.627451 0.643137
v 0.0271066 0.00176767 -0.004 0.627451 0.627451 0.643137
v 0.0269782 0.00191031 -0.004 0.627451 0.627451 0.643137
v 0.0273321 0.00145728 -0.004 0.627451 0.627451 0.643137
v 0.0272248 0.00161641 -0.004 0.627451 0.627451 0.643137
v 0 0.00858883 -0.004 0.627451 0.627451 0.643137
v 0.02775 7.76289e-17 -0.009 0.627451 0.627451 0.643137
v 0.0277433 0.00019183 -0.009 0.627451 0.627451 0.643137
v 0.0277232 0.000382726 -0.009 0.627451 0.627451 0.643137
v 0.0276899 0.000571757 -0.009 0.627451 0.627451 0.643137
v 0.0276435 0.000758003 -0.009 0.627451 0.627451 0.643137
v 0.0275842 0.000940555 -0.009 0.627451 0.627451 0.643137
v 0.0275123 0.00111853 -0.009 0.627451 0.627451 0.643137
v 0.0274281 0.00129105 -0.009 0.627451 0.627451 0.643137
v 0.0273321 0.00145728 -0.009 0.627451 0.627451 0.643137
v 0.0272248 0.00161641 -0.009 0.627451 0.627451 0.643137
v 0.0271066 0.00176767 -0.009 0.627451 0.627451 0.643137
v 0.0269782 0.00191031 -0.009 0.627451 0.627451 0.643137
v 0.0268401 0.00204365 -0.009 0.627451 0.627451 0.643137
v 0.0266931 0.00216703 -0.009 0.627451 0.627451 0.643137
v 0.0265378 0.00227985 -0.009 0.627451 0.627451 0.643137
v 0.026375 0.00238157 -0.009 0.627451 0.627451 0.643137
v 0.0262055 0.00247168 -0.009 0.627451 0.627451 0.643137
v 0.0260302 0.00254976 -0.009 0.627451 0.627451 0.643137
v 0.0258498 0.00261541 -0.009 0.627451 0.627451 0.643137
v 0.0256653 0.00266831 -0.009 0.627451 0.627451 0.643137
v 0.0254775 0.00270822 -0.009 0.627451 0.627451 0.643137
v 0.0252875 0.00273494 -0.009 0.627451 0.627451 0.643137
v 0.025096 0.00274832 -0.009 0.627451 0.627451 0.643137
v 0.024904 0.00274832 -0.009 0.627451 0.627451 0.643137
v 0.0247125 0.00273494 -0.009 0.627451 0.627451 0.643137
v 0.0245225 0.00270822 -0.009 0.627451 0.627451 0.643137
v 0.0243347 0.00266831 -0.009 0.627451 0.627451 0.643137
v 0.0241502 0.00261541 -0.009 0.627451 0.627451 0.643137
v 0.0239698 0.00254976 -0.009 0.627451 0.627451 0.643137
v 0.0237945 0.00247168 -0.009 0.627451 0.627451 0.643137
v 0.023625 0.00238157 -0.009 0.627451 0.627451 0.643137
v 0.0234622 0.00227985 -0.009 0.627451 0.627451 0.643137
v 0.0233069 0.00216703 -0.009 0.627451 0.627451 0.643137
v 0.0231599 0.00204365 -0.009 0.627451 0.627451 0.643137
v 0.0230218 0.00191031 -0.009 0.627451 0.627451 0.643137
v 0.0228934 0.00176767 -0.009 0.627451 0.627451 0.643137
v 0.0227752 0.00161641 -0.009 0.627451 0.627451 0.643137
v 0.0226679 0.00145728 -0.009 0.627451 0.627451 0.643137
v 0.0225719 0.00129105 -0.009 0.627451 0.627451 0.643137
v 0.0224877 0.00111853 -0.009 0.627451 0.627451 0.643137
v 0.0224158 0.000940555 -0.009 0.627451 0.627451 0.643137
v 0.0223565 0.000758003 -0.009 0.627451 0.627451 0.643137
v 0.0223101 0.000571757 -0.009 0.627451 0.627451 0.643137
v 0.0222768 0.000382726 -0.009 0.627451 0.627451 0.643137
v 0.0222567 0.00019183 -0.009 0.627451 0.627451 0.643137
v 0.02225 7.86392e-17 -0.009 0.627451 0.627451 0.643137
v 0.0222567 -0.00019183 -0.009 0.627451 0.627451 0.643137
v 0.0222768 -0.000382726 -0.009 0.627451 0.627451 0.643137
v 0.0223101 -0.000571757 -0.009 0.627451 0.627451 0.643137
v 0.0223565 -0.000758003 -0.009 0.627451 0.627451 0.643137
v 0.0224158 -0.000940555 -0.009 0.627451 0.627451 0.643137
v 0.0224877 -0.00111853 -0.009 0.627451 0.627451 0.643137
v 0.0225719 -0.00129105 -0.009 0.627451 0.627451 0.643137
v 0.0226679 -0.00145728 -0.009 0.627451 0.627451 0.643137
v 0.0227752 -0.00161641 -0.009 0.627451 0.627451 0.643137
v 0.0228934 -0.00176767 -0.009 0.627451 0.627451 0.643137
v 0.0230218 -0.00191031 -0.009 0.627451 0.627451 0.643137
v 0.0231599 -0.00204365 -0.009 0.627451 0.627451 0.643137
v 0.0233069 -0.00216703 -0.009 0.627451 0.627451 0.643137
v 0.0234622 -0.00227985 -0.009 0.627451 0.627451 0.643137
v 0.023625 -0.00238157 -0.009 0.627451 0.627451 0.643137
v 0.0237945 -0.00247168 -0.009 0.627451 0.627451 0.643137
v 0.0239698 -0.00254976 -0.009 0.627451 0.627451 0.643137
v 0.0241502 -0.00261541 -0.009 0.627451 0.627451 0.643137
v 0.0243347 -0.00266831 -0.009 0.627451 0.627451 0.643137
v 0.0245225 -0.00270822 -0.009 0.627451 0.627451 0.643137
v 0.0247125 -0.00273494 -0.009 0.627451 0.627451 0.643137
v 0.024904 -0.00274832 -0.009 0.627451 0.627451 0.643137
v 0.025096 -0.00274832 -0.009 0.627451 0.627451 0.643137
v 0.0252875 -0.00273494 -0.009 0.627451 0.627451 0.643137
v 0.0254775 -0.00270822 -0.009 0.627451 0.627451 0.643137
v 0.0256653 -0.00266831 -0.009 0.627451 0.627451 0.643137
v 0.0258498 -0.00261541 -0.009 0.627451 0.627451 0.643137
v 0.0260302 -0.00254976 -0.009 0.627451 0.627451 0.643137
v 0.0262055 -0.00247168 -0.009 0.627451 0.627451 0.643137
v 0.026375 -0.00238157 -0.009 0.627451 0.627451 0.643137
v 0.0265378 -0.00227985 -0.009 0.627451 0.627451 0.643137
v 0.0266931 -0.00216703 -0.009 0.627451 0.627451 0.643137
v 0.0268401 -0.00204365 -0.009 0.627451 0.627451 0.643137
v 0.0269782 -0.00191031 -0.009 0.627451 0.627451 0.643137
v 0.0271066 -0.00176767 -0.009 0.627451 0.627451 0.643137
v 0.0272248 -0.00161641 -0.009 0.627451 0.627451 0.643137
v 0.0273321 -0.00145728 -0.009 0.627451 0.627451 0.643137
v 0.0274281 -0.00129105 -0.009 0.627451 0.627451 0.643137
v 0.0275123 -0.00111853 -0.009 0.627451 0.627451 0.643137
v 0.0275842 -0.000940555 -0.009 0.627451 0.627451 0.643137
v 0.0276435 -0.000758003 -0.009 0.627451 0.627451 0.643137
v 0.0276899 -0.000571757 -0.009 0.627451 0.627451 0.643137
v 0.0277232 -0.000382726 -0.009 0.627451 0.627451 0.643137
v 0.0277433 -0.00019183 -0.009 0.627451 0.627451 0.643137
v 0.025 7.76289e-17 -0.009 0.627451 0.627451 0.643137
vn 0.997669 0 0.0682424
vn 1 0 -0
vn 0.997564 0.0697565 0
vn 0.995238 0.0695939 0.0682424
vn 0.990268 0.139173 0
vn 0.98796 0.138849 0.0682424
vn 0.978148 0.207912 0
vn 0.975867 0.207427 0.0682424
vn 0.961262 0.275637 0
vn 0.959021 0.274995 0.0682424
vn 0.939693 0.34202 0
vn 0.937502 0.341223 0.0682424
vn 0.913545 0.406737 0
vn 0.911416 0.405788 0.0682424
vn 0.882948 0.469472 0
vn 0.880889 0.468377 0.0682424
vn 0.848048 0.529919 0
vn 0.846071 0.528684 0.0682424
vn 0.809017 0.587785 0
vn 0.807131 0.586415 0.0682424
vn 0.766044 0.642788 0
vn 0.764259 0.641289 0.0682424
vn 0.71934 0.694658 0
vn 0.717663 0.693039 0.0682424
vn 0.669131 0.743145 0
vn 0.667571 0.741412 0.0682424
vn 0.615661 0.788011 0
vn 0.614226 0.786174 0.0682424
vn 0.559193 0.829038 0
vn 0.557889 0.827105 0.0682424
vn 0.5 0.866025 0
vn 0.498834 0.864006 0.0682424
vn 0.438371 0.898794 0
vn 0.437349 0.896699 0.0682424
vn 0.374607 0.927184 0
vn 0.373733 0.925022 0.0682424
vn 0.309017 0.951057 0
vn 0.308297 0.948839 0.0682424
vn 0.241922 0.970296 0
vn 0.241358 0.968034 0.0682424
vn 0.173648 0.984808 0
vn 0.173243 0.982512 0.0682424
vn 0.104528 0.994522 0
vn 0.104285 0.992203 0.0682424
vn 0.0348995 0.999391 0
vn 0.0348181 0.997061 0.0682424
vn -0.0348995 0.999391 0
vn -0.0348181 0.997061 0.0682424
vn -0.104528 0.994522 0
vn -0.104285 0.992203 0.0682424
vn -0.173648 0.984808 0
vn -0.173243 0.982512 0.0682424
vn -0.241922 0.970296 0
vn -0.241358 0.968034 0.0682424
vn -0.309017 0.951057 0
vn -0.308297 0.948839 0.0682424
vn -0.374607 0.927184 0
vn -0.373733 0.925022 0.0682424
vn -0.438371 0.898794 0
vn -0.437349 0.896699 0.0682424
vn -0.5 0.866025 0
vn -0.498834 0.864006 0.0682424
vn -0.559193 0.829038 0
vn -0.557889 0.827105 0.0682424
vn -0.615661 0.788011 0
vn -0.614226 0.786174 0.0682424
vn -0.669131 0.743145 0
vn -0.667571 0.741412 0.0682424
vn -0.71934 0.694658 0
vn -0.717663 0.693039 0.0682424
vn -0.766044 0.642788 0
vn -0.764259 0.641289 0.0682424
vn -0.809017 0.587785 0
vn -0.807131 0.586415 0.0682424
vn -0.848048 0.529919 0
vn -0.846071 0.528684 0.0682424
vn -0.882948 0.469472 0
vn -0.880889 0.468377 0.0682424
vn -0.913545 0.406737 0
vn -0.911416 0.405788 0.0682424
vn -0.939693 0.34202 0
vn -0.937502 0.341223 0.0682424
vn -0.961262 0.275637 0
vn -0.959021 0.274995 0.0682424
vn -0.978148 0.207912 0
vn -0.975867 0.207427 0.0682424
vn -0.990268 0.139173 0
vn -0.98796 0.138849 0.0682424
vn -0.997564 0.0697565 0
vn -0.995238 0.0695939 0.0682424
vn -1 -2.22045e-16 0
vn -0.997669 -2.21527e-16 0.0682424
vn -0.997564 -0.0697565 0
vn -0.995238 -0.0695939 0.0682424
vn -0.990268 -0.139173 0
vn -0.98796 -0.138849 0.0682424
vn -0.978148 -0.207912 0
vn -0.975867 -0.207427 0.0682424
vn -0.961262 -0.275637 0
vn -0.959021 -0.274995 0.0682424
vn -0.939693 -0.34202 0
vn -0.937502 -0.341223 0.0682424
vn -0.913545 -0.406737 0
vn -0.911416 -0.405788 0.0682424
vn -0.882948 -0.469472 0
vn -0.880889 -0.468377 0.0682424
vn -0.848048 -0.529919 0
vn -0.846071 -0.528684 0.0682424
vn -0.809017 -0.587785 0
vn -0.807131 -0.586415 0.0682424
vn -0.766044 -0.642788 0
vn -0.764259 -0.641289 0.0682424
vn -0.71934 -0.694658 0
vn -0.717663 -0.693039 0.0682424
vn -0.669131 -0.743145 0
vn -0.667571 -0.741412 0.0682424
vn -0.615661 -0.788011 0
vn -0.614226 -0.786174 0.0682424
vn -0.559193 -0.829038 0
vn -0.557889 -0.827105 0.0682424
vn -0.5 -0.866025 0
vn -0.498834 -0.864006 0.0682424
vn -0.438371 -0.898794 0
vn -0.437349 -0.896699 0.0682424
vn -0.374607 -0.927184 0
vn -0.373733 -0.925022 0.0682424
vn -0.309017 -0.951057 0
vn -0.308297 -0.948839 0.0682424
vn -0.241922 -0.970296 0
vn -0.241358 -0.968034 0.0682424
vn -0.173648 -0.984808 0
vn -0.173243 -0.982512 0.0682424
vn -0.104528 -0.994522 0
vn -0.104285 -0.992203 0.0682424
vn -0.0348995 -0.999391 0
vn -0.0348181 -0.997061 0.0682424
vn 0.0348995 -0.999391 0
vn 0.0348181 -0.997061 0.0682424
vn 0.104528 -0.994522 0
vn 0.104285 -0.992203 0.0682424
vn 0.173648 -0.984808 0
vn 0.173243 -0.982512 0.0682424
vn 0.241922 -0.970296 0
vn 0.241358 -0.968034 0.0682424
vn 0.309017 -0.951057 0
vn 0.308297 -0.948839 0.0682424
vn 0.374607 -0.927184 0
vn 0.373733 -0.925022 0.0682424
vn 0.438371 -0.898794 0
vn 0.437349 -0.896699 0.0682424
vn 0.5 -0.866025 0
vn 0.498834 -0.864006 0.0682424
vn 0.559193 -0.829038 0
vn 0.557889 -0.827105 0.0682424
vn 0.615661 -0.788011 0
vn 0.614226 -0.786174 0.0682424
vn 0.669131 -0.743145 0
vn 0.667571 -0.741412 0.0682424
vn 0.71934 -0.694658 0
vn 0.717663 -0.693039 0.0682424
vn 0.766044 -0.642788 0
vn 0.764259 -0.641289 0.0682424
vn 0.809017 -0.587785 0
vn 0.807131 -0.586415 0.0682424
vn 0.848048 -0.529919 0
vn 0.846071 -0.528684 0.0682424
vn 0.882948 -0.469472 0
vn 0.880889 -0.468377 0.0682424
vn 0.913545 -0.406737 0
vn 0.911416 -0.405788 0.0682424
vn 0.939693 -0.34202 0
vn 0.937502 -0.341223 0.0682424
vn 0.961262 -0.275637 0
vn 0.959021 -0.274995 0.0682424
vn 0.978148 -0.207912 0
vn 0.975867 -0.207427 0.0682424
vn 0.990268 -0.139173 0
vn 0.98796 -0.138849 0.0682424
vn 0.997564 -0.0697565 0
vn 0.995238 -0.0695939 0.0682424
vn 0.990686 0 0.136167
vn 0.988273 0.0691068 0.136167
vn 0.981045 0.137877 0.136167
vn 0.969037 0.205975 0.136167
vn 0.952308 0.27307 0.136167
vn 0.93094 0.338835 0.136167
vn 0.905037 0.402948 0.136167
vn 0.874724 0.465099 0.136167
vn 0.840149 0.524984 0.136167
vn 0.801482 0.582311 0.136167
vn 0.758909 0.636801 0.136167
vn 0.71264 0.688188 0.136167
vn 0.662898 0.736223 0.136167
vn 0.609927 0.780671 0.136167
vn 0.553985 0.821316 0.136167
vn 0.495343 0.857959 0.136167
vn 0.434288 0.890423 0.136167
vn 0.371117 0.918548 0.136167
vn 0.306139 0.942198 0.136167
vn 0.239669 0.961258 0.136167
vn 0.172031 0.975635 0.136167
vn 0.103555 0.985259 0.136167
vn 0.0345744 0.990082 0.136167
vn -0.0345744 0.990082 0.136167
vn -0.103555 0.985259 0.136167
vn -0.172031 0.975635 0.136167
vn -0.239669 0.961258 0.136167
vn -0.306139 0.942198 0.136167
vn -0.371117 0.918548 0.136167
vn -0.434288 0.890423 0.136167
vn -0.495343 0.857959 0.136167
vn -0.553985 0.821316 0.136167
vn -0.609927 0.780671 0.136167
vn -0.662898 0.736223 0.136167
vn -0.71264 0.688188 0.136167
vn -0.758909 0.636801 0.136167
vn -0.801482 0.582311 0.136167
vn -0.840149 0.524984 0.136167
vn -0.874724 0.465099 0.136167
vn -0.905037 0.402948 0.136167
vn -0.93094 0.338835 0.136167
vn -0.952308 0.27307 0.136167
vn -0.969037 0.205975 0.136167
vn -0.981045 0.137877 0.136167
vn -0.988273 0.0691068 0.136167
vn -0.990686 -2.19976e-16 0.136167
vn -0.988273 -0.0691068 0.136167
vn -0.981045 -0.137877 0.136167
vn -0.969037 -0.205975 0.136167
vn -0.952308 -0.27307 0.136167
vn -0.93094 -0.338835 0.136167
vn -0.905037 -0.402948 0.136167
vn -0.874724 -0.465099 0.136167
vn -0.840149 -0.524984 0.136167
vn -0.801482 -0.582311 0.136167
vn -0.758909 -0.636801 0.136167
vn -0.71264 -0.688188 0.136167
vn -0.662898 -0.736223 0.136167
vn -0.609927 -0.780671 0.136167
vn -0.553985 -0.821316 0.136167
vn -0.495343 -0.857959 0.136167
vn -0.434288 -0.890423 0.136167
vn -0.371117 -0.918548 0.136167
vn -0.306139 -0.942198 0.136167
vn -0.239669 -0.961258 0.136167
vn -0.172031 -0.975635 0.136167
vn -0.103555 -0.985259 0.136167
vn -0.0345744 -0.990082 0.136167
vn 0.0345744 -0.990082 0.136167
vn 0.103555 -0.985259 0.136167
vn 0.172031 -0.975635 0.136167
vn 0.239669 -0.961258 0.136167
vn 0.306139 -0.942198 0.136167
vn 0.371117 -0.918548 0.136167
vn 0.434288 -0.890423 0.136167
vn 0.495343 -0.857959 0.136167
vn 0.553985 -0.821316 0.136167
vn 0.609927 -0.780671 0.136167
vn 0.662898 -0.736223 0.136167
vn 0.71264 -0.688188 0.136167
vn 0.758909 -0.636801 0.136167
vn 0.801482 -0.582311 0.136167
vn 0.840149 -0.524984 0.136167
vn 0.874724 -0.465099 0.136167
vn 0.905037 -0.402948 0.136167
vn 0.93094 -0.338835 0.136167
vn 0.952308 -0.27307 0.136167
vn 0.969037 -0.205975 0.136167
vn 0.981045 -0.137877 0.136167
vn 0.988273 -0.0691068 0.136167
vn 0.979084 0 0.203456
vn 0.976699 0.0682975 0.203456
vn 0.969556 0.136262 0.203456
vn 0.957689 0.203563 0.203456
vn 0.941156 0.269872 0.203456
vn 0.920038 0.334866 0.203456
vn 0.894438 0.398229 0.203456
vn 0.86448 0.459652 0.203456
vn 0.83031 0.518836 0.203456
vn 0.792096 0.575491 0.203456
vn 0.750022 0.629343 0.203456
vn 0.704294 0.680129 0.203456
vn 0.655135 0.727601 0.203456
vn 0.602784 0.771529 0.203456
vn 0.547497 0.811697 0.203456
vn 0.489542 0.847912 0.203456
vn 0.429202 0.879995 0.203456
vn 0.366771 0.907791 0.203456
vn 0.302554 0.931164 0.203456
vn 0.236862 0.950001 0.203456
vn 0.170016 0.96421 0.203456
vn 0.102342 0.973721 0.203456
vn 0.0341695 0.978488 0.203456
vn -0.0341695 0.978488 0.203456
vn -0.102342 0.973721 0.203456
vn -0.170016 0.96421 0.203456
vn -0.236862 0.950001 0.203456
vn -0.302554 0.931164 0.203456
vn -0.366771 0.907791 0.203456
vn -0.429202 0.879995 0.203456
vn -0.489542 0.847912 0.203456
vn -0.547497 0.811697 0.203456
vn -0.602784 0.771529 0.203456
vn -0.655135 0.727601 0.203456
vn -0.704294 0.680129 0.203456
vn -0.750022 0.629343 0.203456
vn -0.792096 0.575491 0.203456
vn -0.83031 0.518836 0.203456
vn -0.86448 0.459652 0.203456
vn -0.894438 0.398229 0.203456
vn -0.920038 0.334866 0.203456
vn -0.941156 0.269872 0.203456
vn -0.957689 0.203563 0.203456
vn -0.969556 0.136262 0.203456
vn -0.976699 0.0682975 0.203456
vn -0.979084 -2.174e-16 0.203456
vn -0.976699 -0.0682975 0.203456
vn -0.969556 -0.136262 0.203456
vn -0.957689 -0.203563 0.203456
vn -0.941156 -0.269872 0.203456
vn -0.920038 -0.334866 0.203456
vn -0.894438 -0.398229 0.203456
vn -0.86448 -0.459652 0.203456
vn -0.83031 -0.518836 0.203456
vn -0.792096 -0.575491 0.203456
vn -0.750022 -0.629343 0.203456
vn -0.704294 -0.680129 0.203456
vn -0.655135 -0.727601 0.203456
vn -0.602784 -0.771529 0.203456
vn -0.547497 -0.811697 0.203456
vn -0.489542 -0.847912 0.203456
vn -0.429202 -0.879995 0.203456
vn -0.366771 -0.907791 0.203456
vn -0.302554 -0.931164 0.203456
vn -0.236862 -0.950001 0.203456
vn -0.170016 -0.96421 0.203456
vn -0.102342 -0.973721 0.203456
vn -0.0341695 -0.978488 0.203456
vn 0.0341695 -0.978488 0.203456
vn 0.102342 -0.973721 0.203456
vn 0.170016 -0.96421 0.203456
vn 0.236862 -0.950001 0.203456
vn 0.302554 -0.931164 0.203456
vn 0.366771 -0.907791 0.203456
vn 0.429202 -0.879995 0.203456
vn 0.489542 -0.847912 0.203456
vn 0.547497 -0.811697 0.203456
vn 0.602784 -0.771529 0.203456
vn 0.655135 -0.727601 0.203456
vn 0.704294 -0.680129 0.203456
vn 0.750022 -0.629343 0.203456
vn 0.792096 -0.575491 0.203456
vn 0.83031 -0.518836 0.203456
vn 0.86448 -0.459652 0.203456
vn 0.894438 -0.398229 0.203456
vn 0.920038 -0.334866 0.203456
vn 0.941156 -0.269872 0.203456
vn 0.957689 -0.203563 0.203456
vn 0.969556 -0.136262 0.203456
vn 0.976699 -0.0682975 0.203456
vn 0.962917 0 0.269797
vn 0.960572 0.0671697 0.269797
vn 0.953546 0.134012 0.269797
vn 0.941875 0.200202 0.269797
vn 0.925616 0.265416 0.269797
vn 0.904846 0.329337 0.269797
vn 0.879669 0.391654 0.269797
vn 0.850206 0.452062 0.269797
vn 0.8166 0.510268 0.269797
vn 0.779016 0.565989 0.269797
vn 0.737637 0.618951 0.269797
vn 0.692665 0.668899 0.269797
vn 0.644317 0.715587 0.269797
vn 0.592831 0.758789 0.269797
vn 0.538457 0.798295 0.269797
vn 0.481459 0.833911 0.269797
vn 0.422115 0.865464 0.269797
vn 0.360715 0.892801 0.269797
vn 0.297558 0.915789 0.269797
vn 0.232951 0.934315 0.269797
vn 0.167209 0.948288 0.269797
vn 0.100652 0.957642 0.269797
vn 0.0336053 0.962331 0.269797
vn -0.0336053 0.962331 0.269797
vn -0.100652 0.957642 0.269797
vn -0.167209 0.948288 0.269797
vn -0.232951 0.934315 0.269797
vn -0.297558 0.915789 0.269797
vn -0.360715 0.892801 0.269797
vn -0.422115 0.865464 0.269797
vn -0.481459 0.833911 0.269797
vn -0.538457 0.798295 0.269797
vn -0.592831 0.758789 0.269797
vn -0.644317 0.715587 0.269797
vn -0.692665 0.668899 0.269797
vn -0.737637 0.618951 0.269797
vn -0.779016 0.565989 0.269797
vn -0.8166 0.510268 0.269797
vn -0.850206 0.452062 0.269797
vn -0.879669 0.391654 0.269797
vn -0.904846 0.329337 0.269797
vn -0.925616 0.265416 0.269797
vn -0.941875 0.200202 0.269797
vn -0.953546 0.134012 0.269797
vn -0.960572 0.0671697 0.269797
vn -0.962917 -2.13811e-16 0.269797
vn -0.960572 -0.0671697 0.269797
vn -0.953546 -0.134012 0.269797
vn -0.941875 -0.200202 0.269797
vn -0.925616 -0.265416 0.269797
vn -0.904846 -0.329337 0.269797
vn -0.879669 -0.391654 0.269797
vn -0.850206 -0.452062 0.269797
vn -0.8166 -0.510268 0.269797
vn -0.779016 -0.565989 0.269797
vn -0.737637 -0.618951 0.269797
vn -0.692665 -0.668899 0.269797
vn -0.644317 -0.715587 0.269797
vn -0.592831 -0.758789 0.269797
vn -0.538457 -0.798295 0.269797
vn -0.481459 -0.833911 0.269797
vn -0.422115 -0.865464 0.269797
vn -0.360715 -0.892801 0.269797
vn -0.297558 -0.915789 0.269797
vn -0.232951 -0.934315 0.269797
vn -0.167209 -0.948288 0.269797
vn -0.100652 -0.957642 0.269797
vn -0.0336053 -0.962331 0.269797
vn 0.0336053 -0.962331 0.269797
vn 0.100652 -0.957642 0.269797
vn 0.167209 -0.948288 0.269797
vn 0.232951 -0.934315 0.269797
vn 0.297558 -0.915789 0.269797
vn 0.360715 -0.892801 0.269797
vn 0.422115 -0.865464 0.269797
vn 0.481459 -0.833911 0.269797
vn 0.538457 -0.798295 0.269797
vn 0.592831 -0.758789 0.269797
vn 0.644317 -0.715587 0.269797
vn 0.692665 -0.668899 0.269797
vn 0.737637 -0.618951 0.269797
vn 0.779016 -0.565989 0.269797
vn 0.8166 -0.510268 0.269797
vn 0.850206 -0.452062 0.269797
vn 0.879669 -0.391654 0.269797
vn 0.904846 -0.329337 0.269797
vn 0.925616 -0.265416 0.269797
vn 0.941875 -0.200202 0.269797
vn 0.953546 -0.134012 0.269797
vn 0.960572 -0.0671697 0.269797
vn 0.942261 0 0.33488
vn 0.939966 0.0657288 0.33488
vn 0.933091 0.131137 0.33488
vn 0.92167 0.195907 0.33488
vn 0.905759 0.259722 0.33488
vn 0.885436 0.322272 0.33488
vn 0.860798 0.383252 0.33488
vn 0.831967 0.442365 0.33488
vn 0.799083 0.499322 0.33488
vn 0.762305 0.553847 0.33488
vn 0.721814 0.605674 0.33488
vn 0.677806 0.654549 0.33488
vn 0.630496 0.700236 0.33488
vn 0.580114 0.742512 0.33488
vn 0.526906 0.78117 0.33488
vn 0.47113 0.816022 0.33488
vn 0.41306 0.846899 0.33488
vn 0.352977 0.873649 0.33488
vn 0.291175 0.896143 0.33488
vn 0.227954 0.914272 0.33488
vn 0.163622 0.927946 0.33488
vn 0.0984931 0.937099 0.33488
vn 0.0328844 0.941687 0.33488
vn -0.0328844 0.941687 0.33488
vn -0.0984931 0.937099 0.33488
vn -0.163622 0.927946 0.33488
vn -0.227954 0.914272 0.33488
vn -0.291175 0.896143 0.33488
vn -0.352977 0.873649 0.33488
vn -0.41306 0.846899 0.33488
vn -0.47113 0.816022 0.33488
vn -0.526906 0.78117 0.33488
vn -0.580114 0.742512 0.33488
vn -0.630496 0.700236 0.33488
vn -0.677806 0.654549 0.33488
vn -0.721814 0.605674 0.33488
vn -0.762305 0.553847 0.33488
vn -0.799083 0.499322 0.33488
vn -0.831967 0.442365 0.33488
vn -0.860798 0.383252 0.33488
vn -0.885436 0.322272 0.33488
vn -0.905759 0.259722 0.33488
vn -0.92167 0.195907 0.33488
vn -0.933091 0.131137 0.33488
vn -0.939966 0.0657288 0.33488
vn -0.942261 -2.09224e-16 0.33488
vn -0.939966 -0.0657288 0.33488
vn -0.933091 -0.131137 0.33488
vn -0.92167 -0.195907 0.33488
vn -0.905759 -0.259722 0.33488
vn -0.885436 -0.322272 0.33488
vn -0.860798 -0.383252 0.33488
vn -0.831967 -0.442365 0.33488
vn -0.799083 -0.499322 0.33488
vn -0.762305 -0.553847 0.33488
vn -0.721814 -0.605674 0.33488
vn -0.677806 -0.654549 0.33488
vn -0.630496 -0.700236 0.33488
vn -0.580114 -0.742512 0.33488
vn -0.526906 -0.78117 0.33488
vn -0.47113 -0.816022 0.33488
vn -0.41306 -0.846899 0.33488
vn -0.352977 -0.873649 0.33488
vn -0.291175 -0.896143 0.33488
vn -0.227954 -0.914272 0.33488
vn -0.163622 -0.927946 0.33488
vn -0.0984931 -0.937099 0.33488
vn -0.0328844 -0.941687 0.33488
vn 0.0328844 -0.941687 0.33488
vn 0.0984931 -0.937099 0.33488
vn 0.163622 -0.927946 0.33488
vn 0.227954 -0.914272 0.33488
vn 0.291175 -0.896143 0.33488
vn 0.352977 -0.873649 0.33488
vn 0.41306 -0.846899 0.33488
vn 0.47113 -0.816022 0.33488
vn 0.526906 -0.78117 0.33488
vn 0.580114 -0.742512 0.33488
vn 0.630496 -0.700236 0.33488
vn 0.677806 -0.654549 0.33488
vn 0.721814 -0.605674 0.33488
vn 0.762305 -0.553847 0.33488
vn 0.799083 -0.499322 0.33488
vn 0.831967 -0.442365 0.33488
vn 0.860798 -0.383252 0.33488
vn 0.885436 -0.322272 0.33488
vn 0.905759 -0.259722 0.33488
vn 0.92167 -0.195907 0.33488
vn 0.933091 -0.131137 0.33488
vn 0.939966 -0.0657288 0.33488
vn 0.917211 0 0.398401
vn 0.914977 0.0639814 0.398401
vn 0.908285 0.127651 0.398401
vn 0.897168 0.190699 0.398401
vn 0.88168 0.252818 0.398401
vn 0.861897 0.313705 0.398401
vn 0.837914 0.373063 0.398401
vn 0.80985 0.430605 0.398401
vn 0.777839 0.486048 0.398401
vn 0.74204 0.539123 0.398401
vn 0.702625 0.589572 0.398401
vn 0.659787 0.637149 0.398401
vn 0.613734 0.681621 0.398401
vn 0.564692 0.722772 0.398401
vn 0.512898 0.760403 0.398401
vn 0.458606 0.794328 0.398401
vn 0.402079 0.824384 0.398401
vn 0.343593 0.850424 0.398401
vn 0.283434 0.87232 0.398401
vn 0.221893 0.889966 0.398401
vn 0.159272 0.903277 0.398401
vn 0.0958747 0.912187 0.398401
vn 0.0320102 0.916653 0.398401
vn -0.0320102 0.916653 0.398401
vn -0.0958747 0.912187 0.398401
vn -0.159272 0.903277 0.398401
vn -0.221893 0.889966 0.398401
vn -0.283434 0.87232 0.398401
vn -0.343593 0.850424 0.398401
vn -0.402079 0.824384 0.398401
vn -0.458606 0.794328 0.398401
vn -0.512898 0.760403 0.398401
vn -0.564692 0.722772 0.398401
vn -0.613734 0.681621 0.398401
vn -0.659787 0.637149 0.398401
vn -0.702625 0.589572 0.398401
vn -0.74204 0.539123 0.398401
vn -0.777839 0.486048 0.398401
vn -0.80985 0.430605 0.398401
vn -0.837914 0.373063 0.398401
vn -0.861897 0.313705 0.398401
vn -0.88168 0.252818 0.398401
vn -0.897168 0.190699 0.398401
vn -0.908285 0.127651 0.398401
vn -0.914977 0.0639814 0.398401
vn -0.917211 -2.03662e-16 0.398401
vn -0.914977 -0.0639814 0.398401
vn -0.908285 -0.127651 0.398401
vn -0.897168 -0.190699 0.398401
vn -0.88168 -0.252818 0.398401
vn -0.861897 -0.313705 0.398401
vn -0.837914 -0.373063 0.398401
vn -0.80985 -0.430605 0.398401
vn -0.777839 -0.486048 0.398401
vn -0.74204 -0.539123 0.398401
vn -0.702625 -0.589572 0.398401
vn -0.659787 -0.637149 0.398401
vn -0.613734 -0.681621 0.398401
vn -0.564692 -0.722772 0.398401
vn -0.512898 -0.760403 0.398401
vn -0.458606 -0.794328 0.398401
vn -0.402079 -0.824384 0.398401
vn -0.343593 -0.850424 0.398401
vn -0.283434 -0.87232 0.398401
vn -0.221893 -0.889966 0.398401
vn -0.159272 -0.903277 0.398401
vn -0.0958747 -0.912187 0.398401
vn -0.0320102 -0.916653 0.398401
vn 0.0320102 -0.916653 0.398401
vn 0.0958747 -0.912187 0.398401
vn 0.159272 -0.903277 0.398401
vn 0.221893 -0.889966 0.398401
vn 0.283434 -0.87232 0.398401
vn 0.343593 -0.850424 0.398401
vn 0.402079 -0.824384 0.398401
vn 0.458606 -0.794328 0.398401
vn 0.512898 -0.760403 0.398401
vn 0.564692 -0.722772 0.398401
vn 0.613734 -0.681621 0.398401
vn 0.659787 -0.637149 0.398401
vn 0.702625 -0.589572 0.398401
vn 0.74204 -0.539123 0.398401
vn 0.777839 -0.486048 0.398401
vn 0.80985 -0.430605 0.398401
vn 0.837914 -0.373063 0.398401
vn 0.861897 -0.313705 0.398401
vn 0.88168 -0.252818 0.398401
vn 0.897168 -0.190699 0.398401
vn 0.908285 -0.127651 0.398401
vn 0.914977 -0.0639814 0.398401
vn 0.887885 0 0.460065
vn 0.885722 0.0619357 0.460065
vn 0.879244 0.12357 0.460065
vn 0.868483 0.184602 0.460065
vn 0.85349 0.244734 0.460065
vn 0.834339 0.303675 0.460065
vn 0.811124 0.361135 0.460065
vn 0.783956 0.416837 0.460065
vn 0.752969 0.470507 0.460065
vn 0.718314 0.521886 0.460065
vn 0.68016 0.570722 0.460065
vn 0.638691 0.616777 0.460065
vn 0.594111 0.659827 0.460065
vn 0.546637 0.699663 0.460065
vn 0.496499 0.73609 0.460065
vn 0.443943 0.768931 0.460065
vn 0.389223 0.798026 0.460065
vn 0.332608 0.823233 0.460065
vn 0.274372 0.844429 0.460065
vn 0.214799 0.861511 0.460065
vn 0.15418 0.874396 0.460065
vn 0.0928093 0.883021 0.460065
vn 0.0309867 0.887344 0.460065
vn -0.0309867 0.887344 0.460065
vn -0.0928093 0.883021 0.460065
vn -0.15418 0.874396 0.460065
vn -0.214799 0.861511 0.460065
vn -0.274372 0.844429 0.460065
vn -0.332608 0.823233 0.460065
vn -0.389223 0.798026 0.460065
vn -0.443943 0.768931 0.460065
vn -0.496499 0.73609 0.460065
vn -0.546637 0.699663 0.460065
vn -0.594111 0.659827 0.460065
vn -0.638691 0.616777 0.460065
vn -0.68016 0.570722 0.460065
vn -0.718314 0.521886 0.460065
vn -0.752969 0.470507 0.460065
vn -0.783956 0.416837 0.460065
vn -0.811124 0.361135 0.460065
vn -0.834339 0.303675 0.460065
vn -0.85349 0.244734 0.460065
vn -0.868483 0.184602 0.460065
vn -0.879244 0.12357 0.460065
vn -0.885722 0.0619357 0.460065
vn -0.887885 -1.9715e-16 0.460065
vn -0.885722 -0.0619357 0.460065
vn -0.879244 -0.12357 0.460065
vn -0.868483 -0.184602 0.460065
vn -0.85349 -0.244734 0.460065
vn -0.834339 -0.303675 0.460065
vn -0.811124 -0.361135 0.460065
vn -0.783956 -0.416837 0.460065
vn -0.752969 -0.470507 0.460065
vn -0.718314 -0.521886 0.460065
vn -0.68016 -0.570722 0.460065
vn -0.638691 -0.616777 0.460065
vn -0.594111 -0.659827 0.460065
vn -0.546637 -0.699663 0.460065
vn -0.496499 -0.73609 0.460065
vn -0.443943 -0.768931 0.460065
vn -0.389223 -0.798026 0.460065
vn -0.332608 -0.823233 0.460065
vn -0.274372 -0.844429 0.460065
vn -0.214799 -0.861511 0.460065
vn -0.15418 -0.874396 0.460065
vn -0.0928093 -0.883021 0.460065
vn -0.0309867 -0.887344 0.460065
vn 0.0309867 -0.887344 0.460065
vn 0.0928093 -0.883021 0.460065
vn 0.15418 -0.874396 0.460065
vn 0.214799 -0.861511 0.460065
vn 0.274372 -0.844429 0.460065
vn 0.332608 -0.823233 0.460065
vn 0.389223 -0.798026 0.460065
vn 0.443943 -0.768931 0.460065
vn 0.496499 -0.73609 0.460065
vn 0.546637 -0.699663 0.460065
vn 0.594111 -0.659827 0.460065
vn 0.638691 -0.616777 0.460065
vn 0.68016 -0.570722 0.460065
vn 0.718314 -0.521886 0.460065
vn 0.752969 -0.470507 0.460065
vn 0.783956 -0.416837 0.460065
vn 0.811124 -0.361135 0.460065
vn 0.834339 -0.303675 0.460065
vn 0.85349 -0.244734 0.460065
vn 0.868483 -0.184602 0.460065
vn 0.879244 -0.12357 0.460065
vn 0.885722 -0.0619357 0.460065
vn 0.854419 0 0.519584
vn 0.852338 0.0596013 0.519584
vn 0.846104 0.118912 0.519584
vn 0.835748 0.177644 0.519584
vn 0.821321 0.23551 0.519584
vn 0.802892 0.292229 0.519584
vn 0.780551 0.347524 0.519584
vn 0.754408 0.401126 0.519584
vn 0.724589 0.452773 0.519584
vn 0.69124 0.502215 0.519584
vn 0.654523 0.54921 0.519584
vn 0.614618 0.59353 0.519584
vn 0.571718 0.634957 0.519584
vn 0.526033 0.673292 0.519584
vn 0.477785 0.708346 0.519584
vn 0.42721 0.739949 0.519584
vn 0.374553 0.767947 0.519584
vn 0.320071 0.792204 0.519584
vn 0.26403 0.812601 0.519584
vn 0.206703 0.829039 0.519584
vn 0.148368 0.841439 0.519584
vn 0.0893111 0.849739 0.519584
vn 0.0298188 0.853899 0.519584
vn -0.0298188 0.853899 0.519584
vn -0.0893111 0.849739 0.519584
vn -0.148368 0.841439 0.519584
vn -0.206703 0.829039 0.519584
vn -0.26403 0.812601 0.519584
vn -0.320071 0.792204 0.519584
vn -0.374553 0.767947 0.519584
vn -0.42721 0.739949 0.519584
vn -0.477785 0.708346 0.519584
vn -0.526033 0.673292 0.519584
vn -0.571718 0.634957 0.519584
vn -0.614618 0.59353 0.519584
vn -0.654523 0.54921 0.519584
vn -0.69124 0.502215 0.519584
vn -0.724589 0.452773 0.519584
vn -0.754408 0.401126 0.519584
vn -0.780551 0.347524 0.519584
vn -0.802892 0.292229 0.519584
vn -0.821321 0.23551 0.519584
vn -0.835748 0.177644 0.519584
vn -0.846104 0.118912 0.519584
vn -0.852338 0.0596013 0.519584
vn -0.854419 -1.89719e-16 0.519584
vn -0.852338 -0.0596013 0.519584
vn -0.846104 -0.118912 0.519584
vn -0.835748 -0.177644 0.519584
vn -0.821321 -0.23551 0.519584
vn -0.802892 -0.292229 0.519584
vn -0.780551 -0.347524 0.519584
vn -0.754408 -0.401126 0.519584
vn -0.724589 -0.452773 0.519584
vn -0.69124 -0.502215 0.519584
vn -0.654523 -0.54921 0.519584
vn -0.614618 -0.59353 0.519584
vn -0.571718 -0.634957 0.519584
vn -0.526033 -0.673292 0.519584
vn -0.477785 -0.708346 0.519584
vn -0.42721 -0.739949 0.519584
vn -0.374553 -0.767947 0.519584
vn -0.320071 -0.792204 0.519584
vn -0.26403 -0.812601 0.519584
vn -0.206703 -0.829039 0.519584
vn -0.148368 -0.841439 0.519584
vn -0.0893111 -0.849739 0.519584
vn -0.0298188 -0.853899 0.519584
vn 0.0298188 -0.853899 0.519584
vn 0.0893111 -0.849739 0.519584
vn 0.148368 -0.841439 0.519584
vn 0.206703 -0.829039 0.519584
vn 0.26403 -0.812601 0.519584
vn 0.320071 -0.792204 0.519584
vn 0.374553 -0.767947 0.519584
vn 0.42721 -0.739949 0.519584
vn 0.477785 -0.708346 0.519584
vn 0.526033 -0.673292 0.519584
vn 0.571718 -0.634957 0.519584
vn 0.614618 -0.59353 0.519584
vn 0.654523 -0.54921 0.519584
vn 0.69124 -0.502215 0.519584
vn 0.724589 -0.452773 0.519584
vn 0.754408 -0.401126 0.519584
vn 0.780551 -0.347524 0.519584
vn 0.802892 -0.292229 0.519584
vn 0.821321 -0.23551 0.519584
vn 0.835748 -0.177644 0.519584
vn 0.846104 -0.118912 0.519584
vn 0.852338 -0.0596013 0.519584
vn 0.81697 0 0.57668
vn 0.81498 0.0569889 0.57668
vn 0.809019 0.1137 0.57668
vn 0.799117 0.169858 0.57668
vn 0.785322 0.225187 0.57668
vn 0.767701 0.27942 0.57668
vn 0.746339 0.332292 0.57668
vn 0.721342 0.383544 0.57668
vn 0.69283 0.432928 0.57668
vn 0.660943 0.480203 0.57668
vn 0.625835 0.525138 0.57668
vn 0.587679 0.567515 0.57668
vn 0.54666 0.607127 0.57668
vn 0.502977 0.643781 0.57668
vn 0.456844 0.677299 0.57668
vn 0.408485 0.707517 0.57668
vn 0.358136 0.734288 0.57668
vn 0.306042 0.757481 0.57668
vn 0.252458 0.776985 0.57668
vn 0.197643 0.792702 0.57668
vn 0.141865 0.804558 0.57668
vn 0.0853966 0.812494 0.57668
vn 0.0285118 0.816472 0.57668
vn -0.0285118 0.816472 0.57668
vn -0.0853966 0.812494 0.57668
vn -0.141865 0.804558 0.57668
vn -0.197643 0.792702 0.57668
vn -0.252458 0.776985 0.57668
vn -0.306042 0.757481 0.57668
vn -0.358136 0.734288 0.57668
vn -0.408485 0.707517 0.57668
vn -0.456844 0.677299 0.57668
vn -0.502977 0.643781 0.57668
vn -0.54666 0.607127 0.57668
vn -0.587679 0.567515 0.57668
vn -0.625835 0.525138 0.57668
vn -0.660943 0.480203 0.57668
vn -0.69283 0.432928 0.57668
vn -0.721342 0.383544 0.57668
vn -0.746339 0.332292 0.57668
vn -0.767701 0.27942 0.57668
vn -0.785322 0.225187 0.57668
vn -0.799117 0.169858 0.57668
vn -0.809019 0.1137 0.57668
vn -0.81498 0.0569889 0.57668
vn -0.81697 -1.81404e-16 0.57668
vn -0.81498 -0.0569889 0.57668
vn -0.809019 -0.1137 0.57668
vn -0.799117 -0.169858 0.57668
vn -0.785322 -0.225187 0.57668
vn -0.767701 -0.27942 0.57668
vn -0.746339 -0.332292 0.57668
vn -0.721342 -0.383544 0.57668
vn -0.69283 -0.432928 0.57668
vn -0.660943 -0.480203 0.57668
vn -0.625835 -0.525138 0.57668
vn -0.587679 -0.567515 0.57668
vn -0.54666 -0.607127 0.57668
vn -0.502977 -0.643781 0.57668
vn -0.456844 -0.677299 0.57668
vn -0.408485 -0.707517 0.57668
vn -0.358136 -0.734288 0.57668
vn -0.306042 -0.757481 0.57668
vn -0.252458 -0.776985 0.57668
vn -0.197643 -0.792702 0.57668
vn -0.141865 -0.804558 0.57668
vn -0.0853966 -0.812494 0.57668
vn -0.0285118 -0.816472 0.57668
vn 0.0285118 -0.816472 0.57668
vn 0.0853966 -0.812494 0.57668
vn 0.141865 -0.804558 0.57668
vn 0.197643 -0.792702 0.57668
vn 0.252458 -0.776985 0.57668
vn 0.306042 -0.757481 0.57668
vn 0.358136 -0.734288 0.57668
vn 0.408485 -0.707517 0.57668
vn 0.456844 -0.677299 0.57668
vn 0.502977 -0.643781 0.57668
vn 0.54666 -0.607127 0.57668
vn 0.587679 -0.567515 0.57668
vn 0.625835 -0.525138 0.57668
vn 0.660943 -0.480203 0.57668
vn 0.69283 -0.432928 0.57668
vn 0.721342 -0.383544 0.57668
vn 0.746339 -0.332292 0.57668
vn 0.767701 -0.27942 0.57668
vn 0.785322 -0.225187 0.57668
vn 0.799117 -0.169858 0.57668
vn 0.809019 -0.1137 0.57668
vn 0.81498 -0.0569889 0.57668
vn 0.775711 0 0.631088
vn 0.773822 0.0541109 0.631088
vn 0.768162 0.107958 0.631088
vn 0.75876 0.161279 0.631088
vn 0.745662 0.213815 0.631088
vn 0.72893 0.265309 0.631088
vn 0.708648 0.31551 0.631088
vn 0.684912 0.364174 0.631088
vn 0.65784 0.411064 0.631088
vn 0.627564 0.455952 0.631088
vn 0.594229 0.498618 0.631088
vn 0.558 0.538854 0.631088
vn 0.519052 0.576466 0.631088
vn 0.477576 0.611269 0.631088
vn 0.433772 0.643094 0.631088
vn 0.387856 0.671786 0.631088
vn 0.340049 0.697205 0.631088
vn 0.290587 0.719227 0.631088
vn 0.239708 0.737745 0.631088
vn 0.187662 0.752669 0.631088
vn 0.134701 0.763926 0.631088
vn 0.0810839 0.771462 0.631088
vn 0.0270719 0.775239 0.631088
vn -0.0270719 0.775239 0.631088
vn -0.0810839 0.771462 0.631088
vn -0.134701 0.763926 0.631088
vn -0.187662 0.752669 0.631088
vn -0.239708 0.737745 0.631088
vn -0.290587 0.719227 0.631088
vn -0.340049 0.697205 0.631088
vn -0.387856 0.671786 0.631088
vn -0.433772 0.643094 0.631088
vn -0.477576 0.611269 0.631088
vn -0.519052 0.576466 0.631088
vn -0.558 0.538854 0.631088
vn -0.594229 0.498618 0.631088
vn -0.627564 0.455952 0.631088
vn -0.65784 0.411064 0.631088
vn -0.684912 0.364174 0.631088
vn -0.708648 0.31551 0.631088
vn -0.72893 0.265309 0.631088
vn -0.745662 0.213815 0.631088
vn -0.75876 0.161279 0.631088
vn -0.768162 0.107958 0.631088
vn -0.773822 0.0541109 0.631088
vn -0.775711 -1.72243e-16 0.631088
vn -0.773822 -0.0541109 0.631088
vn -0.768162 -0.107958 0.631088
vn -0.75876 -0.161279 0.631088
vn -0.745662 -0.213815 0.631088
vn -0.72893 -0.265309 0.631088
vn -0.708648 -0.31551 0.631088
vn -0.684912 -0.364174 0.631088
vn -0.65784 -0.411064 0.631088
vn -0.627564 -0.455952 0.631088
vn -0.594229 -0.498618 0.631088
vn -0.558 -0.538854 0.631088
vn -0.519052 -0.576466 0.631088
vn -0.477576 -0.611269 0.631088
vn -0.433772 -0.643094 0.631088
vn -0.387856 -0.671786 0.631088
vn -0.340049 -0.697205 0.631088
vn -0.290587 -0.719227 0.631088
vn -0.239708 -0.737745 0.631088
vn -0.187662 -0.752669 0.631088
vn -0.134701 -0.763926 0.631088
vn -0.0810839 -0.771462 0.631088
vn -0.0270719 -0.775239 0.631088
vn 0.0270719 -0.775239 0.631088
vn 0.0810839 -0.771462 0.631088
vn 0.134701 -0.763926 0.631088
vn 0.187662 -0.752669 0.631088
vn 0.239708 -0.737745 0.631088
vn 0.290587 -0.719227 0.631088
vn 0.340049 -0.697205 0.631088
vn 0.387856 -0.671786 0.631088
vn 0.433772 -0.643094 0.631088
vn 0.477576 -0.611269 0.631088
vn 0.519052 -0.576466 0.631088
vn 0.558 -0.538854 0.631088
vn 0.594229 -0.498618 0.631088
vn 0.627564 -0.455952 0.631088
vn 0.65784 -0.411064 0.631088
vn 0.684912 -0.364174 0.631088
vn 0.708648 -0.31551 0.631088
vn 0.72893 -0.265309 0.631088
vn 0.745662 -0.213815 0.631088
vn 0.75876 -0.161279 0.631088
vn 0.768162 -0.107958 0.631088
vn 0.773822 -0.0541109 0.631088
vn 0.730836 0 0.682553
vn 0.729056 0.0509805 0.682553
vn 0.723724 0.101713 0.682553
vn 0.714865 0.151949 0.682553
vn 0.702525 0.201446 0.682553
vn 0.686761 0.249961 0.682553
vn 0.667652 0.297258 0.682553
vn 0.64529 0.343107 0.682553
vn 0.619784 0.387284 0.682553
vn 0.591259 0.429575 0.682553
vn 0.559853 0.469772 0.682553
vn 0.525719 0.507681 0.682553
vn 0.489025 0.543117 0.682553
vn 0.449948 0.575907 0.682553
vn 0.408678 0.60589 0.682553
vn 0.365418 0.632923 0.682553
vn 0.320377 0.656871 0.682553
vn 0.273776 0.677619 0.682553
vn 0.225841 0.695066 0.682553
vn 0.176805 0.709127 0.682553
vn 0.126908 0.719733 0.682553
vn 0.0763932 0.726832 0.682553
vn 0.0255058 0.730391 0.682553
vn -0.0255058 0.730391 0.682553
vn -0.0763932 0.726832 0.682553
vn -0.126908 0.719733 0.682553
vn -0.176805 0.709127 0.682553
vn -0.225841 0.695066 0.682553
vn -0.273776 0.677619 0.682553
vn -0.320377 0.656871 0.682553
vn -0.365418 0.632923 0.682553
vn -0.408678 0.60589 0.682553
vn -0.449948 0.575907 0.682553
vn -0.489025 0.543117 0.682553
vn -0.525719 0.507681 0.682553
vn -0.559853 0.469772 0.682553
vn -0.591259 0.429575 0.682553
vn -0.619784 0.387284 0.682553
vn -0.64529 0.343107 0.682553
vn -0.667652 0.297258 0.682553
vn -0.686761 0.249961 0.682553
vn -0.702525 0.201446 0.682553
vn -0.714865 0.151949 0.682553
vn -0.723724 0.101713 0.682553
vn -0.729056 0.0509805 0.682553
vn -0.730836 -1.62278e-16 0.682553
vn -0.729056 -0.0509805 0.682553
vn -0.723724 -0.101713 0.682553
vn -0.714865 -0.151949 0.682553
vn -0.702525 -0.201446 0.682553
vn -0.686761 -0.249961 0.682553
vn -0.667652 -0.297258 0.682553
vn -0.64529 -0.343107 0.682553
vn -0.619784 -0.387284 0.682553
vn -0.591259 -0.429575 0.682553
vn -0.559853 -0.469772 0.682553
vn -0.525719 -0.507681 0.682553
vn -0.489025 -0.543117 0.682553
vn -0.449948 -0.575907 0.682553
vn -0.408678 -0.60589 0.682553
vn -0.365418 -0.632923 0.682553
vn -0.320377 -0.656871 0.682553
vn -0.273776 -0.677619 0.682553
vn -0.225841 -0.695066 0.682553
vn -0.176805 -0.709127 0.682553
vn -0.126908 -0.719733 0.682553
vn -0.0763932 -0.726832 0.682553
vn -0.0255058 -0.730391 0.682553
vn 0.0255058 -0.730391 0.682553
vn 0.0763932 -0.726832 0.682553
vn 0.126908 -0.719733 0.682553
vn 0.176805 -0.709127 0.682553
vn 0.225841 -0.695066 0.682553
vn 0.273776 -0.677619 0.682553
vn 0.320377 -0.656871 0.682553
vn 0.365418 -0.632923 0.682553
vn 0.408678 -0.60589 0.682553
vn 0.449948 -0.575907 0.682553
vn 0.489025 -0.543117 0.682553
vn 0.525719 -0.507681 0.682553
vn 0.559853 -0.469772 0.682553
vn 0.591259 -0.429575 0.682553
vn 0.619784 -0.387284 0.682553
vn 0.64529 -0.343107 0.682553
vn 0.667652 -0.297258 0.682553
vn 0.686761 -0.249961 0.682553
vn 0.702525 -0.201446 0.682553
vn 0.714865 -0.151949 0.682553
vn 0.723724 -0.101713 0.682553
vn 0.729056 -0.0509805 0.682553
vn 0.682553 0 0.730836
vn 0.68089 0.0476125 0.730836
vn 0.675911 0.094993 0.730836
vn 0.667638 0.141911 0.730836
vn 0.656112 0.188137 0.730836
vn 0.64139 0.233447 0.730836
vn 0.623543 0.277619 0.730836
vn 0.602659 0.320439 0.730836
vn 0.578838 0.361698 0.730836
vn 0.552197 0.401195 0.730836
vn 0.522866 0.438737 0.730836
vn 0.490988 0.474141 0.730836
vn 0.456717 0.507236 0.730836
vn 0.420222 0.537859 0.730836
vn 0.381679 0.565862 0.730836
vn 0.341277 0.591108 0.730836
vn 0.299212 0.613475 0.730836
vn 0.255689 0.632852 0.730836
vn 0.210921 0.649147 0.730836
vn 0.165125 0.662278 0.730836
vn 0.118524 0.672184 0.730836
vn 0.0713462 0.678814 0.730836
vn 0.0238208 0.682137 0.730836
vn -0.0238208 0.682137 0.730836
vn -0.0713462 0.678814 0.730836
vn -0.118524 0.672184 0.730836
vn -0.165125 0.662278 0.730836
vn -0.210921 0.649147 0.730836
vn -0.255689 0.632852 0.730836
vn -0.299212 0.613475 0.730836
vn -0.341277 0.591108 0.730836
vn -0.381679 0.565862 0.730836
vn -0.420222 0.537859 0.730836
vn -0.456717 0.507236 0.730836
vn -0.490988 0.474141 0.730836
vn -0.522866 0.438737 0.730836
vn -0.552197 0.401195 0.730836
vn -0.578838 0.361698 0.730836
vn -0.602659 0.320439 0.730836
vn -0.623543 0.277619 0.730836
vn -0.64139 0.233447 0.730836
vn -0.656112 0.188137 0.730836
vn -0.667638 0.141911 0.730836
vn -0.675911 0.094993 0.730836
vn -0.68089 0.0476125 0.730836
vn -0.682553 -1.51557e-16 0.730836
vn -0.68089 -0.0476125 0.730836
vn -0.675911 -0.094993 0.730836
vn -0.667638 -0.141911 0.730836
vn -0.656112 -0.188137 0.730836
vn -0.64139 -0.233447 0.730836
vn -0.623543 -0.277619 0.730836
vn -0.602659 -0.320439 0.730836
vn -0.578838 -0.361698 0.730836
vn -0.552197 -0.401195 0.730836
vn -0.522866 -0.438737 0.730836
vn -0.490988 -0.474141 0.730836
vn -0.456717 -0.507236 0.730836
vn -0.420222 -0.537859 0.730836
vn -0.381679 -0.565862 0.730836
vn -0.341277 -0.591108 0.730836
vn -0.299212 -0.613475 0.730836
vn -0.255689 -0.632852 0.730836
vn -0.210921 -0.649147 0.730836
vn -0.165125 -0.662278 0.730836
vn -0.118524 -0.672184 0.730836
vn -0.0713462 -0.678814 0.730836
vn -0.0238208 -0.682137 0.730836
vn 0.0238208 -0.682137 0.730836
vn 0.0713462 -0.678814 0.730836
vn 0.118524 -0.672184 0.730836
vn 0.165125 -0.662278 0.730836
vn 0.210921 -0.649147 0.730836
vn 0.255689 -0.632852 0.730836
vn 0.299212 -0.613475 0.730836
vn 0.341277 -0.591108 0.730836
vn 0.381679 -0.565862 0.730836
vn 0.420222 -0.537859 0.730836
vn 0.456717 -0.507236 0.730836
vn 0.490988 -0.474141 0.730836
vn 0.522866 -0.438737 0.730836
vn 0.552197 -0.401195 0.730836
vn 0.578838 -0.361698 0.730836
vn 0.602659 -0.320439 0.730836
vn 0.623543 -0.277619 0.730836
vn 0.64139 -0.233447 0.730836
vn 0.656112 -0.188137 0.730836
vn 0.667638 -0.141911 0.730836
vn 0.675911 -0.094993 0.730836
vn 0.68089 -0.0476125 0.730836
vn 0.631088 0 0.775711
vn 0.629551 0.0440225 0.775711
vn 0.624946 0.0878305 0.775711
vn 0.617297 0.131211 0.775711
vn 0.606641 0.173951 0.775711
vn 0.593029 0.215845 0.775711
vn 0.576528 0.256687 0.775711
vn 0.557218 0.296278 0.775711
vn 0.535193 0.334426 0.775711
vn 0.510561 0.370944 0.775711
vn 0.483441 0.405656 0.775711
vn 0.453967 0.438391 0.775711
vn 0.42228 0.46899 0.775711
vn 0.388537 0.497304 0.775711
vn 0.3529 0.523196 0.775711
vn 0.315544 0.546538 0.775711
vn 0.276651 0.567218 0.775711
vn 0.23641 0.585135 0.775711
vn 0.195017 0.6002 0.775711
vn 0.152674 0.612342 0.775711
vn 0.109587 0.6215 0.775711
vn 0.0659667 0.627631 0.775711
vn 0.0220247 0.630704 0.775711
vn -0.0220247 0.630704 0.775711
vn -0.0659667 0.627631 0.775711
vn -0.109587 0.6215 0.775711
vn -0.152674 0.612342 0.775711
vn -0.195017 0.6002 0.775711
vn -0.23641 0.585135 0.775711
vn -0.276651 0.567218 0.775711
vn -0.315544 0.546538 0.775711
vn -0.3529 0.523196 0.775711
vn -0.388537 0.497304 0.775711
vn -0.42228 0.46899 0.775711
vn -0.453967 0.438391 0.775711
vn -0.483441 0.405656 0.775711
vn -0.510561 0.370944 0.775711
vn -0.535193 0.334426 0.775711
vn -0.557218 0.296278 0.775711
vn -0.576528 0.256687 0.775711
vn -0.593029 0.215845 0.775711
vn -0.606641 0.173951 0.775711
vn -0.617297 0.131211 0.775711
vn -0.624946 0.0878305 0.775711
vn -0.629551 0.0440225 0.775711
vn -0.631088 -1.4013e-16 0.775711
vn -0.629551 -0.0440225 0.775711
vn -0.624946 -0.0878305 0.775711
vn -0.617297 -0.131211 0.775711
vn -0.606641 -0.173951 0.775711
vn -0.593029 -0.215845 0.775711
vn -0.576528 -0.256687 0.775711
vn -0.557218 -0.296278 0.775711
vn -0.535193 -0.334426 0.775711
vn -0.510561 -0.370944 0.775711
vn -0.483441 -0.405656 0.775711
vn -0.453967 -0.438391 0.775711
vn -0.42228 -0.46899 0.775711
vn -0.388537 -0.497304 0.775711
vn -0.3529 -0.523196 0.775711
vn -0.315544 -0.546538 0.775711
vn -0.276651 -0.567218 0.775711
vn -0.23641 -0.585135 0.775711
vn -0.195017 -0.6002 0.775711
vn -0.152674 -0.612342 0.775711
vn -0.109587 -0.6215 0.775711
vn -0.0659667 -0.627631 0.775711
vn -0.0220247 -0.630704 0.775711
vn 0.0220247 -0.630704 0.775711
vn 0.0659667 -0.627631 0.775711
vn 0.109587 -0.6215 0.775711
vn 0.152674 -0.612342 0.775711
vn 0.195017 -0.6002 0.775711
vn 0.23641 -0.585135 0.775711
vn 0.276651 -0.567218 0.775711
vn 0.315544 -0.546538 0.775711
vn 0.3529 -0.523196 0.775711
vn 0.388537 -0.497304 0.775711
vn 0.42228 -0.46899 0.775711
vn 0.453967 -0.438391 0.775711
vn 0.483441 -0.405656 0.775711
vn 0.510561 -0.370944 0.775711
vn 0.535193 -0.334426 0.775711
vn 0.557218 -0.296278 0.775711
vn 0.576528 -0.256687 0.775711
vn 0.593029 -0.215845 0.775711
vn 0.606641 -0.173951 0.775711
vn 0.617297 -0.131211 0.775711
vn 0.624946 -0.0878305 0.775711
vn 0.629551 -0.0440225 0.775711
vn 0.57668 0 0.81697
vn 0.575276 0.0402272 0.81697
vn 0.571068 0.0802584 0.81697
vn 0.564078 0.119899 0.81697
vn 0.554341 0.158955 0.81697
vn 0.541902 0.197236 0.81697
vn 0.526824 0.234557 0.81697
vn 0.509179 0.270735 0.81697
vn 0.489053 0.305594 0.81697
vn 0.466544 0.338964 0.81697
vn 0.441763 0.370683 0.81697
vn 0.414829 0.400596 0.81697
vn 0.385874 0.428557 0.81697
vn 0.35504 0.45443 0.81697
vn 0.322476 0.47809 0.81697
vn 0.28834 0.49942 0.81697
vn 0.2528 0.518317 0.81697
vn 0.216028 0.534689 0.81697
vn 0.178204 0.548456 0.81697
vn 0.139512 0.55955 0.81697
vn 0.100139 0.567919 0.81697
vn 0.0602795 0.573521 0.81697
vn 0.0201259 0.576329 0.81697
vn -0.0201259 0.576329 0.81697
vn -0.0602795 0.573521 0.81697
vn -0.100139 0.567919 0.81697
vn -0.139512 0.55955 0.81697
vn -0.178204 0.548456 0.81697
vn -0.216028 0.534689 0.81697
vn -0.2528 0.518317 0.81697
vn -0.28834 0.49942 0.81697
vn -0.322476 0.47809 0.81697
vn -0.35504 0.45443 0.81697
vn -0.385874 0.428557 0.81697
vn -0.414829 0.400596 0.81697
vn -0.441763 0.370683 0.81697
vn -0.466544 0.338964 0.81697
vn -0.489053 0.305594 0.81697
vn -0.509179 0.270735 0.81697
vn -0.526824 0.234557 0.81697
vn -0.541902 0.197236 0.81697
vn -0.554341 0.158955 0.81697
vn -0.564078 0.119899 0.81697
vn -0.571068 0.0802584 0.81697
vn -0.575276 0.0402272 0.81697
vn -0.57668 -1.28049e-16 0.81697
vn -0.575276 -0.0402272 0.81697
vn -0.571068 -0.0802584 0.81697
vn -0.564078 -0.119899 0.81697
vn -0.554341 -0.158955 0.81697
vn -0.541902 -0.197236 0.81697
vn -0.526824 -0.234557 0.81697
vn -0.509179 -0.270735 0.81697
vn -0.489053 -0.305594 0.81697
vn -0.466544 -0.338964 0.81697
vn -0.441763 -0.370683 0.81697
vn -0.414829 -0.400596 0.81697
vn -0.385874 -0.428557 0.81697
vn -0.35504 -0.45443 0.81697
vn -0.322476 -0.47809 0.81697
vn -0.28834 -0.49942 0.81697
vn -0.2528 -0.518317 0.81697
vn -0.216028 -0.534689 0.81697
vn -0.178204 -0.548456 0.81697
vn -0.139512 -0.55955 0.81697
vn -0.100139 -0.567919 0.81697
vn -0.0602795 -0.573521 0.81697
vn -0.0201259 -0.576329 0.81697
vn 0.0201259 -0.576329 0.81697
vn 0.0602795 -0.573521 0.81697
vn 0.100139 -0.567919 0.81697
vn 0.139512 -0.55955 0.81697
vn 0.178204 -0.548456 0.81697
vn 0.216028 -0.534689 0.81697
vn 0.2528 -0.518317 0.81697
vn 0.28834 -0.49942 0.81697
vn 0.322476 -0.47809 0.81697
vn 0.35504 -0.45443 0.81697
vn 0.385874 -0.428557 0.81697
vn 0.414829 -0.400596 0.81697
vn 0.441763 -0.370683 0.81697
vn 0.466544 -0.338964 0.81697
vn 0.489053 -0.305594 0.81697
vn 0.509179 -0.270735 0.81697
vn 0.526824 -0.234557 0.81697
vn 0.541902 -0.197236 0.81697
vn 0.554341 -0.158955 0.81697
vn 0.564078 -0.119899 0.81697
vn 0.571068 -0.0802584 0.81697
vn 0.575276 -0.0402272 0.81697
vn 0.519584 0 0.854419
vn 0.518318 0.0362443 0.854419
vn 0.514527 0.0723121 0.854419
vn 0.50823 0.108028 0.854419
vn 0.499456 0.143217 0.854419
vn 0.488249 0.177708 0.854419
vn 0.474664 0.211334 0.854419
vn 0.458765 0.24393 0.854419
vn 0.440632 0.275338 0.854419
vn 0.420352 0.305404 0.854419
vn 0.398024 0.333982 0.854419
vn 0.373757 0.360933 0.854419
vn 0.34767 0.386126 0.854419
vn 0.319888 0.409438 0.854419
vn 0.290548 0.430755 0.854419
vn 0.259792 0.449973 0.854419
vn 0.227771 0.466999 0.854419
vn 0.19464 0.48175 0.854419
vn 0.16056 0.494154 0.854419
vn 0.125699 0.50415 0.854419
vn 0.0902248 0.51169 0.854419
vn 0.0543113 0.516738 0.854419
vn 0.0181332 0.519267 0.854419
vn -0.0181332 0.519267 0.854419
vn -0.0543113 0.516738 0.854419
vn -0.0902248 0.51169 0.854419
vn -0.125699 0.50415 0.854419
vn -0.16056 0.494154 0.854419
vn -0.19464 0.48175 0.854419
vn -0.227771 0.466999 0.854419
vn -0.259792 0.449973 0.854419
vn -0.290548 0.430755 0.854419
vn -0.319888 0.409438 0.854419
vn -0.34767 0.386126 0.854419
vn -0.373757 0.360933 0.854419
vn -0.398024 0.333982 0.854419
vn -0.420352 0.305404 0.854419
vn -0.440632 0.275338 0.854419
vn -0.458765 0.24393 0.854419
vn -0.474664 0.211334 0.854419
vn -0.488249 0.177708 0.854419
vn -0.499456 0.143217 0.854419
vn -0.50823 0.108028 0.854419
vn -0.514527 0.0723121 0.854419
vn -0.518318 0.0362443 0.854419
vn -0.519584 -1.15371e-16 0.854419
vn -0.518318 -0.0362443 0.854419
vn -0.514527 -0.0723121 0.854419
vn -0.50823 -0.108028 0.854419
vn -0.499456 -0.143217 0.854419
vn -0.488249 -0.177708 0.854419
vn -0.474664 -0.211334 0.854419
vn -0.458765 -0.24393 0.854419
vn -0.440632 -0.275338 0.854419
vn -0.420352 -0.305404 0.854419
vn -0.398024 -0.333982 0.854419
vn -0.373757 -0.360933 0.854419
vn -0.34767 -0.386126 0.854419
vn -0.319888 -0.409438 0.854419
vn -0.290548 -0.430755 0.854419
vn -0.259792 -0.449973 0.854419
vn -0.227771 -0.466999 0.854419
vn -0.19464 -0.48175 0.854419
vn -0.16056 -0.494154 0.854419
vn -0.125699 -0.50415 0.854419
vn -0.0902248 -0.51169 0.854419
vn -0.0543113 -0.516738 0.854419
vn -0.0181332 -0.519267 0.854419
vn 0.0181332 -0.519267 0.854419
vn 0.0543113 -0.516738 0.854419
vn 0.0902248 -0.51169 0.854419
vn 0.125699 -0.50415 0.854419
vn 0.16056 -0.494154 0.854419
vn 0.19464 -0.48175 0.854419
vn 0.227771 -0.466999 0.854419
vn 0.259792 -0.449973 0.854419
vn 0.290548 -0.430755 0.854419
vn 0.319888 -0.409438 0.854419
vn 0.34767 -0.386126 0.854419
vn 0.373757 -0.360933 0.854419
vn 0.398024 -0.333982 0.854419
vn 0.420352 -0.305404 0.854419
vn 0.440632 -0.275338 0.854419
vn 0.458765 -0.24393 0.854419
vn 0.474664 -0.211334 0.854419
vn 0.488249 -0.177708 0.854419
vn 0.499456 -0.143217 0.854419
vn 0.50823 -0.108028 0.854419
vn 0.514527 -0.0723121 0.854419
vn 0.518318 -0.0362443 0.854419
vn 0.460065 0 0.887885
vn 0.458944 0.0320925 0.887885
vn 0.455588 0.0640287 0.887885
vn 0.450012 0.0956529 0.887885
vn 0.442243 0.126811 0.887885
vn 0.43232 0.157352 0.887885
vn 0.42029 0.187125 0.887885
vn 0.406213 0.215987 0.887885
vn 0.390157 0.243797 0.887885
vn 0.3722 0.270419 0.887885
vn 0.35243 0.295724 0.887885
vn 0.330943 0.319588 0.887885
vn 0.307844 0.341895 0.887885
vn 0.283244 0.362536 0.887885
vn 0.257265 0.381411 0.887885
vn 0.230033 0.398428 0.887885
vn 0.201679 0.413504 0.887885
vn 0.172343 0.426565 0.887885
vn 0.142168 0.437548 0.887885
vn 0.1113 0.446399 0.887885
vn 0.0798895 0.453076 0.887885
vn 0.0480899 0.457545 0.887885
vn 0.016056 0.459785 0.887885
vn -0.016056 0.459785 0.887885
vn -0.0480899 0.457545 0.887885
vn -0.0798895 0.453076 0.887885
vn -0.1113 0.446399 0.887885
vn -0.142168 0.437548 0.887885
vn -0.172343 0.426565 0.887885
vn -0.201679 0.413504 0.887885
vn -0.230033 0.398428 0.887885
vn -0.257265 0.381411 0.887885
vn -0.283244 0.362536 0.887885
vn -0.307844 0.341895 0.887885
vn -0.330943 0.319588 0.887885
vn -0.35243 0.295724 0.887885
vn -0.3722 0.270419 0.887885
vn -0.390157 0.243797 0.887885
vn -0.406213 0.215987 0.887885
vn -0.42029 0.187125 0.887885
vn -0.43232 0.157352 0.887885
vn -0.442243 0.126811 0.887885
vn -0.450012 0.0956529 0.887885
vn -0.455588 0.0640287 0.887885
vn -0.458944 0.0320925 0.887885
vn -0.460065 -1.02155e-16 0.887885
vn -0.458944 -0.0320925 0.887885
vn -0.455588 -0.0640287 0.887885
vn -0.450012 -0.0956529 0.887885
vn -0.442243 -0.126811 0.887885
vn -0.43232 -0.157352 0.887885
vn -0.42029 -0.187125 0.887885
vn -0.406213 -0.215987 0.887885
vn -0.390157 -0.243797 0.887885
vn -0.3722 -0.270419 0.887885
vn -0.35243 -0.295724 0.887885
vn -0.330943 -0.319588 0.887885
vn -0.307844 -0.341895 0.887885
vn -0.283244 -0.362536 0.887885
vn -0.257265 -0.381411 0.887885
vn -0.230033 -0.398428 0.887885
vn -0.201679 -0.413504 0.887885
vn -0.172343 -0.426565 0.887885
vn -0.142168 -0.437548 0.887885
vn -0.1113 -0.446399 0.887885
vn -0.0798895 -0.453076 0.887885
vn -0.0480899 -0.457545 0.887885
vn -0.016056 -0.459785 0.887885
vn 0.016056 -0.459785 0.887885
vn 0.0480899 -0.457545 0.887885
vn 0.0798895 -0.453076 0.887885
vn 0.1113 -0.446399 0.887885
vn 0.142168 -0.437548 0.887885
vn 0.172343 -0.426565 0.887885
vn 0.201679 -0.413504 0.887885
vn 0.230033 -0.398428 0.887885
vn 0.257265 -0.381411 0.887885
vn 0.283244 -0.362536 0.887885
vn 0.307844 -0.341895 0.887885
vn 0.330943 -0.319588 0.887885
vn 0.35243 -0.295724 0.887885
vn 0.3722 -0.270419 0.887885
vn 0.390157 -0.243797 0.887885
vn 0.406213 -0.215987 0.887885
vn 0.42029 -0.187125 0.887885
vn 0.43232 -0.157352 0.887885
vn 0.442243 -0.126811 0.887885
vn 0.450012 -0.0956529 0.887885
vn 0.455588 -0.0640287 0.887885
vn 0.458944 -0.0320925 0.887885
vn 0.398401 0 0.917211
vn 0.397431 0.0277911 0.917211
vn 0.394524 0.0554467 0.917211
vn 0.389695 0.0828322 0.917211
vn 0.382968 0.109814 0.917211
vn 0.374375 0.136261 0.917211
vn 0.363958 0.162044 0.917211
vn 0.351767 0.187038 0.917211
vn 0.337863 0.21112 0.917211
vn 0.322313 0.234174 0.917211
vn 0.305193 0.256087 0.917211
vn 0.286586 0.276753 0.917211
vn 0.266582 0.29607 0.917211
vn 0.24528 0.313944 0.917211
vn 0.222783 0.330289 0.917211
vn 0.199201 0.345025 0.917211
vn 0.174648 0.358081 0.917211
vn 0.149244 0.369391 0.917211
vn 0.123113 0.378902 0.917211
vn 0.0963819 0.386567 0.917211
vn 0.0691816 0.392348 0.917211
vn 0.0416443 0.396219 0.917211
vn 0.013904 0.398158 0.917211
vn -0.013904 0.398158 0.917211
vn -0.0416443 0.396219 0.917211
vn -0.0691816 0.392348 0.917211
vn -0.0963819 0.386567 0.917211
vn -0.123113 0.378902 0.917211
vn -0.149244 0.369391 0.917211
vn -0.174648 0.358081 0.917211
vn -0.199201 0.345025 0.917211
vn -0.222783 0.330289 0.917211
vn -0.24528 0.313944 0.917211
vn -0.266582 0.29607 0.917211
vn -0.286586 0.276753 0.917211
vn -0.305193 0.256087 0.917211
vn -0.322313 0.234174 0.917211
vn -0.337863 0.21112 0.917211
vn -0.351767 0.187038 0.917211
vn -0.363958 0.162044 0.917211
vn -0.374375 0.136261 0.917211
vn -0.382968 0.109814 0.917211
vn -0.389695 0.0828322 0.917211
vn -0.394524 0.0554467 0.917211
vn -0.397431 0.0277911 0.917211
vn -0.398401 -8.84628e-17 0.917211
vn -0.397431 -0.0277911 0.917211
vn -0.394524 -0.0554467 0.917211
vn -0.389695 -0.0828322 0.917211
vn -0.382968 -0.109814 0.917211
vn -0.374375 -0.136261 0.917211
vn -0.363958 -0.162044 0.917211
vn -0.351767 -0.187038 0.917211
vn -0.337863 -0.21112 0.917211
vn -0.322313 -0.234174 0.917211
vn -0.305193 -0.256087 0.917211
vn -0.286586 -0.276753 0.917211
vn -0.266582 -0.29607 0.917211
vn -0.24528 -0.313944 0.917211
vn -0.222783 -0.330289 0.917211
vn -0.199201 -0.345025 0.917211
vn -0.174648 -0.358081 0.917211
vn -0.149244 -0.369391 0.917211
vn -0.123113 -0.378902 0.917211
vn -0.0963819 -0.386567 0.917211
vn -0.0691816 -0.392348 0.917211
vn -0.0416443 -0.396219 0.917211
vn -0.013904 -0.398158 0.917211
vn 0.013904 -0.398158 0.917211
vn 0.0416443 -0.396219 0.917211
vn 0.0691816 -0.392348 0.917211
vn 0.0963819 -0.386567 0.917211
vn 0.123113 -0.378902 0.917211
vn 0.149244 -0.369391 0.917211
vn 0.174648 -0.358081 0.917211
vn 0.199201 -0.345025 0.917211
vn 0.222783 -0.330289 0.917211
vn 0.24528 -0.313944 0.917211
vn 0.266582 -0.29607 0.917211
vn 0.286586 -0.276753 0.917211
vn 0.305193 -0.256087 0.917211
vn 0.322313 -0.234174 0.917211
vn 0.337863 -0.21112 0.917211
vn 0.351767 -0.187038 0.917211
vn 0.363958 -0.162044 0.917211
vn 0.374375 -0.136261 0.917211
vn 0.382968 -0.109814 0.917211
vn 0.389695 -0.0828322 0.917211
vn 0.394524 -0.0554467 0.917211
vn 0.397431 -0.0277911 0.917211
vn 0.33488 0 0.942261
vn 0.334064 0.02336 0.942261
vn 0.331621 0.0466062 0.942261
vn 0.327562 0.0696254 0.942261
vn 0.321907 0.0923053 0.942261
vn 0.314684 0.114536 0.942261
vn 0.305928 0.136208 0.942261
vn 0.295681 0.157216 0.942261
vn 0.283994 0.177459 0.942261
vn 0.270923 0.196837 0.942261
vn 0.256533 0.215256 0.942261
vn 0.240892 0.232627 0.942261
vn 0.224078 0.248864 0.942261
vn 0.206172 0.263889 0.942261
vn 0.187262 0.277628 0.942261
vn 0.16744 0.290014 0.942261
vn 0.146802 0.300988 0.942261
vn 0.125448 0.310495 0.942261
vn 0.103483 0.318489 0.942261
vn 0.0810147 0.324932 0.942261
vn 0.0581512 0.329792 0.942261
vn 0.0350045 0.333045 0.942261
vn 0.0116871 0.334676 0.942261
vn -0.0116871 0.334676 0.942261
vn -0.0350045 0.333045 0.942261
vn -0.0581512 0.329792 0.942261
vn -0.0810147 0.324932 0.942261
vn -0.103483 0.318489 0.942261
vn -0.125448 0.310495 0.942261
vn -0.146802 0.300988 0.942261
vn -0.16744 0.290014 0.942261
vn -0.187262 0.277628 0.942261
vn -0.206172 0.263889 0.942261
vn -0.224078 0.248864 0.942261
vn -0.240892 0.232627 0.942261
vn -0.256533 0.215256 0.942261
vn -0.270923 0.196837 0.942261
vn -0.283994 0.177459 0.942261
vn -0.295681 0.157216 0.942261
vn -0.305928 0.136208 0.942261
vn -0.314684 0.114536 0.942261
vn -0.321907 0.0923053 0.942261
vn -0.327562 0.0696254 0.942261
vn -0.331621 0.0466062 0.942261
vn -0.334064 0.02336 0.942261
vn -0.33488 -7.43582e-17 0.942261
vn -0.334064 -0.02336 0.942261
vn -0.331621 -0.0466062 0.942261
vn -0.327562 -0.0696254 0.942261
vn -0.321907 -0.0923053 0.942261
vn -0.314684 -0.114536 0.942261
vn -0.305928 -0.136208 0.942261
vn -0.295681 -0.157216 0.942261
vn -0.283994 -0.177459 0.942261
vn -0.270923 -0.196837 0.942261
vn -0.256533 -0.215256 0.942261
vn -0.240892 -0.232627 0.942261
vn -0.224078 -0.248864 0.942261
vn -0.206172 -0.263889 0.942261
vn -0.187262 -0.277628 0.942261
vn -0.16744 -0.290014 0.942261
vn -0.146802 -0.300988 0.942261
vn -0.125448 -0.310495 0.942261
vn -0.103483 -0.318489 0.942261
vn -0.0810147 -0.324932 0.942261
vn -0.0581512 -0.329792 0.942261
vn -0.0350045 -0.333045 0.942261
vn -0.0116871 -0.334676 0.942261
vn 0.0116871 -0.334676 0.942261
vn 0.0350045 -0.333045 0.942261
vn 0.0581512 -0.329792 0.942261
vn 0.0810147 -0.324932 0.942261
vn 0.103483 -0.318489 0.942261
vn 0.125448 -0.310495 0.942261
vn 0.146802 -0.300988 0.942261
vn 0.16744 -0.290014 0.942261
vn 0.187262 -0.277628 0.942261
vn 0.206172 -0.263889 0.942261
vn 0.224078 -0.248864 0.942261
vn 0.240892 -0.232627 0.942261
vn 0.256533 -0.215256 0.942261
vn 0.270923 -0.196837 0.942261
vn 0.283994 -0.177459 0.942261
vn 0.295681 -0.157216 0.942261
vn 0.305928 -0.136208 0.942261
vn 0.314684 -0.114536 0.942261
vn 0.321907 -0.0923053 0.942261
vn 0.327562 -0.0696254 0.942261
vn 0.331621 -0.0466062 0.942261
vn 0.334064 -0.02336 0.942261
vn 0.269797 0 0.962917
vn 0.26914 0.0188201 0.962917
vn 0.267171 0.0375485 0.962917
vn 0.263901 0.0560939 0.962917
vn 0.259345 0.0743661 0.962917
vn 0.253526 0.0922759 0.962917
vn 0.246472 0.109736 0.962917
vn 0.238216 0.126662 0.962917
vn 0.228801 0.142971 0.962917
vn 0.21827 0.158583 0.962917
vn 0.206676 0.173422 0.962917
vn 0.194076 0.187417 0.962917
vn 0.180529 0.200498 0.962917
vn 0.166103 0.212603 0.962917
vn 0.150868 0.223672 0.962917
vn 0.134898 0.233651 0.962917
vn 0.118271 0.242492 0.962917
vn 0.101068 0.250151 0.962917
vn 0.0833718 0.256592 0.962917
vn 0.0652697 0.261783 0.962917
vn 0.0468497 0.265698 0.962917
vn 0.0282014 0.268319 0.962917
vn 0.00941577 0.269632 0.962917
vn -0.00941577 0.269632 0.962917
vn -0.0282014 0.268319 0.962917
vn -0.0468497 0.265698 0.962917
vn -0.0652697 0.261783 0.962917
vn -0.0833718 0.256592 0.962917
vn -0.101068 0.250151 0.962917
vn -0.118271 0.242492 0.962917
vn -0.134898 0.233651 0.962917
vn -0.150868 0.223672 0.962917
vn -0.166103 0.212603 0.962917
vn -0.180529 0.200498 0.962917
vn -0.194076 0.187417 0.962917
vn -0.206676 0.173422 0.962917
vn -0.21827 0.158583 0.962917
vn -0.228801 0.142971 0.962917
vn -0.238216 0.126662 0.962917
vn -0.246472 0.109736 0.962917
vn -0.253526 0.0922759 0.962917
vn -0.259345 0.0743661 0.962917
vn -0.263901 0.0560939 0.962917
vn -0.267171 0.0375485 0.962917
vn -0.26914 0.0188201 0.962917
vn -0.269797 -5.99069e-17 0.962917
vn -0.26914 -0.0188201 0.962917
vn -0.267171 -0.0375485 0.962917
vn -0.263901 -0.0560939 0.962917
vn -0.259345 -0.0743661 0.962917
vn -0.253526 -0.0922759 0.962917
vn -0.246472 -0.109736 0.962917
vn -0.238216 -0.126662 0.962917
vn -0.228801 -0.142971 0.962917
vn -0.21827 -0.158583 0.962917
vn -0.206676 -0.173422 0.962917
vn -0.194076 -0.187417 0.962917
vn -0.180529 -0.200498 0.962917
vn -0.166103 -0.212603 0.962917
vn -0.150868 -0.223672 0.962917
vn -0.134898 -0.233651 0.962917
vn -0.118271 -0.242492 0.962917
vn -0.101068 -0.250151 0.962917
vn -0.0833718 -0.256592 0.962917
vn -0.0652697 -0.261783 0.962917
vn -0.0468497 -0.265698 0.962917
vn -0.0282014 -0.268319 0.962917
vn -0.00941577 -0.269632 0.962917
vn 0.00941577 -0.269632 0.962917
vn 0.0282014 -0.268319 0.962917
vn 0.0468497 -0.265698 0.962917
vn 0.0652697 -0.261783 0.962917
vn 0.0833718 -0.256592 0.962917
vn 0.101068 -0.250151 0.962917
vn 0.118271 -0.242492 0.962917
vn 0.134898 -0.233651 0.962917
vn 0.150868 -0.223672 0.962917
vn 0.166103 -0.212603 0.962917
vn 0.180529 -0.200498 0.962917
vn 0.194076 -0.187417 0.962917
vn 0.206676 -0.173422 0.962917
vn 0.21827 -0.158583 0.962917
vn 0.228801 -0.142971 0.962917
vn 0.238216 -0.126662 0.962917
vn 0.246472 -0.109736 0.962917
vn 0.253526 -0.0922759 0.962917
vn 0.259345 -0.0743661 0.962917
vn 0.263901 -0.0560939 0.962917
vn 0.267171 -0.0375485 0.962917
vn 0.26914 -0.0188201 0.962917
vn 0.203456 0 0.979084
vn 0.20296 0.0141924 0.979084
vn 0.201476 0.0283156 0.979084
vn 0.19901 0.0423009 0.979084
vn 0.195574 0.0560801 0.979084
vn 0.191186 0.0695861 0.979084
vn 0.185866 0.082753 0.979084
vn 0.179641 0.0955168 0.979084
vn 0.17254 0.107815 0.979084
vn 0.164599 0.119588 0.979084
vn 0.155856 0.130779 0.979084
vn 0.146354 0.141332 0.979084
vn 0.136139 0.151197 0.979084
vn 0.12526 0.160326 0.979084
vn 0.113771 0.168673 0.979084
vn 0.101728 0.176198 0.979084
vn 0.0891892 0.182865 0.979084
vn 0.076216 0.188641 0.979084
vn 0.0628714 0.193498 0.979084
vn 0.0492205 0.197412 0.979084
vn 0.0353298 0.200365 0.979084
vn 0.0212669 0.202341 0.979084
vn 0.00710051 0.203332 0.979084
vn -0.00710051 0.203332 0.979084
vn -0.0212669 0.202341 0.979084
vn -0.0353298 0.200365 0.979084
vn -0.0492205 0.197412 0.979084
vn -0.0628714 0.193498 0.979084
vn -0.076216 0.188641 0.979084
vn -0.0891892 0.182865 0.979084
vn -0.101728 0.176198 0.979084
vn -0.113771 0.168673 0.979084
vn -0.12526 0.160326 0.979084
vn -0.136139 0.151197 0.979084
vn -0.146354 0.141332 0.979084
vn -0.155856 0.130779 0.979084
vn -0.164599 0.119588 0.979084
vn -0.17254 0.107815 0.979084
vn -0.179641 0.0955168 0.979084
vn -0.185866 0.082753 0.979084
vn -0.191186 0.0695861 0.979084
vn -0.195574 0.0560801 0.979084
vn -0.19901 0.0423009 0.979084
vn -0.201476 0.0283156 0.979084
vn -0.20296 0.0141924 0.979084
vn -0.203456 -4.51763e-17 0.979084
vn -0.20296 -0.0141924 0.979084
vn -0.201476 -0.0283156 0.979084
vn -0.19901 -0.0423009 0.979084
vn -0.195574 -0.0560801 0.979084
vn -0.191186 -0.0695861 0.979084
vn -0.185866 -0.082753 0.979084
vn -0.179641 -0.0955168 0.979084
vn -0.17254 -0.107815 0.979084
vn -0.164599 -0.119588 0.979084
vn -0.155856 -0.130779 0.979084
vn -0.146354 -0.141332 0.979084
vn -0.136139 -0.151197 0.979084
vn -0.12526 -0.160326 0.979084
vn -0.113771 -0.168673 0.979084
vn -0.101728 -0.176198 0.979084
vn -0.0891892 -0.182865 0.979084
vn -0.076216 -0.188641 0.979084
vn -0.0628714 -0.193498 0.979084
vn -0.0492205 -0.197412 0.979084
vn -0.0353298 -0.200365 0.979084
vn -0.0212669 -0.202341 0.979084
vn -0.00710051 -0.203332 0.979084
vn 0.00710051 -0.203332 0.979084
vn 0.0212669 -0.202341 0.979084
vn 0.0353298 -0.200365 0.979084
vn 0.0492205 -0.197412 0.979084
vn 0.0628714 -0.193498 0.979084
vn 0.076216 -0.188641 0.979084
vn 0.0891892 -0.182865 0.979084
vn 0.101728 -0.176198 0.979084
vn 0.113771 -0.168673 0.979084
vn 0.12526 -0.160326 0.979084
vn 0.136139 -0.151197 0.979084
vn 0.146354 -0.141332 0.979084
vn 0.155856 -0.130779 0.979084
vn 0.164599 -0.119588 0.979084
vn 0.17254 -0.107815 0.979084
vn 0.179641 -0.0955168 0.979084
vn 0.185866 -0.082753 0.979084
vn 0.191186 -0.0695861 0.979084
vn 0.195574 -0.0560801 0.979084
vn 0.19901 -0.0423009 0.979084
vn 0.201476 -0.0283156 0.979084
vn 0.20296 -0.0141924 0.979084
vn 0.136167 0 0.990686
vn 0.135835 0.00949851 0.990686
vn 0.134841 0.0189507 0.990686
vn 0.133191 0.0283106 0.990686
vn 0.130892 0.0375326 0.990686
vn 0.127955 0.0465717 0.990686
vn 0.124394 0.055384 0.990686
vn 0.120228 0.0639264 0.990686
vn 0.115476 0.0721573 0.990686
vn 0.110161 0.0800367 0.990686
vn 0.10431 0.0875262 0.990686
vn 0.0979501 0.0945893 0.990686
vn 0.0911133 0.101192 0.990686
vn 0.0838326 0.107301 0.990686
vn 0.0761434 0.112887 0.990686
vn 0.0680833 0.117924 0.990686
vn 0.0596915 0.122386 0.990686
vn 0.0510089 0.126252 0.990686
vn 0.0420778 0.129502 0.990686
vn 0.0329417 0.132122 0.990686
vn 0.0236451 0.134098 0.990686
vn 0.0142333 0.135421 0.990686
vn 0.00475215 0.136084 0.990686
vn -0.00475215 0.136084 0.990686
vn -0.0142333 0.135421 0.990686
vn -0.0236451 0.134098 0.990686
vn -0.0329417 0.132122 0.990686
vn -0.0420778 0.129502 0.990686
vn -0.0510089 0.126252 0.990686
vn -0.0596915 0.122386 0.990686
vn -0.0680833 0.117924 0.990686
vn -0.0761434 0.112887 0.990686
vn -0.0838326 0.107301 0.990686
vn -0.0911133 0.101192 0.990686
vn -0.0979501 0.0945893 0.990686
vn -0.10431 0.0875262 0.990686
vn -0.110161 0.0800367 0.990686
vn -0.115476 0.0721573 0.990686
vn -0.120228 0.0639264 0.990686
vn -0.124394 0.055384 0.990686
vn -0.127955 0.0465717 0.990686
vn -0.130892 0.0375326 0.990686
vn -0.133191 0.0283106 0.990686
vn -0.134841 0.0189507 0.990686
vn -0.135835 0.00949851 0.990686
vn -0.136167 -3.02351e-17 0.990686
vn -0.135835 -0.00949851 0.990686
vn -0.134841 -0.0189507 0.990686
vn -0.133191 -0.0283106 0.990686
vn -0.130892 -0.0375326 0.990686
vn -0.127955 -0.0465717 0.990686
vn -0.124394 -0.055384 0.990686
vn -0.120228 -0.0639264 0.990686
vn -0.115476 -0.0721573 0.990686
vn -0.110161 -0.0800367 0.990686
vn -0.10431 -0.0875262 0.990686
vn -0.0979501 -0.0945893 0.990686
vn -0.0911133 -0.101192 0.990686
vn -0.0838326 -0.107301 0.990686
vn -0.0761434 -0.112887 0.990686
vn -0.0680833 -0.117924 0.990686
vn -0.0596915 -0.122386 0.990686
vn -0.0510089 -0.126252 0.990686
vn -0.0420778 -0.129502 0.990686
vn -0.0329417 -0.132122 0.990686
vn -0.0236451 -0.134098 0.990686
vn -0.0142333 -0.135421 0.990686
vn -0.00475215 -0.136084 0.990686
vn 0.00475215 -0.136084 0.990686
vn 0.0142333 -0.135421 0.990686
vn 0.0236451 -0.134098 0.990686
vn 0.0329417 -0.132122 0.990686
vn 0.0420778 -0.129502 0.990686
vn 0.0510089 -0.126252 0.990686
vn 0.0596915 -0.122386 0.990686
vn 0.0680833 -0.117924 0.990686
vn 0.0761434 -0.112887 0.990686
vn 0.0838326 -0.107301 0.990686
vn 0.0911133 -0.101192 0.990686
vn 0.0979501 -0.0945893 0.990686
vn 0.10431 -0.0875262 0.990686
vn 0.110161 -0.0800367 0.990686
vn 0.115476 -0.0721573 0.990686
vn 0.120228 -0.0639264 0.990686
vn 0.124394 -0.055384 0.990686
vn 0.127955 -0.0465717 0.990686
vn 0.130892 -0.0375326 0.990686
vn 0.133191 -0.0283106 0.990686
vn 0.134841 -0.0189507 0.990686
vn 0.135835 -0.00949851 0.990686
vn 0.0682424 0 0.997669
vn 0.0680762 0.00476035 0.997669
vn 0.0675783 0.00949751 0.997669
vn 0.0667512 0.0141884 0.997669
vn 0.0655988 0.0188102 0.997669
vn 0.0641269 0.0233403 0.997669
vn 0.0623425 0.0277567 0.997669
vn 0.0602545 0.0320379 0.997669
vn 0.0578728 0.036163 0.997669
vn 0.0552093 0.0401119 0.997669
vn 0.0522767 0.0438654 0.997669
vn 0.0490895 0.0474052 0.997669
vn 0.0456631 0.050714 0.997669
vn 0.0420142 0.0537758 0.997669
vn 0.0381607 0.0565755 0.997669
vn 0.0341212 0.0590997 0.997669
vn 0.0299155 0.0613359 0.997669
vn 0.0255641 0.0632733 0.997669
vn 0.0210881 0.0649024 0.997669
vn 0.0165093 0.0662153 0.997669
vn 0.0118502 0.0672057 0.997669
vn 0.00713327 0.0678686 0.997669
vn 0.00238163 0.0682008 0.997669
vn -0.00238163 0.0682008 0.997669
vn -0.00713327 0.0678686 0.997669
vn -0.0118502 0.0672057 0.997669
vn -0.0165093 0.0662153 0.997669
vn -0.0210881 0.0649024 0.997669
vn -0.0255641 0.0632733 0.997669
vn -0.0299155 0.0613359 0.997669
vn -0.0341212 0.0590997 0.997669
vn -0.0381607 0.0565755 0.997669
vn -0.0420142 0.0537758 0.997669
vn -0.0456631 0.050714 0.997669
vn -0.0490895 0.0474052 0.997669
vn -0.0522767 0.0438654 0.997669
vn -0.0552093 0.0401119 0.997669
vn -0.0578728 0.036163 0.997669
vn -0.0602545 0.0320379 0.997669
vn -0.0623425 0.0277567 0.997669
vn -0.0641269 0.0233403 0.997669
vn -0.0655988 0.0188102 0.997669
vn -0.0667512 0.0141884 0.997669
vn -0.0675783 0.00949751 0.997669
vn -0.0680762 0.00476035 0.997669
vn -0.0682424 -1.51529e-17 0.997669
vn -0.0680762 -0.00476035 0.997669
vn -0.0675783 -0.00949751 0.997669
vn -0.0667512 -0.0141884 0.997669
vn -0.0655988 -0.0188102 0.997669
vn -0.0641269 -0.0233403 0.997669
vn -0.0623425 -0.0277567 0.997669
vn -0.0602545 -0.0320379 0.997669
vn -0.0578728 -0.036163 0.997669
vn -0.0552093 -0.0401119 0.997669
vn -0.0522767 -0.0438654 0.997669
vn -0.0490895 -0.0474052 0.997669
vn -0.0456631 -0.050714 0.997669
vn -0.0420142 -0.0537758 0.997669
vn -0.0381607 -0.0565755 0.997669
vn -0.0341212 -0.0590997 0.997669
vn -0.0299155 -0.0613359 0.997669
vn -0.0255641 -0.0632733 0.997669
vn -0.0210881 -0.0649024 0.997669
vn -0.0165093 -0.0662153 0.997669
vn -0.0118502 -0.0672057 0.997669
vn -0.00713327 -0.0678686 0.997669
vn -0.00238163 -0.0682008 0.997669
vn 0.00238163 -0.0682008 0.997669
vn 0.00713327 -0.0678686 0.997669
vn 0.0118502 -0.0672057 0.997669
vn 0.0165093 -0.0662153 0.997669
vn 0.0210881 -0.0649024 0.997669
vn 0.0255641 -0.0632733 0.997669
vn 0.0299155 -0.0613359 0.997669
vn 0.0341212 -0.0590997 0.997669
vn 0.0381607 -0.0565755 0.997669
vn 0.0420142 -0.0537758 0.997669
vn 0.0456631 -0.050714 0.997669
vn 0.0490895 -0.0474052 0.997669
vn 0.0522767 -0.0438654 0.997669
vn 0.0552093 -0.0401119 0.997669
vn 0.0578728 -0.036163 0.997669
vn 0.0602545 -0.0320379 0.997669
vn 0.0623425 -0.0277567 0.997669
vn 0.0641269 -0.0233403 0.997669
vn 0.0655988 -0.0188102 0.997669
vn 0.0667512 -0.0141884 0.997669
vn 0.0675783 -0.00949751 0.997669
vn 0.0680762 -0.00476035 0.997669
vn 6.1195e-17 -2.13698e-18 1
vn -1 0 0
vn -0.997564 0.0697565 0
vn -0.990268 0.139173 0
vn -0.978148 0.207912 0
vn -0.961262 0.275637 0
vn -0.939693 0.34202 0
vn -0.913545 0.406737 0
vn -0.882948 0.469472 0
vn -0.848048 0.529919 0
vn -0.809017 0.587785 0
vn -0.766044 0.642788 0
vn -0.71934 0.694658 0
vn -0.669131 0.743145 0
vn -0.615661 0.788011 0
vn -0.559193 0.829038 0
vn -0.5 0.866025 0
vn -0.438371 0.898794 0
vn -0.374607 0.927184 0
vn -0.309017 0.951057 0
vn -0.241922 0.970296 0
vn -0.173648 0.984808 0
vn -0.104528 0.994522 0
vn -0.0348995 0.999391 0
vn 0.0348995 0.999391 -0
vn -5.05322e-16 1 0
vn 0.104528 0.994522 -0
vn 0.173648 0.984808 -0
vn 0.241922 0.970296 -0
vn 0.309017 0.951057 -0
vn 0.374607 0.927184 -0
vn 0.438371 0.898794 -0
vn 0.5 0.866025 -0
vn 0.559193 0.829038 -0
vn 0.615661 0.788011 -0
vn 0.669131 0.743145 -0
vn 0.71934 0.694658 -0
vn 0.766044 0.642788 -0
vn 0.809017 0.587785 -0
vn 0.848048 0.529919 -0
vn 0.882948 0.469472 -0
vn 0.913545 0.406737 -0
vn 0.939693 0.34202 -0
vn 0.961262 0.275637 -0
vn 0.978148 0.207912 -0
vn 0.990268 0.139173 -0
vn 0.997564 0.0697565 -0
vn 1 1.22465e-16 -0
vn 0.997564 -0.0697565 0
vn 0.990268 -0.139173 0
vn 0.978148 -0.207912 0
vn 0.961262 -0.275637 0
vn 0.939693 -0.34202 0
vn 0.913545 -0.406737 0
vn 0.882948 -0.469472 0
vn 0.848048 -0.529919 0
vn 0.809017 -0.587785 0
vn 0.766044 -0.642788 0
vn 0.71934 -0.694658 0
vn 0.669131 -0.743145 0
vn 0.615661 -0.788011 0
vn 0.559193 -0.829038 0
vn 0.5 -0.866025 0
vn 0.438371 -0.898794 0
vn 0.374607 -0.927184 0
vn 0.309017 -0.951057 0
vn 0.241922 -0.970296 0
vn 0.173648 -0.984808 0
vn 0.104528 -0.994522 0
vn 0.0348995 -0.999391 0
vn -0.0348995 -0.999391 0
vn 1.83697e-16 -1 0
vn -0.104528 -0.994522 0
vn -0.173648 -0.984808 0
vn -0.241922 -0.970296 0
vn -0.309017 -0.951057 0
vn -0.374607 -0.927184 0
vn -0.438371 -0.898794 0
vn -0.5 -0.866025 0
vn -0.559193 -0.829038 0
vn -0.615661 -0.788011 0
vn -0.669131 -0.743145 0
vn -0.71934 -0.694658 0
vn -0.766044 -0.642788 0
vn -0.809017 -0.587785 0
vn -0.848048 -0.529919 0
vn -0.882948 -0.469472 0
vn -0.913545 -0.406737 0
vn -0.939693 -0.34202 0
vn -0.961262 -0.275637 0
vn -0.978148 -0.207912 0
vn -0.990268 -0.139173 0
vn -0.997564 -0.0697565 0
vn 0.0348995 -0.999391 0
vn -0.0348995 0.999391 0
vn 0 0 1
vn -1 0 0
vn -0.997564 0.0697565 0
vn -0.990268 0.139173 0
vn -0.978148 0.207912 0
vn -0.961262 0.275637 0
vn -0.963292 0.268457 0
vn -0.939693 0.34202 0
vn -0.913545 0.406737 0
vn -0.882948 0.469472 0
vn -0.848048 0.529919 0
vn -0.809017 0.587785 0
vn -0.766044 0.642788 0
vn -0.71934 0.694658 0
vn -0.669131 0.743145 0
vn -0.615661 0.788011 0
vn -0.559193 0.829038 0
vn -0.5 0.866025 0
vn -0.438371 0.898794 0
vn -0.374607 0.927184 0
vn -0.309017 0.951057 0
vn -0.241922 0.970296 0
vn -0.173648 0.984808 0
vn -0.104528 0.994522 0
vn -0.0348995 0.999391 0
vn 0.0348995 0.999391 0
vn 1.60812e-16 1 0
vn -0.0348995 0.999391 0
vn 0.104528 0.994522 0
vn 0.173648 0.984808 0
vn 0.241922 0.970296 0
vn 0.309017 0.951057 0
vn 0.374607 0.927184 0
vn 0.438371 0.898794 0
vn 0.5 0.866025 0
vn 0.559193 0.829038 0
vn 0.615661 0.788011 0
vn 0.669131 0.743145 0
vn 0.71934 0.694658 0
vn 0.766044 0.642788 0
vn 0.809017 0.587785 0
vn 0.848048 0.529919 0
vn 0.882948 0.469472 0
vn 0.913545 0.406737 0
vn 0.939693 0.34202 0
vn 0.961262 0.275637 0
vn 0.978148 0.207912 0
vn 0.963292 0.268457 0
vn 0.990268 0.139173 0
vn 0.997564 0.0697565 0
vn 1 1.22465e-16 0
vn 0.997564 -0.0697565 0
vn 0.990268 -0.139173 0
vn 0.978148 -0.207912 0
vn 0.961262 -0.275637 0
vn 0.939693 -0.34202 0
vn 0.913545 -0.406737 0
vn 0.882948 -0.469472 0
vn 0.848048 -0.529919 0
vn 0.809017 -0.587785 0
vn 0.766044 -0.642788 0
vn 0.71934 -0.694658 0
vn 0.669131 -0.743145 0
vn 0.615661 -0.788011 0
vn 0.559193 -0.829038 0
vn 0.5 -0.866025 0
vn 0.438371 -0.898794 0
vn 0.374607 -0.927184 0
vn 0.309017 -0.951057 0
vn 0.241922 -0.970296 0
vn 0.173648 -0.984808 0
vn 0.104528 -0.994522 0
vn 0.0348995 -0.999391 0
vn -0.0348995 -0.999391 -0
vn 1.83697e-16 -1 0
vn 0.0348995 -0.999391 0
vn -0.0348995 -0.999391 -0
vn -0.104528 -0.994522 -0
vn -0.173648 -0.984808 -0
vn -0.241922 -0.970296 -0
vn -0.309017 -0.951057 -0
vn -0.374607 -0.927184 -0
vn -0.438371 -0.898794 -0
vn -0.5 -0.866025 -0
vn -0.559193 -0.829038 -0
vn -0.615661 -0.788011 -0
vn -0.669131 -0.743145 -0
vn -0.71934 -0.694658 -0
vn -0.766044 -0.642788 -0
vn -0.809017 -0.587785 -0
vn -0.848048 -0.529919 -0
vn -0.882948 -0.469472 -0
vn -0.913545 -0.406737 -0
vn -0.939693 -0.34202 -0
vn -0.961262 -0.275637 -0
vn -0.978148 -0.207912 -0
vn -0.990268 -0.139173 -0
vn -0.997564 -0.0697565 -0
vn 0.961262 0.275637 0
vn -0.978148 0.207912 0
vn 0.997564 0.0697565 -0
vn 1 2.44929e-16 -0
vn 0.990268 0.139173 -0
vn 0.997564 0.0697565 -0
vn 0.978148 0.207912 -0
vn 0.990268 0.139173 -0
vn 0.961262 0.275637 -0
vn 0.978148 0.207912 -0
vn 0.939693 0.34202 -0
vn 0.961262 0.275637 -0
vn 0.913545 0.406737 -0
vn 0.939693 0.34202 -0
vn 0.882948 0.469472 -0
vn 0.913545 0.406737 -0
vn 0.848048 0.529919 -0
vn 0.882948 0.469472 -0
vn 0.809017 0.587785 -0
vn 0.848048 0.529919 -0
vn 0.766044 0.642788 -0
vn 0.809017 0.587785 -0
vn 0.71934 0.694658 -0
vn 0.766044 0.642788 -0
vn 0.669131 0.743145 -0
vn 0.71934 0.694658 -0
vn 0.615661 0.788011 -0
vn 0.669131 0.743145 -0
vn 0.559193 0.829038 -0
vn 0.615661 0.788011 -0
vn 0.5 0.866025 -0
vn 0.559193 0.829038 -0
vn 0.438371 0.898794 -0
vn 0.5 0.866025 -0
vn 0.374607 0.927184 -0
vn 0.438371 0.898794 -0
vn 0.309017 0.951057 -0
vn 0.374607 0.927184 -0
vn 0.241922 0.970296 -0
vn 0.309017 0.951057 -0
vn 0.173648 0.984808 -0
vn 0.241922 0.970296 -0
vn 0.104528 0.994522 -0
vn 0.173648 0.984808 -0
vn 0.0348995 0.999391 -0
vn 0.104528 0.994522 -0
vn -0.0348995 0.999391 -0
vn 0.0348995 0.999391 -0
vn -0.104528 0.994522 -0
vn -0.0348995 0.999391 -0
vn -0.173648 0.984808 -0
vn -0.104528 0.994522 -0
vn -0.241922 0.970296 -0
vn -0.173648 0.984808 -0
vn -0.309017 0.951057 -0
vn -0.241922 0.970296 -0
vn -0.374607 0.927184 -0
vn -0.309017 0.951057 -0
vn -0.438371 0.898794 -0
vn -0.374607 0.927184 -0
vn -0.5 0.866025 -0
vn -0.438371 0.898794 -0
vn -0.559193 0.829038 -0
vn -0.5 0.866025 -0
vn -0.615661 0.788011 -0
vn -0.559193 0.829038 -0
vn -0.669131 0.743145 -0
vn -0.615661 0.788011 -0
vn -0.71934 0.694658 -0
vn -0.669131 0.743145 -0
vn -0.766044 0.642788 -0
vn -0.71934 0.694658 -0
vn -0.809017 0.587785 -0
vn -0.766044 0.642788 -0
vn -0.848048 0.529919 -0
vn -0.809017 0.587785 -0
vn -0.882948 0.469472 -0
vn -0.848048 0.529919 -0
vn -0.913545 0.406737 -0
vn -0.882948 0.469472 -0
vn -0.939693 0.34202 -0
vn -0.913545 0.406737 -0
vn -0.961262 0.275637 -0
vn -0.939693 0.34202 -0
vn -0.978148 0.207912 -0
vn -0.961262 0.275637 -0
vn -0.990268 0.139173 -0
vn -0.978148 0.207912 -0
vn -0.997564 0.0697565 -0
vn -0.990268 0.139173 -0
vn -1 -1.22465e-16 0
vn -0.997564 0.0697565 -0
vn -0.997564 -0.0697565 0
vn -1 -1.22465e-16 0
vn -0.990268 -0.139173 0
vn -0.997564 -0.0697565 0
vn -0.978148 -0.207912 0
vn -0.990268 -0.139173 0
vn -0.961262 -0.275637 0
vn -0.978148 -0.207912 0
vn -0.939693 -0.34202 0
vn -0.961262 -0.275637 0
vn -0.913545 -0.406737 0
vn -0.939693 -0.34202 0
vn -0.882948 -0.469472 0
vn -0.913545 -0.406737 0
vn -0.848048 -0.529919 0
vn -0.882948 -0.469472 0
vn -0.809017 -0.587785 0
vn -0.848048 -0.529919 0
vn -0.766044 -0.642788 0
vn -0.809017 -0.587785 0
vn -0.71934 -0.694658 0
vn -0.766044 -0.642788 0
vn -0.669131 -0.743145 0
vn -0.71934 -0.694658 0
vn -0.615661 -0.788011 0
vn -0.669131 -0.743145 0
vn -0.559193 -0.829038 0
vn -0.615661 -0.788011 0
vn -0.5 -0.866025 0
vn -0.559193 -0.829038 0
vn -0.438371 -0.898794 0
vn -0.5 -0.866025 0
vn -0.374607 -0.927184 0
vn -0.438371 -0.898794 0
vn -0.309017 -0.951057 0
vn -0.374607 -0.927184 0
vn -0.241922 -0.970296 0
vn -0.309017 -0.951057 0
vn -0.173648 -0.984808 0
vn -0.241922 -0.970296 0
vn -0.104528 -0.994522 0
vn -0.173648 -0.984808 0
vn -0.0348995 -0.999391 0
vn -0.104528 -0.994522 0
vn 0.0348995 -0.999391 -0
vn -0.0348995 -0.999391 0
vn 0.104528 -0.994522 -0
vn 0.0348995 -0.999391 -0
vn 0.173648 -0.984808 -0
vn 0.104528 -0.994522 -0
vn 0.241922 -0.970296 -0
vn 0.173648 -0.984808 -0
vn 0.309017 -0.951057 -0
vn 0.241922 -0.970296 -0
vn 0.374607 -0.927184 -0
vn 0.309017 -0.951057 -0
vn 0.438371 -0.898794 -0
vn 0.374607 -0.927184 -0
vn 0.5 -0.866025 -0
vn 0.438371 -0.898794 -0
vn 0.559193 -0.829038 -0
vn 0.5 -0.866025 -0
vn 0.615661 -0.788011 -0
vn 0.559193 -0.829038 -0
vn 0.669131 -0.743145 -0
vn 0.615661 -0.788011 -0
vn 0.71934 -0.694658 -0
vn 0.669131 -0.743145 -0
vn 0.766044 -0.642788 -0
vn 0.71934 -0.694658 -0
vn 0.809017 -0.587785 -0
vn 0.766044 -0.642788 -0
vn 0.848048 -0.529919 -0
vn 0.809017 -0.587785 -0
vn 0.882948 -0.469472 -0
vn 0.848048 -0.529919 -0
vn 0.913545 -0.406737 -0
vn 0.882948 -0.469472 -0
vn 0.939693 -0.34202 -0
vn 0.913545 -0.406737 -0
vn 0.961262 -0.275637 -0
vn 0.939693 -0.34202 -0
vn 0.978148 -0.207912 -0
vn 0.961262 -0.275637 -0
vn 0.990268 -0.139173 -0
vn 0.978148 -0.207912 -0
vn 0.997564 -0.0697565 -0
vn 0.990268 -0.139173 -0
vn 0 0 1
vn -0.997564 0.0697565 -0
vn -1 2.44929e-16 -0
vn -0.990268 0.139173 -0
vn -0.997564 0.0697565 -0
vn -0.978148 0.207912 -0
vn -0.990268 0.139173 -0
vn -0.961262 0.275637 -0
vn -0.978148 0.207912 -0
vn -0.939693 0.34202 -0
vn -0.961262 0.275637 -0
vn -0.913545 0.406737 -0
vn -0.939693 0.34202 -0
vn -0.882948 0.469472 -0
vn -0.913545 0.406737 -0
vn -0.848048 0.529919 -0
vn -0.882948 0.469472 -0
vn -0.809017 0.587785 -0
vn -0.848048 0.529919 -0
vn -0.766044 0.642788 -0
vn -0.809017 0.587785 -0
vn -0.71934 0.694658 -0
vn -0.766044 0.642788 -0
vn -0.669131 0.743145 -0
vn -0.71934 0.694658 -0
vn -0.615661 0.788011 -0
vn -0.669131 0.743145 -0
vn -0.559193 0.829038 -0
vn -0.615661 0.788011 -0
vn -0.5 0.866025 -0
vn -0.559193 0.829038 -0
vn -0.438371 0.898794 -0
vn -0.5 0.866025 -0
vn -0.374607 0.927184 -0
vn -0.438371 0.898794 -0
vn -0.309017 0.951057 -0
vn -0.374607 0.927184 -0
vn -0.241922 0.970296 -0
vn -0.309017 0.951057 -0
vn -0.173648 0.984808 -0
vn -0.241922 0.970296 -0
vn -0.104528 0.994522 -0
vn -0.173648 0.984808 -0
vn -0.0348995 0.999391 -0
vn -0.104528 0.994522 -0
vn 0.0348995 0.999391 -0
vn -0.0348995 0.999391 -0
vn 0.104528 0.994522 -0
vn 0.0348995 0.999391 -0
vn 0.173648 0.984808 -0
vn 0.104528 0.994522 -0
vn 0.241922 0.970296 -0
vn 0.173648 0.984808 -0
vn 0.309017 0.951057 -0
vn 0.241922 0.970296 -0
vn 0.374607 0.927184 -0
vn 0.309017 0.951057 -0
vn 0.438371 0.898794 -0
vn 0.374607 0.927184 -0
vn 0.5 0.866025 -0
vn 0.438371 0.898794 -0
vn 0.559193 0.829038 -0
vn 0.5 0.866025 -0
vn 0.615661 0.788011 -0
vn 0.559193 0.829038 -0
vn 0.669131 0.743145 -0
vn 0.615661 0.788011 -0
vn 0.71934 0.694658 -0
vn 0.669131 0.743145 -0
vn 0.766044 0.642788 -0
vn 0.71934 0.694658 -0
vn 0.809017 0.587785 -0
vn 0.766044 0.642788 -0
vn 0.848048 0.529919 -0
vn 0.809017 0.587785 -0
vn 0.882948 0.469472 -0
vn 0.848048 0.529919 -0
vn 0.913545 0.406737 -0
vn 0.882948 0.469472 -0
vn 0.939693 0.34202 -0
vn 0.913545 0.406737 -0
vn 0.961262 0.275637 -0
vn 0.939693 0.34202 -0
vn 0.978148 0.207912 -0
vn 0.961262 0.275637 -0
vn 0.990268 0.139173 -0
vn 0.978148 0.207912 -0
vn 0.997564 0.0697565 -0
vn 0.990268 0.139173 -0
vn 1 -1.22465e-16 -0
vn 0.997564 0.0697565 -0
vn 0.997564 -0.0697565 -0
vn 1 -1.22465e-16 -0
vn 0.990268 -0.139173 -0
vn 0.997564 -0.0697565 -0
vn 0.978148 -0.207912 -0
vn 0.990268 -0.139173 -0
vn 0.961262 -0.275637 -0
vn 0.978148 -0.207912 -0
vn 0.939693 -0.34202 -0
vn 0.961262 -0.275637 -0
vn 0.913545 -0.406737 -0
vn 0.939693 -0.34202 -0
vn 0.882948 -0.469472 -0
vn 0.913545 -0.406737 -0
vn 0.848048 -0.529919 -0
vn 0.882948 -0.469472 -0
vn 0.809017 -0.587785 -0
vn 0.848048 -0.529919 -0
vn 0.766044 -0.642788 -0
vn 0.809017 -0.587785 -0
vn 0.71934 -0.694658 -0
vn 0.766044 -0.642788 -0
vn 0.669131 -0.743145 -0
vn 0.71934 -0.694658 -0
vn 0.615661 -0.788011 -0
vn 0.669131 -0.743145 -0
vn 0.559193 -0.829038 -0
vn 0.615661 -0.788011 -0
vn 0.5 -0.866025 -0
vn 0.559193 -0.829038 -0
vn 0.438371 -0.898794 -0
vn 0.5 -0.866025 -0
vn 0.374607 -0.927184 -0
vn 0.438371 -0.898794 -0
vn 0.309017 -0.951057 -0
vn 0.374607 -0.927184 -0
vn 0.241922 -0.970296 -0
vn 0.309017 -0.951057 -0
vn 0.173648 -0.984808 -0
vn 0.241922 -0.970296 -0
vn 0.104528 -0.994522 -0
vn 0.173648 -0.984808 -0
vn 0.0348995 -0.999391 -0
vn 0.104528 -0.994522 -0
vn -0.0348995 -0.999391 0
vn 0.0348995 -0.999391 -0
vn -0.104528 -0.994522 0
vn -0.0348995 -0.999391 0
vn -0.173648 -0.984808 0
vn -0.104528 -0.994522 0
vn -0.241922 -0.970296 0
vn -0.173648 -0.984808 0
vn -0.309017 -0.951057 0
vn -0.241922 -0.970296 0
vn -0.374607 -0.927184 0
vn -0.309017 -0.951057 0
vn -0.438371 -0.898794 0
vn -0.374607 -0.927184 0
vn -0.5 -0.866025 0
vn -0.438371 -0.898794 0
vn -0.559193 -0.829038 0
vn -0.5 -0.866025 0
vn -0.615661 -0.788011 0
vn -0.559193 -0.829038 0
vn -0.669131 -0.743145 0
vn -0.615661 -0.788011 0
vn -0.71934 -0.694658 0
vn -0.669131 -0.743145 0
vn -0.766044 -0.642788 0
vn -0.71934 -0.694658 0
vn -0.809017 -0.587785 0
vn -0.766044 -0.642788 0
vn -0.848048 -0.529919 0
vn -0.809017 -0.587785 0
vn -0.882948 -0.469472 0
vn -0.848048 -0.529919 0
vn -0.913545 -0.406737 0
vn -0.882948 -0.469472 0
vn -0.939693 -0.34202 0
vn -0.913545 -0.406737 0
vn -0.961262 -0.275637 0
vn -0.939693 -0.34202 0
vn -0.978148 -0.207912 0
vn -0.961262 -0.275637 0
vn -0.990268 -0.139173 0
vn -0.978148 -0.207912 0
vn -0.997564 -0.0697565 0
vn -0.990268 -0.139173 0
vn 0.997564 0.0697565 -0
vn 1 2.44929e-16 -0
vn 0.990268 0.139173 -0
vn 0.997564 0.0697565 -0
vn 0.978148 0.207912 -0
vn 0.990268 0.139173 -0
vn 0.961262 0.275637 -0
vn 0.978148 0.207912 -0
vn 0.939693 0.34202 -0
vn 0.961262 0.275637 -0
vn 0.913545 0.406737 -0
vn 0.939693 0.34202 -0
vn 0.882948 0.469472 -0
vn 0.913545 0.406737 -0
vn 0.848048 0.529919 -0
vn 0.882948 0.469472 -0
vn 0.809017 0.587785 -0
vn 0.848048 0.529919 -0
vn 0.766044 0.642788 -0
vn 0.809017 0.587785 -0
vn 0.71934 0.694658 -0
vn 0.766044 0.642788 -0
vn 0.669131 0.743145 -0
vn 0.71934 0.694658 -0
vn 0.615661 0.788011 -0
vn 0.669131 0.743145 -0
vn 0.559193 0.829038 -0
vn 0.615661 0.788011 -0
vn 0.5 0.866025 -0
vn 0.559193 0.829038 -0
vn 0.438371 0.898794 -0
vn 0.5 0.866025 -0
vn 0.374607 0.927184 -0
vn 0.438371 0.898794 -0
vn 0.309017 0.951057 -0
vn 0.374607 0.927184 -0
vn 0.241922 0.970296 -0
vn 0.309017 0.951057 -0
vn 0.173648 0.984808 -0
vn 0.241922 0.970296 -0
vn 0.104528 0.994522 -0
vn 0.173648 0.984808 -0
vn 0.0348995 0.999391 -0
vn 0.104528 0.994522 -0
vn -0.0348995 0.999391 -0
vn 0.0348995 0.999391 -0
vn -0.104528 0.994522 -0
vn -0.0348995 0.999391 -0
vn -0.173648 0.984808 -0
vn -0.104528 0.994522 -0
vn -0.241922 0.970296 -0
vn -0.173648 0.984808 -0
vn -0.309017 0.951057 -0
vn -0.241922 0.970296 -0
vn -0.374607 0.927184 -0
vn -0.309017 0.951057 -0
vn -0.438371 0.898794 -0
vn -0.374607 0.927184 -0
vn -0.5 0.866025 -0
vn -0.438371 0.898794 -0
vn -0.559193 0.829038 -0
vn -0.5 0.866025 -0
vn -0.615661 0.788011 -0
vn -0.559193 0.829038 -0
vn -0.669131 0.743145 -0
vn -0.615661 0.788011 -0
vn -0.71934 0.694658 -0
vn -0.669131 0.743145 -0
vn -0.766044 0.642788 -0
vn -0.71934 0.694658 -0
vn -0.809017 0.587785 -0
vn -0.766044 0.642788 -0
vn -0.848048 0.529919 -0
vn -0.809017 0.587785 -0
vn -0.882948 0.469472 -0
vn -0.848048 0.529919 -0
vn -0.913545 0.406737 -0
vn -0.882948 0.469472 -0
vn -0.939693 0.34202 -0
vn -0.913545 0.406737 -0
vn -0.961262 0.275637 -0
vn -0.939693 0.34202 -0
vn -0.978148 0.207912 -0
vn -0.961262 0.275637 -0
vn -0.990268 0.139173 -0
vn -0.978148 0.207912 -0
vn -0.997564 0.0697565 -0
vn -0.990268 0.139173 -0
vn -1 -1.22465e-16 0
vn -0.997564 0.0697565 -0
vn -0.997564 -0.0697565 0
vn -1 -1.22465e-16 0
vn -0.990268 -0.139173 0
vn -0.997564 -0.0697565 0
vn -0.978148 -0.207912 0
vn -0.990268 -0.139173 0
vn -0.961262 -0.275637 0
vn -0.978148 -0.207912 0
vn -0.939693 -0.34202 0
vn -0.961262 -0.275637 0
vn -0.913545 -0.406737 0
vn -0.939693 -0.34202 0
vn -0.882948 -0.469472 0
vn -0.913545 -0.406737 0
vn -0.848048 -0.529919 0
vn -0.882948 -0.469472 0
vn -0.809017 -0.587785 0
vn -0.848048 -0.529919 0
vn -0.766044 -0.642788 0
vn -0.809017 -0.587785 0
vn -0.71934 -0.694658 0
vn -0.766044 -0.642788 0
vn -0.669131 -0.743145 0
vn -0.71934 -0.694658 0
vn -0.615661 -0.788011 0
vn -0.669131 -0.743145 0
vn -0.559193 -0.829038 0
vn -0.615661 -0.788011 0
vn -0.5 -0.866025 0
vn -0.559193 -0.829038 0
vn -0.438371 -0.898794 0
vn -0.5 -0.866025 0
vn -0.374607 -0.927184 0
vn -0.438371 -0.898794 0
vn -0.309017 -0.951057 0
vn -0.374607 -0.927184 0
vn -0.241922 -0.970296 0
vn -0.309017 -0.951057 0
vn -0.173648 -0.984808 0
vn -0.241922 -0.970296 0
vn -0.104528 -0.994522 0
vn -0.173648 -0.984808 0
vn -0.0348995 -0.999391 0
vn -0.104528 -0.994522 0
vn 0.0348995 -0.999391 -0
vn -0.0348995 -0.999391 0
vn 0.104528 -0.994522 -0
vn 0.0348995 -0.999391 -0
vn 0.173648 -0.984808 -0
vn 0.104528 -0.994522 -0
vn 0.241922 -0.970296 -0
vn 0.173648 -0.984808 -0
vn 0.309017 -0.951057 -0
vn 0.241922 -0.970296 -0
vn 0.374607 -0.927184 -0
vn 0.309017 -0.951057 -0
vn 0.438371 -0.898794 -0
vn 0.374607 -0.927184 -0
vn 0.5 -0.866025 -0
vn 0.438371 -0.898794 -0
vn 0.559193 -0.829038 -0
vn 0.5 -0.866025 -0
vn 0.615661 -0.788011 -0
vn 0.559193 -0.829038 -0
vn 0.669131 -0.743145 -0
vn 0.615661 -0.788011 -0
vn 0.71934 -0.694658 -0
vn 0.669131 -0.743145 -0
vn 0.766044 -0.642788 -0
vn 0.71934 -0.694658 -0
vn 0.809017 -0.587785 -0
vn 0.766044 -0.642788 -0
vn 0.848048 -0.529919 -0
vn 0.809017 -0.587785 -0
vn 0.882948 -0.469472 -0
vn 0.848048 -0.529919 -0
vn 0.913545 -0.406737 -0
vn 0.882948 -0.469472 -0
vn 0.939693 -0.34202 -0
vn 0.913545 -0.406737 -0
vn 0.961262 -0.275637 -0
vn 0.939693 -0.34202 -0
vn 0.978148 -0.207912 -0
vn 0.961262 -0.275637 -0
vn 0.990268 -0.139173 -0
vn 0.978148 -0.207912 -0
vn 0.997564 -0.0697565 -0
vn 0.990268 -0.139173 -0
vn 0 0 1
vn -0.997564 0.0697565 -0
vn -1 2.44929e-16 -0
vn -0.990268 0.139173 -0
vn -0.997564 0.0697565 -0
vn -0.978148 0.207912 -0
vn -0.990268 0.139173 -0
vn -0.961262 0.275637 -0
vn -0.978148 0.207912 -0
vn -0.939693 0.34202 -0
vn -0.961262 0.275637 -0
vn -0.913545 0.406737 -0
vn -0.939693 0.34202 -0
vn -0.882948 0.469472 -0
vn -0.913545 0.406737 -0
vn -0.848048 0.529919 -0
vn -0.882948 0.469472 -0
vn -0.809017 0.587785 -0
vn -0.848048 0.529919 -0
vn -0.766044 0.642788 -0
vn -0.809017 0.587785 -0
vn -0.71934 0.694658 -0
vn -0.766044 0.642788 -0
vn -0.669131 0.743145 -0
vn -0.71934 0.694658 -0
vn -0.615661 0.788011 -0
vn -0.669131 0.743145 -0
vn -0.559193 0.829038 -0
vn -0.615661 0.788011 -0
vn -0.5 0.866025 -0
vn -0.559193 0.829038 -0
vn -0.438371 0.898794 -0
vn -0.5 0.866025 -0
vn -0.374607 0.927184 -0
vn -0.438371 0.898794 -0
vn -0.309017 0.951057 -0
vn -0.374607 0.927184 -0
vn -0.241922 0.970296 -0
vn -0.309017 0.951057 -0
vn -0.173648 0.984808 -0
vn -0.241922 0.970296 -0
vn -0.104528 0.994522 -0
vn -0.173648 0.984808 -0
vn -0.0348995 0.999391 -0
vn -0.104528 0.994522 -0
vn 0.0348995 0.999391 -0
vn -0.0348995 0.999391 -0
vn 0.104528 0.994522 -0
vn 0.0348995 0.999391 -0
vn 0.173648 0.984808 -0
vn 0.104528 0.994522 -0
vn 0.241922 0.970296 -0
vn 0.173648 0.984808 -0
vn 0.309017 0.951057 -0
vn 0.241922 0.970296 -0
vn 0.374607 0.927184 -0
vn 0.309017 0.951057 -0
vn 0.438371 0.898794 -0
vn 0.374607 0.927184 -0
vn 0.5 0.866025 -0
vn 0.438371 0.898794 -0
vn 0.559193 0.829038 -0
vn 0.5 0.866025 -0
vn 0.615661 0.788011 -0
vn 0.559193 0.829038 -0
vn 0.669131 0.743145 -0
vn 0.615661 0.788011 -0
vn 0.71934 0.694658 -0
vn 0.669131 0.743145 -0
vn 0.766044 0.642788 -0
vn 0.71934 0.694658 -0
vn 0.809017 0.587785 -0
vn 0.766044 0.642788 -0
vn 0.848048 0.529919 -0
vn 0.809017 0.587785 -0
vn 0.882948 0.469472 -0
vn 0.848048 0.529919 -0
vn 0.913545 0.406737 -0
vn 0.882948 0.469472 -0
vn 0.939693 0.34202 -0
vn 0.913545 0.406737 -0
vn 0.961262 0.275637 -0
vn 0.939693 0.34202 -0
vn 0.978148 0.207912 -0
vn 0.961262 0.275637 -0
vn 0.990268 0.139173 -0
vn 0.978148 0.207912 -0
vn 0.997564 0.0697565 -0
vn 0.990268 0.139173 -0
vn 1 -1.22465e-16 -0
vn 0.997564 0.0697565 -0
vn 0.997564 -0.0697565 -0
vn 1 -1.22465e-16 -0
vn 0.990268 -0.139173 -0
vn 0.997564 -0.0697565 -0
vn 0.978148 -0.207912 -0
vn 0.990268 -0.139173 -0
vn 0.961262 -0.275637 -0
vn 0.978148 -0.207912 -0
vn 0.939693 -0.34202 -0
vn 0.961262 -0.275637 -0
vn 0.913545 -0.406737 -0
vn 0.939693 -0.34202 -0
vn 0.882948 -0.469472 -0
vn 0.913545 -0.406737 -0
vn 0.848048 -0.529919 -0
vn 0.882948 -0.469472 -0
vn 0.809017 -0.587785 -0
vn 0.848048 -0.529919 -0
vn 0.766044 -0.642788 -0
vn 0.809017 -0.587785 -0
vn 0.71934 -0.694658 -0
vn 0.766044 -0.642788 -0
vn 0.669131 -0.743145 -0
vn 0.71934 -0.694658 -0
vn 0.615661 -0.788011 -0
vn 0.669131 -0.743145 -0
vn 0.559193 -0.829038 -0
vn 0.615661 -0.788011 -0
vn 0.5 -0.866025 -0
vn 0.559193 -0.829038 -0
vn 0.438371 -0.898794 -0
vn 0.5 -0.866025 -0
vn 0.374607 -0.927184 -0
vn 0.438371 -0.898794 -0
vn 0.309017 -0.951057 -0
vn 0.374607 -0.927184 -0
vn 0.241922 -0.970296 -0
vn 0.309017 -0.951057 -0
vn 0.173648 -0.984808 -0
vn 0.241922 -0.970296 -0
vn 0.104528 -0.994522 -0
vn 0.173648 -0.984808 -0
vn 0.0348995 -0.999391 -0
vn 0.104528 -0.994522 -0
vn -0.0348995 -0.999391 0
vn 0.0348995 -0.999391 -0
vn -0.104528 -0.994522 0
vn -0.0348995 -0.999391 0
vn -0.173648 -0.984808 0
vn -0.104528 -0.994522 0
vn -0.241922 -0.970296 0
vn -0.173648 -0.984808 0
vn -0.309017 -0.951057 0
vn -0.241922 -0.970296 0
vn -0.374607 -0.927184 0
vn -0.309017 -0.951057 0
vn -0.438371 -0.898794 0
vn -0.374607 -0.927184 0
vn -0.5 -0.866025 0
vn -0.438371 -0.898794 0
vn -0.559193 -0.829038 0
vn -0.5 -0.866025 0
vn -0.615661 -0.788011 0
vn -0.559193 -0.829038 0
vn -0.669131 -0.743145 0
vn -0.615661 -0.788011 0
vn -0.71934 -0.694658 0
vn -0.669131 -0.743145 0
vn -0.766044 -0.642788 0
vn -0.71934 -0.694658 0
vn -0.809017 -0.587785 0
vn -0.766044 -0.642788 0
vn -0.848048 -0.529919 0
vn -0.809017 -0.587785 0
vn -0.882948 -0.469472 0
vn -0.848048 -0.529919 0
vn -0.913545 -0.406737 0
vn -0.882948 -0.469472 0
vn -0.939693 -0.34202 0
vn -0.913545 -0.406737 0
vn -0.961262 -0.275637 0
vn -0.939693 -0.34202 0
vn -0.978148 -0.207912 0
vn -0.961262 -0.275637 0
vn -0.990268 -0.139173 0
vn -0.978148 -0.207912 0
vn -0.997564 -0.0697565 0
vn -0.990268 -0.139173 0
vn 0.997564 0.0697565 -0
vn 1 2.44929e-16 -0
vn 0.990268 0.139173 -0
vn 0.997564 0.0697565 -0
vn 0.978148 0.207912 -0
vn 0.990268 0.139173 -0
vn 0.961262 0.275637 -0
vn 0.978148 0.207912 -0
vn 0.939693 0.34202 -0
vn 0.961262 0.275637 -0
vn 0.913545 0.406737 -0
vn 0.939693 0.34202 -0
vn 0.882948 0.469472 -0
vn 0.913545 0.406737 -0
vn 0.848048 0.529919 -0
vn 0.882948 0.469472 -0
vn 0.809017 0.587785 -0
vn 0.848048 0.529919 -0
vn 0.766044 0.642788 -0
vn 0.809017 0.587785 -0
vn 0.71934 0.694658 -0
vn 0.766044 0.642788 -0
vn 0.669131 0.743145 -0
vn 0.71934 0.694658 -0
vn 0.615661 0.788011 -0
vn 0.669131 0.743145 -0
vn 0.559193 0.829038 -0
vn 0.615661 0.788011 -0
vn 0.5 0.866025 -0
vn 0.559193 0.829038 -0
vn 0.438371 0.898794 -0
vn 0.5 0.866025 -0
vn 0.374607 0.927184 -0
vn 0.438371 0.898794 -0
vn 0.309017 0.951057 -0
vn 0.374607 0.927184 -0
vn 0.241922 0.970296 -0
vn 0.309017 0.951057 -0
vn 0.173648 0.984808 -0
vn 0.241922 0.970296 -0
vn 0.104528 0.994522 -0
vn 0.173648 0.984808 -0
vn 0.0348995 0.999391 -0
vn 0.104528 0.994522 -0
vn -0.0348995 0.999391 -0
vn 0.0348995 0.999391 -0
vn -0.104528 0.994522 -0
vn -0.0348995 0.999391 -0
vn -0.173648 0.984808 -0
vn -0.104528 0.994522 -0
vn -0.241922 0.970296 -0
vn -0.173648 0.984808 -0
vn -0.309017 0.951057 -0
vn -0.241922 0.970296 -0
vn -0.374607 0.927184 -0
vn -0.309017 0.951057 -0
vn -0.438371 0.898794 -0
vn -0.374607 0.927184 -0
vn -0.5 0.866025 -0
vn -0.438371 0.898794 -0
vn -0.559193 0.829038 -0
vn -0.5 0.866025 -0
vn -0.615661 0.788011 -0
vn -0.559193 0.829038 -0
vn -0.669131 0.743145 -0
vn -0.615661 0.788011 -0
vn -0.71934 0.694658 -0
vn -0.669131 0.743145 -0
vn -0.766044 0.642788 -0
vn -0.71934 0.694658 -0
vn -0.809017 0.587785 -0
vn -0.766044 0.642788 -0
vn -0.848048 0.529919 -0
vn -0.809017 0.587785 -0
vn -0.882948 0.469472 -0
vn -0.848048 0.529919 -0
vn -0.913545 0.406737 -0
vn -0.882948 0.469472 -0
vn -0.939693 0.34202 -0
vn -0.913545 0.406737 -0
vn -0.961262 0.275637 -0
vn -0.939693 0.34202 -0
vn -0.978148 0.207912 -0
vn -0.961262 0.275637 -0
vn -0.990268 0.139173 -0
vn -0.978148 0.207912 -0
vn -0.997564 0.0697565 -0
vn -0.990268 0.139173 -0
vn -1 -1.22465e-16 0
vn -0.997564 0.0697565 -0
vn -0.997564 -0.0697565 0
vn -1 -1.22465e-16 0
vn -0.990268 -0.139173 0
vn -0.997564 -0.0697565 0
vn -0.978148 -0.207912 0
vn -0.990268 -0.139173 0
vn -0.961262 -0.275637 0
vn -0.978148 -0.207912 0
vn -0.939693 -0.34202 0
vn -0.961262 -0.275637 0
vn -0.913545 -0.406737 0
vn -0.939693 -0.34202 0
vn -0.882948 -0.469472 0
vn -0.913545 -0.406737 0
vn -0.848048 -0.529919 0
vn -0.882948 -0.469472 0
vn -0.809017 -0.587785 0
vn -0.848048 -0.529919 0
vn -0.766044 -0.642788 0
vn -0.809017 -0.587785 0
vn -0.71934 -0.694658 0
vn -0.766044 -0.642788 0
vn -0.669131 -0.743145 0
vn -0.71934 -0.694658 0
vn -0.615661 -0.788011 0
vn -0.669131 -0.743145 0
vn -0.559193 -0.829038 0
vn -0.615661 -0.788011 0
vn -0.5 -0.866025 0
vn -0.559193 -0.829038 0
vn -0.438371 -0.898794 0
vn -0.5 -0.866025 0
vn -0.374607 -0.927184 0
vn -0.438371 -0.898794 0
vn -0.309017 -0.951057 0
vn -0.374607 -0.927184 0
vn -0.241922 -0.970296 0
vn -0.309017 -0.951057 0
vn -0.173648 -0.984808 0
vn -0.241922 -0.970296 0
vn -0.104528 -0.994522 0
vn -0.173648 -0.984808 0
vn -0.0348995 -0.999391 0
vn -0.104528 -0.994522 0
vn 0.0348995 -0.999391 -0
vn -0.0348995 -0.999391 0
vn 0.104528 -0.994522 -0
vn 0.0348995 -0.999391 -0
vn 0.173648 -0.984808 -0
vn 0.104528 -0.994522 -0
vn 0.241922 -0.970296 -0
vn 0.173648 -0.984808 -0
vn 0.309017 -0.951057 -0
vn 0.241922 -0.970296 -0
vn 0.374607 -0.927184 -0
vn 0.309017 -0.951057 -0
vn 0.438371 -0.898794 -0
vn 0.374607 -0.927184 -0
vn 0.5 -0.866025 -0
vn 0.438371 -0.898794 -0
vn 0.559193 -0.829038 -0
vn 0.5 -0.866025 -0
vn 0.615661 -0.788011 -0
vn 0.559193 -0.829038 -0
vn 0.669131 -0.743145 -0
vn 0.615661 -0.788011 -0
vn 0.71934 -0.694658 -0
vn 0.669131 -0.743145 -0
vn 0.766044 -0.642788 -0
vn 0.71934 -0.694658 -0
vn 0.809017 -0.587785 -0
vn 0.766044 -0.642788 -0
vn 0.848048 -0.529919 -0
vn 0.809017 -0.587785 -0
vn 0.882948 -0.469472 -0
vn 0.848048 -0.529919 -0
vn 0.913545 -0.406737 -0
vn 0.882948 -0.469472 -0
vn 0.939693 -0.34202 -0
vn 0.913545 -0.406737 -0
vn 0.961262 -0.275637 -0
vn 0.939693 -0.34202 -0
vn 0.978148 -0.207912 -0
vn 0.961262 -0.275637 -0
vn 0.990268 -0.139173 -0
vn 0.978148 -0.207912 -0
vn 0.997564 -0.0697565 -0
vn 0.990268 -0.139173 -0
vn 0 0 1
vn -0.997564 0.0697565 -0
vn -1 2.44929e-16 -0
vn -0.990268 0.139173 -0
vn -0.997564 0.0697565 -0
vn -0.978148 0.207912 -0
vn -0.990268 0.139173 -0
vn -0.961262 0.275637 -0
vn -0.978148 0.207912 -0
vn -0.939693 0.34202 -0
vn -0.961262 0.275637 -0
vn -0.913545 0.406737 -0
vn -0.939693 0.34202 -0
vn -0.882948 0.469472 -0
vn -0.913545 0.406737 -0
vn -0.848048 0.529919 -0
vn -0.882948 0.469472 -0
vn -0.809017 0.587785 -0
vn -0.848048 0.529919 -0
vn -0.766044 0.642788 -0
vn -0.809017 0.587785 -0
vn -0.71934 0.694658 -0
vn -0.766044 0.642788 -0
vn -0.669131 0.743145 -0
vn -0.71934 0.694658 -0
vn -0.615661 0.788011 -0
vn -0.669131 0.743145 -0
vn -0.559193 0.829038 -0
vn -0.615661 0.788011 -0
vn -0.5 0.866025 -0
vn -0.559193 0.829038 -0
vn -0.438371 0.898794 -0
vn -0.5 0.866025 -0
vn -0.374607 0.927184 -0
vn -0.438371 0.898794 -0
vn -0.309017 0.951057 -0
vn -0.374607 0.927184 -0
vn -0.241922 0.970296 -0
vn -0.309017 0.951057 -0
vn -0.173648 0.984808 -0
vn -0.241922 0.970296 -0
vn -0.104528 0.994522 -0
vn -0.173648 0.984808 -0
vn -0.0348995 0.999391 -0
vn -0.104528 0.994522 -0
vn 0.0348995 0.999391 -0
vn -0.0348995 0.999391 -0
vn 0.104528 0.994522 -0
vn 0.0348995 0.999391 -0
vn 0.173648 0.984808 -0
vn 0.104528 0.994522 -0
vn 0.241922 0.970296 -0
vn 0.173648 0.984808 -0
vn 0.309017 0.951057 -0
vn 0.241922 0.970296 -0
vn 0.374607 0.927184 -0
vn 0.309017 0.951057 -0
vn 0.438371 0.898794 -0
vn 0.374607 0.927184 -0
vn 0.5 0.866025 -0
vn 0.438371 0.898794 -0
vn 0.559193 0.829038 -0
vn 0.5 0.866025 -0
vn 0.615661 0.788011 -0
vn 0.559193 0.829038 -0
vn 0.669131 0.743145 -0
vn 0.615661 0.788011 -0
vn 0.71934 0.694658 -0
vn 0.669131 0.743145 -0
vn 0.766044 0.642788 -0
vn 0.71934 0.694658 -0
vn 0.809017 0.587785 -0
vn 0.766044 0.642788 -0
vn 0.848048 0.529919 -0
vn 0.809017 0.587785 -0
vn 0.882948 0.469472 -0
vn 0.848048 0.529919 -0
vn 0.913545 0.406737 -0
vn 0.882948 0.469472 -0
vn 0.939693 0.34202 -0
vn 0.913545 0.406737 -0
vn 0.961262 0.275637 -0
vn 0.939693 0.34202 -0
vn 0.978148 0.207912 -0
vn 0.961262 0.275637 -0
vn 0.990268 0.139173 -0
vn 0.978148 0.207912 -0
vn 0.997564 0.0697565 -0
vn 0.990268 0.139173 -0
vn 1 -1.22465e-16 -0
vn 0.997564 0.0697565 -0
vn 0.997564 -0.0697565 -0
vn 1 -1.22465e-16 -0
vn 0.990268 -0.139173 -0
vn 0.997564 -0.0697565 -0
vn 0.978148 -0.207912 -0
vn 0.990268 -0.139173 -0
vn 0.961262 -0.275637 -0
vn 0.978148 -0.207912 -0
vn 0.939693 -0.34202 -0
vn 0.961262 -0.275637 -0
vn 0.913545 -0.406737 -0
vn 0.939693 -0.34202 -0
vn 0.882948 -0.469472 -0
vn 0.913545 -0.406737 -0
vn 0.848048 -0.529919 -0
vn 0.882948 -0.469472 -0
vn 0.809017 -0.587785 -0
vn 0.848048 -0.529919 -0
vn 0.766044 -0.642788 -0
vn 0.809017 -0.587785 -0
vn 0.71934 -0.694658 -0
vn 0.766044 -0.642788 -0
vn 0.669131 -0.743145 -0
vn 0.71934 -0.694658 -0
vn 0.615661 -0.788011 -0
vn 0.669131 -0.743145 -0
vn 0.559193 -0.829038 -0
vn 0.615661 -0.788011 -0
vn 0.5 -0.866025 -0
vn 0.559193 -0.829038 -0
vn 0.438371 -0.898794 -0
vn 0.5 -0.866025 -0
vn 0.374607 -0.927184 -0
vn 0.438371 -0.898794 -0
vn 0.309017 -0.951057 -0
vn 0.374607 -0.927184 -0
vn 0.241922 -0.970296 -0
vn 0.309017 -0.951057 -0
vn 0.173648 -0.984808 -0
vn 0.241922 -0.970296 -0
vn 0.104528 -0.994522 -0
vn 0.173648 -0.984808 -0
vn 0.0348995 -0.999391 -0
vn 0.104528 -0.994522 -0
vn -0.0348995 -0.999391 0
vn 0.0348995 -0.999391 -0
vn -0.104528 -0.994522 0
vn -0.0348995 -0.999391 0
vn -0.173648 -0.984808 0
vn -0.104528 -0.994522 0
vn -0.241922 -0.970296 0
vn -0.173648 -0.984808 0
vn -0.309017 -0.951057 0
vn -0.241922 -0.970296 0
vn -0.374607 -0.927184 0
vn -0.309017 -0.951057 0
vn -0.438371 -0.898794 0
vn -0.374607 -0.927184 0
vn -0.5 -0.866025 0
vn -0.438371 -0.898794 0
vn -0.559193 -0.829038 0
vn -0.5 -0.866025 0
vn -0.615661 -0.788011 0
vn -0.559193 -0.829038 0
vn -0.669131 -0.743145 0
vn -0.615661 -0.788011 0
vn -0.71934 -0.694658 0
vn -0.669131 -0.743145 0
vn -0.766044 -0.642788 0
vn -0.71934 -0.694658 0
vn -0.809017 -0.587785 0
vn -0.766044 -0.642788 0
vn -0.848048 -0.529919 0
vn -0.809017 -0.587785 0
vn -0.882948 -0.469472 0
vn -0.848048 -0.529919 0
vn -0.913545 -0.406737 0
vn -0.882948 -0.469472 0
vn -0.939693 -0.34202 0
vn -0.913545 -0.406737 0
vn -0.961262 -0.275637 0
vn -0.939693 -0.34202 0
vn -0.978148 -0.207912 0
vn -0.961262 -0.275637 0
vn -0.990268 -0.139173 0
vn -0.978148 -0.207912 0
vn -0.997564 -0.0697565 0
vn -0.990268 -0.139173 0
vn 0.997564 0.0697565 -0
vn 1 2.44929e-16 -0
vn 0.990268 0.139173 -0
vn 0.997564 0.0697565 -0
vn 0.978148 0.207912 -0
vn 0.990268 0.139173 -0
vn 0.961262 0.275637 -0
vn 0.978148 0.207912 -0
vn 0.939693 0.34202 -0
vn 0.961262 0.275637 -0
vn 0.913545 0.406737 -0
vn 0.939693 0.34202 -0
vn 0.882948 0.469472 -0
vn 0.913545 0.406737 -0
vn 0.848048 0.529919 -0
vn 0.882948 0.469472 -0
vn 0.809017 0.587785 -0
vn 0.848048 0.529919 -0
vn 0.766044 0.642788 -0
vn 0.809017 0.587785 -0
vn 0.71934 0.694658 -0
vn 0.766044 0.642788 -0
vn 0.669131 0.743145 -0
vn 0.71934 0.694658 -0
vn 0.615661 0.788011 -0
vn 0.669131 0.743145 -0
vn 0.559193 0.829038 -0
vn 0.615661 0.788011 -0
vn 0.5 0.866025 -0
vn 0.559193 0.829038 -0
vn 0.438371 0.898794 -0
vn 0.5 0.866025 -0
vn 0.374607 0.927184 -0
vn 0.438371 0.898794 -0
vn 0.309017 0.951057 -0
vn 0.374607 0.927184 -0
vn 0.241922 0.970296 -0
vn 0.309017 0.951057 -0
vn 0.173648 0.984808 -0
vn 0.241922 0.970296 -0
vn 0.104528 0.994522 -0
vn 0.173648 0.984808 -0
vn 0.0348995 0.999391 -0
vn 0.104528 0.994522 -0
vn -0.0348995 0.999391 -0
vn 0.0348995 0.999391 -0
vn -0.104528 0.994522 -0
vn -0.0348995 0.999391 -0
vn -0.173648 0.984808 -0
vn -0.104528 0.994522 -0
vn -0.241922 0.970296 -0
vn -0.173648 0.984808 -0
vn -0.309017 0.951057 -0
vn -0.241922 0.970296 -0
vn -0.374607 0.927184 -0
vn -0.309017 0.951057 -0
vn -0.438371 0.898794 -0
vn -0.374607 0.927184 -0
vn -0.5 0.866025 -0
vn -0.438371 0.898794 -0
vn -0.559193 0.829038 -0
vn -0.5 0.866025 -0
vn -0.615661 0.788011 -0
vn -0.559193 0.829038 -0
vn -0.669131 0.743145 -0
vn -0.615661 0.788011 -0
vn -0.71934 0.694658 -0
vn -0.669131 0.743145 -0
vn -0.766044 0.642788 -0
vn -0.71934 0.694658 -0
vn -0.809017 0.587785 -0
vn -0.766044 0.642788 -0
vn -0.848048 0.529919 -0
vn -0.809017 0.587785 -0
vn -0.882948 0.469472 -0
vn -0.848048 0.529919 -0
vn -0.913545 0.406737 -0
vn -0.882948 0.469472 -0
vn -0.939693 0.34202 -0
vn -0.913545 0.406737 -0
vn -0.961262 0.275637 -0
vn -0.939693 0.34202 -0
vn -0.978148 0.207912 -0
vn -0.961262 0.275637 -0
vn -0.990268 0.139173 -0
vn -0.978148 0.207912 -0
vn -0.997564 0.0697565 -0
vn -0.990268 0.139173 -0
vn -1 -1.22465e-16 0
vn -0.997564 0.0697565 -0
vn -0.997564 -0.0697565 0
vn -1 -1.22465e-16 0
vn -0.990268 -0.139173 0
vn -0.997564 -0.0697565 0
vn -0.978148 -0.207912 0
vn -0.990268 -0.139173 0
vn -0.961262 -0.275637 0
vn -0.978148 -0.207912 0
vn -0.939693 -0.34202 0
vn -0.961262 -0.275637 0
vn -0.913545 -0.406737 0
vn -0.939693 -0.34202 0
vn -0.882948 -0.469472 0
vn -0.913545 -0.406737 0
vn -0.848048 -0.529919 0
vn -0.882948 -0.469472 0
vn -0.809017 -0.587785 0
vn -0.848048 -0.529919 0
vn -0.766044 -0.642788 0
vn -0.809017 -0.587785 0
vn -0.71934 -0.694658 0
vn -0.766044 -0.642788 0
vn -0.669131 -0.743145 0
vn -0.71934 -0.694658 0
vn -0.615661 -0.788011 0
vn -0.669131 -0.743145 0
vn -0.559193 -0.829038 0
vn -0.615661 -0.788011 0
vn -0.5 -0.866025 0
vn -0.559193 -0.829038 0
vn -0.438371 -0.898794 0
vn -0.5 -0.866025 0
vn -0.374607 -0.927184 0
vn -0.438371 -0.898794 0
vn -0.309017 -0.951057 0
vn -0.374607 -0.927184 0
vn -0.241922 -0.970296 0
vn -0.309017 -0.951057 0
vn -0.173648 -0.984808 0
vn -0.241922 -0.970296 0
vn -0.104528 -0.994522 0
vn -0.173648 -0.984808 0
vn -0.0348995 -0.999391 0
vn -0.104528 -0.994522 0
vn 0.0348995 -0.999391 -0
vn -0.0348995 -0.999391 0
vn 0.104528 -0.994522 -0
vn 0.0348995 -0.999391 -0
vn 0.173648 -0.984808 -0
vn 0.104528 -0.994522 -0
vn 0.241922 -0.970296 -0
vn 0.173648 -0.984808 -0
vn 0.309017 -0.951057 -0
vn 0.241922 -0.970296 -0
vn 0.374607 -0.927184 -0
vn 0.309017 -0.951057 -0
vn 0.438371 -0.898794 -0
vn 0.374607 -0.927184 -0
vn 0.5 -0.866025 -0
vn 0.438371 -0.898794 -0
vn 0.559193 -0.829038 -0
vn 0.5 -0.866025 -0
vn 0.615661 -0.788011 -0
vn 0.559193 -0.829038 -0
vn 0.669131 -0.743145 -0
vn 0.615661 -0.788011 -0
vn 0.71934 -0.694658 -0
vn 0.669131 -0.743145 -0
vn 0.766044 -0.642788 -0
vn 0.71934 -0.694658 -0
vn 0.809017 -0.587785 -0
vn 0.766044 -0.642788 -0
vn 0.848048 -0.529919 -0
vn 0.809017 -0.587785 -0
vn 0.882948 -0.469472 -0
vn 0.848048 -0.529919 -0
vn 0.913545 -0.406737 -0
vn 0.882948 -0.469472 -0
vn 0.939693 -0.34202 -0
vn 0.913545 -0.406737 -0
vn 0.961262 -0.275637 -0
vn 0.939693 -0.34202 -0
vn 0.978148 -0.207912 -0
vn 0.961262 -0.275637 -0
vn 0.990268 -0.139173 -0
vn 0.978148 -0.207912 -0
vn 0.997564 -0.0697565 -0
vn 0.990268 -0.139173 -0
vn 0 0 1
vn -0.997564 0.0697565 -0
vn -1 2.44929e-16 -0
vn -0.990268 0.139173 -0
vn -0.997564 0.0697565 -0
vn -0.978148 0.207912 -0
vn -0.990268 0.139173 -0
vn -0.961262 0.275637 -0
vn -0.978148 0.207912 -0
vn -0.939693 0.34202 -0
vn -0.961262 0.275637 -0
vn -0.913545 0.406737 -0
vn -0.939693 0.34202 -0
vn -0.882948 0.469472 -0
vn -0.913545 0.406737 -0
vn -0.848048 0.529919 -0
vn -0.882948 0.469472 -0
vn -0.809017 0.587785 -0
vn -0.848048 0.529919 -0
vn -0.766044 0.642788 -0
vn -0.809017 0.587785 -0
vn -0.71934 0.694658 -0
vn -0.766044 0.642788 -0
vn -0.669131 0.743145 -0
vn -0.71934 0.694658 -0
vn -0.615661 0.788011 -0
vn -0.669131 0.743145 -0
vn -0.559193 0.829038 -0
vn -0.615661 0.788011 -0
vn -0.5 0.866025 -0
vn -0.559193 0.829038 -0
vn -0.438371 0.898794 -0
vn -0.5 0.866025 -0
vn -0.374607 0.927184 -0
vn -0.438371 0.898794 -0
vn -0.309017 0.951057 -0
vn -0.374607 0.927184 -0
vn -0.241922 0.970296 -0
vn -0.309017 0.951057 -0
vn -0.173648 0.984808 -0
vn -0.241922 0.970296 -0
vn -0.104528 0.994522 -0
vn -0.173648 0.984808 -0
vn -0.0348995 0.999391 -0
vn -0.104528 0.994522 -0
vn 0.0348995 0.999391 -0
vn -0.0348995 0.999391 -0
vn 0.104528 0.994522 -0
vn 0.0348995 0.999391 -0
vn 0.173648 0.984808 -0
vn 0.104528 0.994522 -0
vn 0.241922 0.970296 -0
vn 0.173648 0.984808 -0
vn 0.309017 0.951057 -0
vn 0.241922 0.970296 -0
vn 0.374607 0.927184 -0
vn 0.309017 0.951057 -0
vn 0.438371 0.898794 -0
vn 0.374607 0.927184 -0
vn 0.5 0.866025 -0
vn 0.438371 0.898794 -0
vn 0.559193 0.829038 -0
vn 0.5 0.866025 -0
vn 0.615661 0.788011 -0
vn 0.559193 0.829038 -0
vn 0.669131 0.743145 -0
vn 0.615661 0.788011 -0
vn 0.71934 0.694658 -0
vn 0.669131 0.743145 -0
vn 0.766044 0.642788 -0
vn 0.71934 0.694658 -0
vn 0.809017 0.587785 -0
vn 0.766044 0.642788 -0
vn 0.848048 0.529919 -0
vn 0.809017 0.587785 -0
vn 0.882948 0.469472 -0
vn 0.848048 0.529919 -0
vn 0.913545 0.406737 -0
vn 0.882948 0.469472 -0
vn 0.939693 0.34202 -0
vn 0.913545 0.406737 -0
vn 0.961262 0.275637 -0
vn 0.939693 0.34202 -0
vn 0.978148 0.207912 -0
vn 0.961262 0.275637 -0
vn 0.990268 0.139173 -0
vn 0.978148 0.207912 -0
vn 0.997564 0.0697565 -0
vn 0.990268 0.139173 -0
vn 1 -1.22465e-16 -0
vn 0.997564 0.0697565 -0
vn 0.997564 -0.0697565 -0
vn 1 -1.22465e-16 -0
vn 0.990268 -0.139173 -0
vn 0.997564 -0.0697565 -0
vn 0.978148 -0.207912 -0
vn 0.990268 -0.139173 -0
vn 0.961262 -0.275637 -0
vn 0.978148 -0.207912 -0
vn 0.939693 -0.34202 -0
vn 0.961262 -0.275637 -0
vn 0.913545 -0.406737 -0
vn 0.939693 -0.34202 -0
vn 0.882948 -0.469472 -0
vn 0.913545 -0.406737 -0
vn 0.848048 -0.529919 -0
vn 0.882948 -0.469472 -0
vn 0.809017 -0.587785 -0
vn 0.848048 -0.529919 -0
vn 0.766044 -0.642788 -0
vn 0.809017 -0.587785 -0
vn 0.71934 -0.694658 -0
vn 0.766044 -0.642788 -0
vn 0.669131 -0.743145 -0
vn 0.71934 -0.694658 -0
vn 0.615661 -0.788011 -0
vn 0.669131 -0.743145 -0
vn 0.559193 -0.829038 -0
vn 0.615661 -0.788011 -0
vn 0.5 -0.866025 -0
vn 0.559193 -0.829038 -0
vn 0.438371 -0.898794 -0
vn 0.5 -0.866025 -0
vn 0.374607 -0.927184 -0
vn 0.438371 -0.898794 -0
vn 0.309017 -0.951057 -0
vn 0.374607 -0.927184 -0
vn 0.241922 -0.970296 -0
vn 0.309017 -0.951057 -0
vn 0.173648 -0.984808 -0
vn 0.241922 -0.970296 -0
vn 0.104528 -0.994522 -0
vn 0.173648 -0.984808 -0
vn 0.0348995 -0.999391 -0
vn 0.104528 -0.994522 -0
vn -0.0348995 -0.999391 0
vn 0.0348995 -0.999391 -0
vn -0.104528 -0.994522 0
vn -0.0348995 -0.999391 0
vn -0.173648 -0.984808 0
vn -0.104528 -0.994522 0
vn -0.241922 -0.970296 0
vn -0.173648 -0.984808 0
vn -0.309017 -0.951057 0
vn -0.241922 -0.970296 0
vn -0.374607 -0.927184 0
vn -0.309017 -0.951057 0
vn -0.438371 -0.898794 0
vn -0.374607 -0.927184 0
vn -0.5 -0.866025 0
vn -0.438371 -0.898794 0
vn -0.559193 -0.829038 0
vn -0.5 -0.866025 0
vn -0.615661 -0.788011 0
vn -0.559193 -0.829038 0
vn -0.669131 -0.743145 0
vn -0.615661 -0.788011 0
vn -0.71934 -0.694658 0
vn -0.669131 -0.743145 0
vn -0.766044 -0.642788 0
vn -0.71934 -0.694658 0
vn -0.809017 -0.587785 0
vn -0.766044 -0.642788 0
vn -0.848048 -0.529919 0
vn -0.809017 -0.587785 0
vn -0.882948 -0.469472 0
vn -0.848048 -0.529919 0
vn -0.913545 -0.406737 0
vn -0.882948 -0.469472 0
vn -0.939693 -0.34202 0
vn -0.913545 -0.406737 0
vn -0.961262 -0.275637 0
vn -0.939693 -0.34202 0
vn -0.978148 -0.207912 0
vn -0.961262 -0.275637 0
vn -0.990268 -0.139173 0
vn -0.978148 -0.207912 0
vn -0.997564 -0.0697565 0
vn -0.990268 -0.139173 0
vn 0 0 -1
vn 1 0 0
vn 0.997564 0.0697565 0
vn 0.990268 0.139173 0
vn 0.978148 0.207912 0
vn 0.961262 0.275637 0
vn 0.939693 0.34202 0
vn 0.913545 0.406737 0
vn 0.882948 0.469472 0
vn 0.848048 0.529919 0
vn 0.809017 0.587785 0
vn 0.766044 0.642788 0
vn 0.71934 0.694658 0
vn 0.669131 0.743145 0
vn 0.615661 0.788011 0
vn 0.559193 0.829038 0
vn 0.5 0.866025 0
vn 0.438371 0.898794 0
vn 0.374607 0.927184 0
vn 0.309017 0.951057 0
vn 0.241922 0.970296 0
vn 0.173648 0.984808 0
vn 0.104528 0.994522 0
vn 0.0348995 0.999391 0
vn -0.0348995 0.999391 0
vn -0.104528 0.994522 0
vn -0.173648 0.984808 0
vn -0.241922 0.970296 0
vn -0.309017 0.951057 0
vn -0.374607 0.927184 0
vn -0.438371 0.898794 0
vn -0.5 0.866025 0
vn -0.559193 0.829038 0
vn -0.615661 0.788011 0
vn -0.669131 0.743145 0
vn -0.71934 0.694658 0
vn -0.766044 0.642788 0
vn -0.809017 0.587785 0
vn -0.848048 0.529919 0
vn -0.882948 0.469472 0
vn -0.913545 0.406737 0
vn -0.939693 0.34202 0
vn -0.961262 0.275637 0
vn -0.978148 0.207912 0
vn -0.990268 0.139173 0
vn -0.997564 0.0697565 0
vn -1 1.22465e-16 0
vn -0.997564 -0.0697565 -0
vn -0.990268 -0.139173 -0
vn -0.978148 -0.207912 -0
vn -0.961262 -0.275637 -0
vn -0.939693 -0.34202 -0
vn -0.913545 -0.406737 -0
vn -0.882948 -0.469472 -0
vn -0.848048 -0.529919 -0
vn -0.809017 -0.587785 -0
vn -0.766044 -0.642788 -0
vn -0.71934 -0.694658 -0
vn -0.669131 -0.743145 -0
vn -0.615661 -0.788011 -0
vn -0.559193 -0.829038 -0
vn -0.5 -0.866025 -0
vn -0.438371 -0.898794 -0
vn -0.374607 -0.927184 -0
vn -0.309017 -0.951057 -0
vn -0.241922 -0.970296 -0
vn -0.173648 -0.984808 -0
vn -0.104528 -0.994522 -0
vn -0.0348995 -0.999391 -0
vn 0.0348995 -0.999391 0
vn 0.104528 -0.994522 0
vn 0.173648 -0.984808 0
vn 0.241922 -0.970296 0
vn 0.309017 -0.951057 0
vn 0.374607 -0.927184 0
vn 0.438371 -0.898794 0
vn 0.5 -0.866025 0
vn 0.559193 -0.829038 0
vn 0.615661 -0.788011 0
vn 0.669131 -0.743145 0
vn 0.71934 -0.694658 0
vn 0.766044 -0.642788 0
vn 0.809017 -0.587785 0
vn 0.848048 -0.529919 0
vn 0.882948 -0.469472 0
vn 0.913545 -0.406737 0
vn 0.939693 -0.34202 0
vn 0.961262 -0.275637 0
vn 0.978148 -0.207912 0
vn 0.990268 -0.139173 0
vn 0.997564 -0.0697565 0
vn 0 0 -1
vt -138.23 0.0682955
vt -138.23 0
vt -138.16 0
vt -138.16 0.0682955
vt -138.09 0
vt -138.09 0.0682955
vt -138.021 0
vt -138.021 0.0682955
vt -137.951 0
vt -137.951 0.0682955
vt -137.881 0
vt -137.881 0.0682955
vt -137.811 0
vt -137.811 0.0682955
vt -137.741 0
vt -137.741 0.0682955
vt -137.672 0
vt -137.672 0.0682955
vt -137.602 0
vt -137.602 0.0682955
vt -137.532 0
vt -137.532 0.0682955
vt -137.462 0
vt -137.462 0.0682955
vt -137.392 0
vt -137.392 0.0682955
vt -137.323 0
vt -137.323 0.0682955
vt -137.253 0
vt -137.253 0.0682955
vt -137.183 0
vt -137.183 0.0682955
vt -137.113 0
vt -137.113 0.0682955
vt -137.043 0
vt -137.043 0.0682955
vt -136.973 0
vt -136.973 0.0682955
vt -136.904 0
vt -136.904 0.0682955
vt -136.834 0
vt -136.834 0.0682955
vt -136.764 0
vt -136.764 0.0682955
vt -136.694 0
vt -136.694 0.0682955
vt -136.624 0
vt -136.624 0.0682955
vt -136.555 0
vt -136.555 0.0682955
vt -136.485 0
vt -136.485 0.0682955
vt -136.415 0
vt -136.415 0.0682955
vt -136.345 0
vt -136.345 0.0682955
vt -136.275 0
vt -136.275 0.0682955
vt -136.205 0
vt -136.205 0.0682955
vt -136.136 0
vt -136.136 0.0682955
vt -136.066 0
vt -136.066 0.0682955
vt -135.996 0
vt -135.996 0.0682955
vt -135.926 0
vt -135.926 0.0682955
vt -135.856 0
vt -135.856 0.0682955
vt -135.787 0
vt -135.787 0.0682955
vt -135.717 0
vt -135.717 0.0682955
vt -135.647 0
vt -135.647 0.0682955
vt -135.577 0
vt -135.577 0.0682955
vt -135.507 0
vt -135.507 0.0682955
vt -135.438 0
vt -135.438 0.0682955
vt -135.368 0
vt -135.368 0.0682955
vt -135.298 0
vt -135.298 0.0682955
vt -135.228 0
vt -135.228 0.0682955
vt -135.158 0
vt -135.158 0.0682955
vt -135.088 0
vt -135.088 0.0682955
vt -135.019 0
vt -135.019 0.0682955
vt -134.949 0
vt -134.949 0.0682955
vt -134.879 0
vt -134.879 0.0682955
vt -134.809 0
vt -134.809 0.0682955
vt -134.739 0
vt -134.739 0.0682955
vt -134.67 0
vt -134.67 0.0682955
vt -134.6 0
vt -134.6 0.0682955
vt -134.53 0
vt -134.53 0.0682955
vt -134.46 0
vt -134.46 0.0682955
vt -134.39 0
vt -134.39 0.0682955
vt -134.321 0
vt -134.321 0.0682955
vt -134.251 0
vt -134.251 0.0682955
vt -134.181 0
vt -134.181 0.0682955
vt -134.111 0
vt -134.111 0.0682955
vt -134.041 0
vt -134.041 0.0682955
vt -133.971 0
vt -133.971 0.0682955
vt -133.902 0
vt -133.902 0.0682955
vt -133.832 0
vt -133.832 0.0682955
vt -133.762 0
vt -133.762 0.0682955
vt -133.692 0
vt -133.692 0.0682955
vt -133.622 0
vt -133.622 0.0682955
vt -133.553 0
vt -133.553 0.0682955
vt -133.483 0
vt -133.483 0.0682955
vt -133.413 0
vt -133.413 0.0682955
vt -133.343 0
vt -133.343 0.0682955
vt -133.273 0
vt -133.273 0.0682955
vt -133.204 0
vt -133.204 0.0682955
vt -133.134 0
vt -133.134 0.0682955
vt -133.064 0
vt -133.064 0.0682955
vt -132.994 0
vt -132.994 0.0682955
vt -132.924 0
vt -132.924 0.0682955
vt -132.854 0
vt -132.854 0.0682955
vt -132.785 0
vt -132.785 0.0682955
vt -132.715 0
vt -132.715 0.0682955
vt -132.645 0
vt -132.645 0.0682955
vt -132.575 0
vt -132.575 0.0682955
vt -132.505 0
vt -132.505 0.0682955
vt -132.436 0
vt -132.436 0.0682955
vt -132.366 0
vt -132.366 0.0682955
vt -132.296 0
vt -132.296 0.0682955
vt -132.226 0
vt -132.226 0.0682955
vt -132.156 0
vt -132.156 0.0682955
vt -132.087 0
vt -132.087 0.0682955
vt -132.017 0
vt -132.017 0.0682955
vt -131.947 0.136591
vt -131.877 0.136591
vt -131.807 0.136591
vt -131.737 0.136591
vt -131.668 0.136591
vt -131.598 0.136591
vt -131.528 0.136591
vt -131.458 0.136591
vt -131.388 0.136591
vt -131.319 0.136591
vt -131.249 0.136591
vt -131.179 0.136591
vt -131.109 0.136591
vt -131.039 0.136591
vt -130.97 0.136591
vt -130.9 0.136591
vt -130.83 0.136591
vt -130.76 0.136591
vt -130.69 0.136591
vt -130.62 0.136591
vt -130.551 0.136591
vt -130.481 0.136591
vt -130.411 0.136591
vt -130.341 0.136591
vt -130.271 0.136591
vt -130.202 0.136591
vt -130.132 0.136591
vt -130.062 0.136591
vt -129.992 0.136591
vt -129.922 0.136591
vt -129.852 0.136591
vt -129.783 0.136591
vt -129.713 0.136591
vt -129.643 0.136591
vt -129.573 0.136591
vt -129.503 0.136591
vt -129.434 0.136591
vt -129.364 0.136591
vt -129.294 0.136591
vt -129.224 0.136591
vt -129.154 0.136591
vt -129.085 0.136591
vt -129.015 0.136591
vt -128.945 0.136591
vt -128.875 0.136591
vt -128.805 0.136591
vt -128.735 0.136591
vt -128.666 0.136591
vt -128.596 0.136591
vt -128.526 0.136591
vt -128.456 0.136591
vt -128.386 0.136591
vt -128.317 0.136591
vt -128.247 0.136591
vt -128.177 0.136591
vt -128.107 0.136591
vt -128.037 0.136591
vt -127.968 0.136591
vt -127.898 0.136591
vt -127.828 0.136591
vt -127.758 0.136591
vt -127.688 0.136591
vt -127.618 0.136591
vt -127.549 0.136591
vt -127.479 0.136591
vt -127.409 0.136591
vt -127.339 0.136591
vt -127.269 0.136591
vt -127.2 0.136591
vt -127.13 0.136591
vt -127.06 0.136591
vt -126.99 0.136591
vt -126.92 0.136591
vt -126.851 0.136591
vt -126.781 0.136591
vt -126.711 0.136591
vt -126.641 0.136591
vt -126.571 0.136591
vt -126.501 0.136591
vt -126.432 0.136591
vt -126.362 0.136591
vt -126.292 0.136591
vt -126.222 0.136591
vt -126.152 0.136591
vt -126.083 0.136591
vt -126.013 0.136591
vt -125.943 0.136591
vt -125.873 0.136591
vt -125.803 0.136591
vt -125.734 0.136591
vt -125.664 0.204886
vt -125.594 0.204886
vt -125.524 0.204886
vt -125.454 0.204886
vt -125.384 0.204886
vt -125.315 0.204886
vt -125.245 0.204886
vt -125.175 0.204886
vt -125.105 0.204886
vt -125.035 0.204886
vt -124.966 0.204886
vt -124.896 0.204886
vt -124.826 0.204886
vt -124.756 0.204886
vt -124.686 0.204886
vt -124.617 0.204886
vt -124.547 0.204886
vt -124.477 0.204886
vt -124.407 0.204886
vt -124.337 0.204886
vt -124.267 0.204886
vt -124.198 0.204886
vt -124.128 0.204886
vt -124.058 0.204886
vt -123.988 0.204886
vt -123.918 0.204886
vt -123.849 0.204886
vt -123.779 0.204886
vt -123.709 0.204886
vt -123.639 0.204886
vt -123.569 0.204886
vt -123.499 0.204886
vt -123.43 0.204886
vt -123.36 0.204886
vt -123.29 0.204886
vt -123.22 0.204886
vt -123.15 0.204886
vt -123.081 0.204886
vt -123.011 0.204886
vt -122.941 0.204886
vt -122.871 0.204886
vt -122.801 0.204886
vt -122.732 0.204886
vt -122.662 0.204886
vt -122.592 0.204886
vt -122.522 0.204886
vt -122.452 0.204886
vt -122.382 0.204886
vt -122.313 0.204886
vt -122.243 0.204886
vt -122.173 0.204886
vt -122.103 0.204886
vt -122.033 0.204886
vt -121.964 0.204886
vt -121.894 0.204886
vt -121.824 0.204886
vt -121.754 0.204886
vt -121.684 0.204886
vt -121.615 0.204886
vt -121.545 0.204886
vt -121.475 0.204886
vt -121.405 0.204886
vt -121.335 0.204886
vt -121.265 0.204886
vt -121.196 0.204886
vt -121.126 0.204886
vt -121.056 0.204886
vt -120.986 0.204886
vt -120.916 0.204886
vt -120.847 0.204886
vt -120.777 0.204886
vt -120.707 0.204886
vt -120.637 0.204886
vt -120.567 0.204886
vt -120.498 0.204886
vt -120.428 0.204886
vt -120.358 0.204886
vt -120.288 0.204886
vt -120.218 0.204886
vt -120.148 0.204886
vt -120.079 0.204886
vt -120.009 0.204886
vt -119.939 0.204886
vt -119.869 0.204886
vt -119.799 0.204886
vt -119.73 0.204886
vt -119.66 0.204886
vt -119.59 0.204886
vt -119.52 0.204886
vt -119.45 0.204886
vt -119.381 0.273182
vt -119.311 0.273182
vt -119.241 0.273182
vt -119.171 0.273182
vt -119.101 0.273182
vt -119.031 0.273182
vt -118.962 0.273182
vt -118.892 0.273182
vt -118.822 0.273182
vt -118.752 0.273182
vt -118.682 0.273182
vt -118.613 0.273182
vt -118.543 0.273182
vt -118.473 0.273182
vt -118.403 0.273182
vt -118.333 0.273182
vt -118.264 0.273182
vt -118.194 0.273182
vt -118.124 0.273182
vt -118.054 0.273182
vt -117.984 0.273182
vt -117.914 0.273182
vt -117.845 0.273182
vt -117.775 0.273182
vt -117.705 0.273182
vt -117.635 0.273182
vt -117.565 0.273182
vt -117.496 0.273182
vt -117.426 0.273182
vt -117.356 0.273182
vt -117.286 0.273182
vt -117.216 0.273182
vt -117.146 0.273182
vt -117.077 0.273182
vt -117.007 0.273182
vt -116.937 0.273182
vt -116.867 0.273182
vt -116.797 0.273182
vt -116.728 0.273182
vt -116.658 0.273182
vt -116.588 0.273182
vt -116.518 0.273182
vt -116.448 0.273182
vt -116.379 0.273182
vt -116.309 0.273182
vt -116.239 0.273182
vt -116.169 0.273182
vt -116.099 0.273182
vt -116.029 0.273182
vt -115.96 0.273182
vt -115.89 0.273182
vt -115.82 0.273182
vt -115.75 0.273182
vt -115.68 0.273182
vt -115.611 0.273182
vt -115.541 0.273182
vt -115.471 0.273182
vt -115.401 0.273182
vt -115.331 0.273182
vt -115.262 0.273182
vt -115.192 0.273182
vt -115.122 0.273182
vt -115.052 0.273182
vt -114.982 0.273182
vt -114.912 0.273182
vt -114.843 0.273182
vt -114.773 0.273182
vt -114.703 0.273182
vt -114.633 0.273182
vt -114.563 0.273182
vt -114.494 0.273182
vt -114.424 0.273182
vt -114.354 0.273182
vt -114.284 0.273182
vt -114.214 0.273182
vt -114.145 0.273182
vt -114.075 0.273182
vt -114.005 0.273182
vt -113.935 0.273182
vt -113.865 0.273182
vt -113.795 0.273182
vt -113.726 0.273182
vt -113.656 0.273182
vt -113.586 0.273182
vt -113.516 0.273182
vt -113.446 0.273182
vt -113.377 0.273182
vt -113.307 0.273182
vt -113.237 0.273182
vt -113.167 0.273182
vt -113.097 0.341477
vt -113.028 0.341477
vt -112.958 0.341477
vt -112.888 0.341477
vt -112.818 0.341477
vt -112.748 0.341477
vt -112.678 0.341477
vt -112.609 0.341477
vt -112.539 0.341477
vt -112.469 0.341477
vt -112.399 0.341477
vt -112.329 0.341477
vt -112.26 0.341477
vt -112.19 0.341477
vt -112.12 0.341477
vt -112.05 0.341477
vt -111.98 0.341477
vt -111.911 0.341477
vt -111.841 0.341477
vt -111.771 0.341477
vt -111.701 0.341477
vt -111.631 0.341477
vt -111.561 0.341477
vt -111.492 0.341477
vt -111.422 0.341477
vt -111.352 0.341477
vt -111.282 0.341477
vt -111.212 0.341477
vt -111.143 0.341477
vt -111.073 0.341477
vt -111.003 0.341477
vt -110.933 0.341477
vt -110.863 0.341477
vt -110.794 0.341477
vt -110.724 0.341477
vt -110.654 0.341477
vt -110.584 0.341477
vt -110.514 0.341477
vt -110.444 0.341477
vt -110.375 0.341477
vt -110.305 0.341477
vt -110.235 0.341477
vt -110.165 0.341477
vt -110.095 0.341477
vt -110.026 0.341477
vt -109.956 0.341477
vt -109.886 0.341477
vt -109.816 0.341477
vt -109.746 0.341477
vt -109.676 0.341477
vt -109.607 0.341477
vt -109.537 0.341477
vt -109.467 0.341477
vt -109.397 0.341477
vt -109.327 0.341477
vt -109.258 0.341477
vt -109.188 0.341477
vt -109.118 0.341477
vt -109.048 0.341477
vt -108.978 0.341477
vt -108.909 0.341477
vt -108.839 0.341477
vt -108.769 0.341477
vt -108.699 0.341477
vt -108.629 0.341477
vt -108.559 0.341477
vt -108.49 0.341477
vt -108.42 0.341477
vt -108.35 0.341477
vt -108.28 0.341477
vt -108.21 0.341477
vt -108.141 0.341477
vt -108.071 0.341477
vt -108.001 0.341477
vt -107.931 0.341477
vt -107.861 0.341477
vt -107.792 0.341477
vt -107.722 0.341477
vt -107.652 0.341477
vt -107.582 0.341477
vt -107.512 0.341477
vt -107.442 0.341477
vt -107.373 0.341477
vt -107.303 0.341477
vt -107.233 0.341477
vt -107.163 0.341477
vt -107.093 0.341477
vt -107.024 0.341477
vt -106.954 0.341477
vt -106.884 0.341477
vt -106.814 0.409773
vt -106.744 0.409773
vt -106.675 0.409773
vt -106.605 0.409773
vt -106.535 0.409773
vt -106.465 0.409773
vt -106.395 0.409773
vt -106.325 0.409773
vt -106.256 0.409773
vt -106.186 0.409773
vt -106.116 0.409773
vt -106.046 0.409773
vt -105.976 0.409773
vt -105.907 0.409773
vt -105.837 0.409773
vt -105.767 0.409773
vt -105.697 0.409773
vt -105.627 0.409773
vt -105.558 0.409773
vt -105.488 0.409773
vt -105.418 0.409773
vt -105.348 0.409773
vt -105.278 0.409773
vt -105.208 0.409773
vt -105.139 0.409773
vt -105.069 0.409773
vt -104.999 0.409773
vt -104.929 0.409773
vt -104.859 0.409773
vt -104.79 0.409773
vt -104.72 0.409773
vt -104.65 0.409773
vt -104.58 0.409773
vt -104.51 0.409773
vt -104.441 0.409773
vt -104.371 0.409773
vt -104.301 0.409773
vt -104.231 0.409773
vt -104.161 0.409773
vt -104.091 0.409773
vt -104.022 0.409773
vt -103.952 0.409773
vt -103.882 0.409773
vt -103.812 0.409773
vt -103.742 0.409773
vt -103.673 0.409773
vt -103.603 0.409773
vt -103.533 0.409773
vt -103.463 0.409773
vt -103.393 0.409773
vt -103.323 0.409773
vt -103.254 0.409773
vt -103.184 0.409773
vt -103.114 0.409773
vt -103.044 0.409773
vt -102.974 0.409773
vt -102.905 0.409773
vt -102.835 0.409773
vt -102.765 0.409773
vt -102.695 0.409773
vt -102.625 0.409773
vt -102.556 0.409773
vt -102.486 0.409773
vt -102.416 0.409773
vt -102.346 0.409773
vt -102.276 0.409773
vt -102.206 0.409773
vt -102.137 0.409773
vt -102.067 0.409773
vt -101.997 0.409773
vt -101.927 0.409773
vt -101.857 0.409773
vt -101.788 0.409773
vt -101.718 0.409773
vt -101.648 0.409773
vt -101.578 0.409773
vt -101.508 0.409773
vt -101.439 0.409773
vt -101.369 0.409773
vt -101.299 0.409773
vt -101.229 0.409773
vt -101.159 0.409773
vt -101.089 0.409773
vt -101.02 0.409773
vt -100.95 0.409773
vt -100.88 0.409773
vt -100.81 0.409773
vt -100.74 0.409773
vt -100.671 0.409773
vt -100.601 0.409773
vt -100.531 0.478068
vt -100.461 0.478068
vt -100.391 0.478068
vt -100.322 0.478068
vt -100.252 0.478068
vt -100.182 0.478068
vt -100.112 0.478068
vt -100.042 0.478068
vt -99.9725 0.478068
vt -99.9026 0.478068
vt -99.8328 0.478068
vt -99.763 0.478068
vt -99.6932 0.478068
vt -99.6234 0.478068
vt -99.5536 0.478068
vt -99.4838 0.478068
vt -99.414 0.478068
vt -99.3441 0.478068
vt -99.2743 0.478068
vt -99.2045 0.478068
vt -99.1347 0.478068
vt -99.0649 0.478068
vt -98.9951 0.478068
vt -98.9253 0.478068
vt -98.8554 0.478068
vt -98.7856 0.478068
vt -98.7158 0.478068
vt -98.646 0.478068
vt -98.5762 0.478068
vt -98.5064 0.478068
vt -98.4366 0.478068
vt -98.3668 0.478068
vt -98.2969 0.478068
vt -98.2271 0.478068
vt -98.1573 0.478068
vt -98.0875 0.478068
vt -98.0177 0.478068
vt -97.9479 0.478068
vt -97.8781 0.478068
vt -97.8083 0.478068
vt -97.7384 0.478068
vt -97.6686 0.478068
vt -97.5988 0.478068
vt -97.529 0.478068
vt -97.4592 0.478068
vt -97.3894 0.478068
vt -97.3196 0.478068
vt -97.2497 0.478068
vt -97.1799 0.478068
vt -97.1101 0.478068
vt -97.0403 0.478068
vt -96.9705 0.478068
vt -96.9007 0.478068
vt -96.8309 0.478068
vt -96.7611 0.478068
vt -96.6912 0.478068
vt -96.6214 0.478068
vt -96.5516 0.478068
vt -96.4818 0.478068
vt -96.412 0.478068
vt -96.3422 0.478068
vt -96.2724 0.478068
vt -96.2025 0.478068
vt -96.1327 0.478068
vt -96.0629 0.478068
vt -95.9931 0.478068
vt -95.9233 0.478068
vt -95.8535 0.478068
vt -95.7837 0.478068
vt -95.7139 0.478068
vt -95.644 0.478068
vt -95.5742 0.478068
vt -95.5044 0.478068
vt -95.4346 0.478068
vt -95.3648 0.478068
vt -95.295 0.478068
vt -95.2252 0.478068
vt -95.1554 0.478068
vt -95.0855 0.478068
vt -95.0157 0.478068
vt -94.9459 0.478068
vt -94.8761 0.478068
vt -94.8063 0.478068
vt -94.7365 0.478068
vt -94.6667 0.478068
vt -94.5968 0.478068
vt -94.527 0.478068
vt -94.4572 0.478068
vt -94.3874 0.478068
vt -94.3176 0.478068
vt -94.2478 0.546364
vt -94.178 0.546364
vt -94.1082 0.546364
vt -94.0383 0.546364
vt -93.9685 0.546364
vt -93.8987 0.546364
vt -93.8289 0.546364
vt -93.7591 0.546364
vt -93.6893 0.546364
vt -93.6195 0.546364
vt -93.5496 0.546364
vt -93.4798 0.546364
vt -93.41 0.546364
vt -93.3402 0.546364
vt -93.2704 0.546364
vt -93.2006 0.546364
vt -93.1308 0.546364
vt -93.061 0.546364
vt -92.9911 0.546364
vt -92.9213 0.546364
vt -92.8515 0.546364
vt -92.7817 0.546364
vt -92.7119 0.546364
vt -92.6421 0.546364
vt -92.5723 0.546364
vt -92.5025 0.546364
vt -92.4326 0.546364
vt -92.3628 0.546364
vt -92.293 0.546364
vt -92.2232 0.546364
vt -92.1534 0.546364
vt -92.0836 0.546364
vt -92.0138 0.546364
vt -91.9439 0.546364
vt -91.8741 0.546364
vt -91.8043 0.546364
vt -91.7345 0.546364
vt -91.6647 0.546364
vt -91.5949 0.546364
vt -91.5251 0.546364
vt -91.4553 0.546364
vt -91.3854 0.546364
vt -91.3156 0.546364
vt -91.2458 0.546364
vt -91.176 0.546364
vt -91.1062 0.546364
vt -91.0364 0.546364
vt -90.9666 0.546364
vt -90.8967 0.546364
vt -90.8269 0.546364
vt -90.7571 0.546364
vt -90.6873 0.546364
vt -90.6175 0.546364
vt -90.5477 0.546364
vt -90.4779 0.546364
vt -90.4081 0.546364
vt -90.3382 0.546364
vt -90.2684 0.546364
vt -90.1986 0.546364
vt -90.1288 0.546364
vt -90.059 0.546364
vt -89.9892 0.546364
vt -89.9194 0.546364
vt -89.8495 0.546364
vt -89.7797 0.546364
vt -89.7099 0.546364
vt -89.6401 0.546364
vt -89.5703 0.546364
vt -89.5005 0.546364
vt -89.4307 0.546364
vt -89.3609 0.546364
vt -89.291 0.546364
vt -89.2212 0.546364
vt -89.1514 0.546364
vt -89.0816 0.546364
vt -89.0118 0.546364
vt -88.942 0.546364
vt -88.8722 0.546364
vt -88.8024 0.546364
vt -88.7325 0.546364
vt -88.6627 0.546364
vt -88.5929 0.546364
vt -88.5231 0.546364
vt -88.4533 0.546364
vt -88.3835 0.546364
vt -88.3137 0.546364
vt -88.2438 0.546364
vt -88.174 0.546364
vt -88.1042 0.546364
vt -88.0344 0.546364
vt -87.9646 0.614659
vt -87.8948 0.614659
vt -87.825 0.614659
vt -87.7552 0.614659
vt -87.6853 0.614659
vt -87.6155 0.614659
vt -87.5457 0.614659
vt -87.4759 0.614659
vt -87.4061 0.614659
vt -87.3363 0.614659
vt -87.2665 0.614659
vt -87.1966 0.614659
vt -87.1268 0.614659
vt -87.057 0.614659
vt -86.9872 0.614659
vt -86.9174 0.614659
vt -86.8476 0.614659
vt -86.7778 0.614659
vt -86.708 0.614659
vt -86.6381 0.614659
vt -86.5683 0.614659
vt -86.4985 0.614659
vt -86.4287 0.614659
vt -86.3589 0.614659
vt -86.2891 0.614659
vt -86.2193 0.614659
vt -86.1495 0.614659
vt -86.0796 0.614659
vt -86.0098 0.614659
vt -85.94 0.614659
vt -85.8702 0.614659
vt -85.8004 0.614659
vt -85.7306 0.614659
vt -85.6608 0.614659
vt -85.5909 0.614659
vt -85.5211 0.614659
vt -85.4513 0.614659
vt -85.3815 0.614659
vt -85.3117 0.614659
vt -85.2419 0.614659
vt -85.1721 0.614659
vt -85.1023 0.614659
vt -85.0324 0.614659
vt -84.9626 0.614659
vt -84.8928 0.614659
vt -84.823 0.614659
vt -84.7532 0.614659
vt -84.6834 0.614659
vt -84.6136 0.614659
vt -84.5437 0.614659
vt -84.4739 0.614659
vt -84.4041 0.614659
vt -84.3343 0.614659
vt -84.2645 0.614659
vt -84.1947 0.614659
vt -84.1249 0.614659
vt -84.0551 0.614659
vt -83.9852 0.614659
vt -83.9154 0.614659
vt -83.8456 0.614659
vt -83.7758 0.614659
vt -83.706 0.614659
vt -83.6362 0.614659
vt -83.5664 0.614659
vt -83.4966 0.614659
vt -83.4267 0.614659
vt -83.3569 0.614659
vt -83.2871 0.614659
vt -83.2173 0.614659
vt -83.1475 0.614659
vt -83.0777 0.614659
vt -83.0079 0.614659
vt -82.938 0.614659
vt -82.8682 0.614659
vt -82.7984 0.614659
vt -82.7286 0.614659
vt -82.6588 0.614659
vt -82.589 0.614659
vt -82.5192 0.614659
vt -82.4494 0.614659
vt -82.3795 0.614659
vt -82.3097 0.614659
vt -82.2399 0.614659
vt -82.1701 0.614659
vt -82.1003 0.614659
vt -82.0305 0.614659
vt -81.9607 0.614659
vt -81.8908 0.614659
vt -81.821 0.614659
vt -81.7512 0.614659
vt -81.6814 0.682955
vt -81.6116 0.682955
vt -81.5418 0.682955
vt -81.472 0.682955
vt -81.4022 0.682955
vt -81.3323 0.682955
vt -81.2625 0.682955
vt -81.1927 0.682955
vt -81.1229 0.682955
vt -81.0531 0.682955
vt -80.9833 0.682955
vt -80.9135 0.682955
vt -80.8437 0.682955
vt -80.7738 0.682955
vt -80.704 0.682955
vt -80.6342 0.682955
vt -80.5644 0.682955
vt -80.4946 0.682955
vt -80.4248 0.682955
vt -80.355 0.682955
vt -80.2851 0.682955
vt -80.2153 0.682955
vt -80.1455 0.682955
vt -80.0757 0.682955
vt -80.0059 0.682955
vt -79.9361 0.682955
vt -79.8663 0.682955
vt -79.7965 0.682955
vt -79.7266 0.682955
vt -79.6568 0.682955
vt -79.587 0.682955
vt -79.5172 0.682955
vt -79.4474 0.682955
vt -79.3776 0.682955
vt -79.3078 0.682955
vt -79.2379 0.682955
vt -79.1681 0.682955
vt -79.0983 0.682955
vt -79.0285 0.682955
vt -78.9587 0.682955
vt -78.8889 0.682955
vt -78.8191 0.682955
vt -78.7493 0.682955
vt -78.6794 0.682955
vt -78.6096 0.682955
vt -78.5398 0.682955
vt -78.47 0.682955
vt -78.4002 0.682955
vt -78.3304 0.682955
vt -78.2606 0.682955
vt -78.1908 0.682955
vt -78.1209 0.682955
vt -78.0511 0.682955
vt -77.9813 0.682955
vt -77.9115 0.682955
vt -77.8417 0.682955
vt -77.7719 0.682955
vt -77.7021 0.682955
vt -77.6322 0.682955
vt -77.5624 0.682955
vt -77.4926 0.682955
vt -77.4228 0.682955
vt -77.353 0.682955
vt -77.2832 0.682955
vt -77.2134 0.682955
vt -77.1436 0.682955
vt -77.0737 0.682955
vt -77.0039 0.682955
vt -76.9341 0.682955
vt -76.8643 0.682955
vt -76.7945 0.682955
vt -76.7247 0.682955
vt -76.6549 0.682955
vt -76.585 0.682955
vt -76.5152 0.682955
vt -76.4454 0.682955
vt -76.3756 0.682955
vt -76.3058 0.682955
vt -76.236 0.682955
vt -76.1662 0.682955
vt -76.0964 0.682955
vt -76.0265 0.682955
vt -75.9567 0.682955
vt -75.8869 0.682955
vt -75.8171 0.682955
vt -75.7473 0.682955
vt -75.6775 0.682955
vt -75.6077 0.682955
vt -75.5379 0.682955
vt -75.468 0.682955
vt -75.3982 0.75125
vt -75.3284 0.75125
vt -75.2586 0.75125
vt -75.1888 0.75125
vt -75.119 0.75125
vt -75.0492 0.75125
vt -74.9793 0.75125
vt -74.9095 0.75125
vt -74.8397 0.75125
vt -74.7699 0.75125
vt -74.7001 0.75125
vt -74.6303 0.75125
vt -74.5605 0.75125
vt -74.4907 0.75125
vt -74.4208 0.75125
vt -74.351 0.75125
vt -74.2812 0.75125
vt -74.2114 0.75125
vt -74.1416 0.75125
vt -74.0718 0.75125
vt -74.002 0.75125
vt -73.9321 0.75125
vt -73.8623 0.75125
vt -73.7925 0.75125
vt -73.7227 0.75125
vt -73.6529 0.75125
vt -73.5831 0.75125
vt -73.5133 0.75125
vt -73.4435 0.75125
vt -73.3736 0.75125
vt -73.3038 0.75125
vt -73.234 0.75125
vt -73.1642 0.75125
vt -73.0944 0.75125
vt -73.0246 0.75125
vt -72.9548 0.75125
vt -72.8849 0.75125
vt -72.8151 0.75125
vt -72.7453 0.75125
vt -72.6755 0.75125
vt -72.6057 0.75125
vt -72.5359 0.75125
vt -72.4661 0.75125
vt -72.3963 0.75125
vt -72.3264 0.75125
vt -72.2566 0.75125
vt -72.1868 0.75125
vt -72.117 0.75125
vt -72.0472 0.75125
vt -71.9774 0.75125
vt -71.9076 0.75125
vt -71.8378 0.75125
vt -71.7679 0.75125
vt -71.6981 0.75125
vt -71.6283 0.75125
vt -71.5585 0.75125
vt -71.4887 0.75125
vt -71.4189 0.75125
vt -71.3491 0.75125
vt -71.2792 0.75125
vt -71.2094 0.75125
vt -71.1396 0.75125
vt -71.0698 0.75125
vt -71 0.75125
vt -70.9302 0.75125
vt -70.8604 0.75125
vt -70.7906 0.75125
vt -70.7207 0.75125
vt -70.6509 0.75125
vt -70.5811 0.75125
vt -70.5113 0.75125
vt -70.4415 0.75125
vt -70.3717 0.75125
vt -70.3019 0.75125
vt -70.232 0.75125
vt -70.1622 0.75125
vt -70.0924 0.75125
vt -70.0226 0.75125
vt -69.9528 0.75125
vt -69.883 0.75125
vt -69.8132 0.75125
vt -69.7434 0.75125
vt -69.6735 0.75125
vt -69.6037 0.75125
vt -69.5339 0.75125
vt -69.4641 0.75125
vt -69.3943 0.75125
vt -69.3245 0.75125
vt -69.2547 0.75125
vt -69.1849 0.75125
vt -69.115 0.819546
vt -69.0452 0.819546
vt -68.9754 0.819546
vt -68.9056 0.819546
vt -68.8358 0.819546
vt -68.766 0.819546
vt -68.6962 0.819546
vt -68.6263 0.819546
vt -68.5565 0.819546
vt -68.4867 0.819546
vt -68.4169 0.819546
vt -68.3471 0.819546
vt -68.2773 0.819546
vt -68.2075 0.819546
vt -68.1377 0.819546
vt -68.0678 0.819546
vt -67.998 0.819546
vt -67.9282 0.819546
vt -67.8584 0.819546
vt -67.7886 0.819546
vt -67.7188 0.819546
vt -67.649 0.819546
vt -67.5791 0.819546
vt -67.5093 0.819546
vt -67.4395 0.819546
vt -67.3697 0.819546
vt -67.2999 0.819546
vt -67.2301 0.819546
vt -67.1603 0.819546
vt -67.0905 0.819546
vt -67.0206 0.819546
vt -66.9508 0.819546
vt -66.881 0.819546
vt -66.8112 0.819546
vt -66.7414 0.819546
vt -66.6716 0.819546
vt -66.6018 0.819546
vt -66.532 0.819546
vt -66.4621 0.819546
vt -66.3923 0.819546
vt -66.3225 0.819546
vt -66.2527 0.819546
vt -66.1829 0.819546
vt -66.1131 0.819546
vt -66.0433 0.819546
vt -65.9734 0.819546
vt -65.9036 0.819546
vt -65.8338 0.819546
vt -65.764 0.819546
vt -65.6942 0.819546
vt -65.6244 0.819546
vt -65.5546 0.819546
vt -65.4848 0.819546
vt -65.4149 0.819546
vt -65.3451 0.819546
vt -65.2753 0.819546
vt -65.2055 0.819546
vt -65.1357 0.819546
vt -65.0659 0.819546
vt -64.9961 0.819546
vt -64.9262 0.819546
vt -64.8564 0.819546
vt -64.7866 0.819546
vt -64.7168 0.819546
vt -64.647 0.819546
vt -64.5772 0.819546
vt -64.5074 0.819546
vt -64.4376 0.819546
vt -64.3677 0.819546
vt -64.2979 0.819546
vt -64.2281 0.819546
vt -64.1583 0.819546
vt -64.0885 0.819546
vt -64.0187 0.819546
vt -63.9489 0.819546
vt -63.8791 0.819546
vt -63.8092 0.819546
vt -63.7394 0.819546
vt -63.6696 0.819546
vt -63.5998 0.819546
vt -63.53 0.819546
vt -63.4602 0.819546
vt -63.3904 0.819546
vt -63.3205 0.819546
vt -63.2507 0.819546
vt -63.1809 0.819546
vt -63.1111 0.819546
vt -63.0413 0.819546
vt -62.9715 0.819546
vt -62.9017 0.819546
vt -62.8319 0.887841
vt -62.762 0.887841
vt -62.6922 0.887841
vt -62.6224 0.887841
vt -62.5526 0.887841
vt -62.4828 0.887841
vt -62.413 0.887841
vt -62.3432 0.887841
vt -62.2733 0.887841
vt -62.2035 0.887841
vt -62.1337 0.887841
vt -62.0639 0.887841
vt -61.9941 0.887841
vt -61.9243 0.887841
vt -61.8545 0.887841
vt -61.7847 0.887841
vt -61.7148 0.887841
vt -61.645 0.887841
vt -61.5752 0.887841
vt -61.5054 0.887841
vt -61.4356 0.887841
vt -61.3658 0.887841
vt -61.296 0.887841
vt -61.2262 0.887841
vt -61.1563 0.887841
vt -61.0865 0.887841
vt -61.0167 0.887841
vt -60.9469 0.887841
vt -60.8771 0.887841
vt -60.8073 0.887841
vt -60.7375 0.887841
vt -60.6676 0.887841
vt -60.5978 0.887841
vt -60.528 0.887841
vt -60.4582 0.887841
vt -60.3884 0.887841
vt -60.3186 0.887841
vt -60.2488 0.887841
vt -60.179 0.887841
vt -60.1091 0.887841
vt -60.0393 0.887841
vt -59.9695 0.887841
vt -59.8997 0.887841
vt -59.8299 0.887841
vt -59.7601 0.887841
vt -59.6903 0.887841
vt -59.6204 0.887841
vt -59.5506 0.887841
vt -59.4808 0.887841
vt -59.411 0.887841
vt -59.3412 0.887841
vt -59.2714 0.887841
vt -59.2016 0.887841
vt -59.1318 0.887841
vt -59.0619 0.887841
vt -58.9921 0.887841
vt -58.9223 0.887841
vt -58.8525 0.887841
vt -58.7827 0.887841
vt -58.7129 0.887841
vt -58.6431 0.887841
vt -58.5732 0.887841
vt -58.5034 0.887841
vt -58.4336 0.887841
vt -58.3638 0.887841
vt -58.294 0.887841
vt -58.2242 0.887841
vt -58.1544 0.887841
vt -58.0846 0.887841
vt -58.0147 0.887841
vt -57.9449 0.887841
vt -57.8751 0.887841
vt -57.8053 0.887841
vt -57.7355 0.887841
vt -57.6657 0.887841
vt -57.5959 0.887841
vt -57.5261 0.887841
vt -57.4562 0.887841
vt -57.3864 0.887841
vt -57.3166 0.887841
vt -57.2468 0.887841
vt -57.177 0.887841
vt -57.1072 0.887841
vt -57.0374 0.887841
vt -56.9675 0.887841
vt -56.8977 0.887841
vt -56.8279 0.887841
vt -56.7581 0.887841
vt -56.6883 0.887841
vt -56.6185 0.887841
vt -56.5487 0.956137
vt -56.4789 0.956137
vt -56.409 0.956137
vt -56.3392 0.956137
vt -56.2694 0.956137
vt -56.1996 0.956137
vt -56.1298 0.956137
vt -56.06 0.956137
vt -55.9902 0.956137
vt -55.9203 0.956137
vt -55.8505 0.956137
vt -55.7807 0.956137
vt -55.7109 0.956137
vt -55.6411 0.956137
vt -55.5713 0.956137
vt -55.5015 0.956137
vt -55.4317 0.956137
vt -55.3618 0.956137
vt -55.292 0.956137
vt -55.2222 0.956137
vt -55.1524 0.956137
vt -55.0826 0.956137
vt -55.0128 0.956137
vt -54.943 0.956137
vt -54.8732 0.956137
vt -54.8033 0.956137
vt -54.7335 0.956137
vt -54.6637 0.956137
vt -54.5939 0.956137
vt -54.5241 0.956137
vt -54.4543 0.956137
vt -54.3845 0.956137
vt -54.3146 0.956137
vt -54.2448 0.956137
vt -54.175 0.956137
vt -54.1052 0.956137
vt -54.0354 0.956137
vt -53.9656 0.956137
vt -53.8958 0.956137
vt -53.826 0.956137
vt -53.7561 0.956137
vt -53.6863 0.956137
vt -53.6165 0.956137
vt -53.5467 0.956137
vt -53.4769 0.956137
vt -53.4071 0.956137
vt -53.3373 0.956137
vt -53.2674 0.956137
vt -53.1976 0.956137
vt -53.1278 0.956137
vt -53.058 0.956137
vt -52.9882 0.956137
vt -52.9184 0.956137
vt -52.8486 0.956137
vt -52.7788 0.956137
vt -52.7089 0.956137
vt -52.6391 0.956137
vt -52.5693 0.956137
vt -52.4995 0.956137
vt -52.4297 0.956137
vt -52.3599 0.956137
vt -52.2901 0.956137
vt -52.2203 0.956137
vt -52.1504 0.956137
vt -52.0806 0.956137
vt -52.0108 0.956137
vt -51.941 0.956137
vt -51.8712 0.956137
vt -51.8014 0.956137
vt -51.7316 0.956137
vt -51.6617 0.956137
vt -51.5919 0.956137
vt -51.5221 0.956137
vt -51.4523 0.956137
vt -51.3825 0.956137
vt -51.3127 0.956137
vt -51.2429 0.956137
vt -51.1731 0.956137
vt -51.1032 0.956137
vt -51.0334 0.956137
vt -50.9636 0.956137
vt -50.8938 0.956137
vt -50.824 0.956137
vt -50.7542 0.956137
vt -50.6844 0.956137
vt -50.6145 0.956137
vt -50.5447 0.956137
vt -50.4749 0.956137
vt -50.4051 0.956137
vt -50.3353 0.956137
vt -50.2655 1.02443
vt -50.1957 1.02443
vt -50.1259 1.02443
vt -50.056 1.02443
vt -49.9862 1.02443
vt -49.9164 1.02443
vt -49.8466 1.02443
vt -49.7768 1.02443
vt -49.707 1.02443
vt -49.6372 1.02443
vt -49.5674 1.02443
vt -49.4975 1.02443
vt -49.4277 1.02443
vt -49.3579 1.02443
vt -49.2881 1.02443
vt -49.2183 1.02443
vt -49.1485 1.02443
vt -49.0787 1.02443
vt -49.0088 1.02443
vt -48.939 1.02443
vt -48.8692 1.02443
vt -48.7994 1.02443
vt -48.7296 1.02443
vt -48.6598 1.02443
vt -48.59 1.02443
vt -48.5202 1.02443
vt -48.4503 1.02443
vt -48.3805 1.02443
vt -48.3107 1.02443
vt -48.2409 1.02443
vt -48.1711 1.02443
vt -48.1013 1.02443
vt -48.0315 1.02443
vt -47.9616 1.02443
vt -47.8918 1.02443
vt -47.822 1.02443
vt -47.7522 1.02443
vt -47.6824 1.02443
vt -47.6126 1.02443
vt -47.5428 1.02443
vt -47.473 1.02443
vt -47.4031 1.02443
vt -47.3333 1.02443
vt -47.2635 1.02443
vt -47.1937 1.02443
vt -47.1239 1.02443
vt -47.0541 1.02443
vt -46.9843 1.02443
vt -46.9145 1.02443
vt -46.8446 1.02443
vt -46.7748 1.02443
vt -46.705 1.02443
vt -46.6352 1.02443
vt -46.5654 1.02443
vt -46.4956 1.02443
vt -46.4258 1.02443
vt -46.3559 1.02443
vt -46.2861 1.02443
vt -46.2163 1.02443
vt -46.1465 1.02443
vt -46.0767 1.02443
vt -46.0069 1.02443
vt -45.9371 1.02443
vt -45.8673 1.02443
vt -45.7974 1.02443
vt -45.7276 1.02443
vt -45.6578 1.02443
vt -45.588 1.02443
vt -45.5182 1.02443
vt -45.4484 1.02443
vt -45.3786 1.02443
vt -45.3087 1.02443
vt -45.2389 1.02443
vt -45.1691 1.02443
vt -45.0993 1.02443
vt -45.0295 1.02443
vt -44.9597 1.02443
vt -44.8899 1.02443
vt -44.8201 1.02443
vt -44.7502 1.02443
vt -44.6804 1.02443
vt -44.6106 1.02443
vt -44.5408 1.02443
vt -44.471 1.02443
vt -44.4012 1.02443
vt -44.3314 1.02443
vt -44.2615 1.02443
vt -44.1917 1.02443
vt -44.1219 1.02443
vt -44.0521 1.02443
vt -43.9823 1.09273
vt -43.9125 1.09273
vt -43.8427 1.09273
vt -43.7729 1.09273
vt -43.703 1.09273
vt -43.6332 1.09273
vt -43.5634 1.09273
vt -43.4936 1.09273
vt -43.4238 1.09273
vt -43.354 1.09273
vt -43.2842 1.09273
vt -43.2144 1.09273
vt -43.1445 1.09273
vt -43.0747 1.09273
vt -43.0049 1.09273
vt -42.9351 1.09273
vt -42.8653 1.09273
vt -42.7955 1.09273
vt -42.7257 1.09273
vt -42.6558 1.09273
vt -42.586 1.09273
vt -42.5162 1.09273
vt -42.4464 1.09273
vt -42.3766 1.09273
vt -42.3068 1.09273
vt -42.237 1.09273
vt -42.1672 1.09273
vt -42.0973 1.09273
vt -42.0275 1.09273
vt -41.9577 1.09273
vt -41.8879 1.09273
vt -41.8181 1.09273
vt -41.7483 1.09273
vt -41.6785 1.09273
vt -41.6086 1.09273
vt -41.5388 1.09273
vt -41.469 1.09273
vt -41.3992 1.09273
vt -41.3294 1.09273
vt -41.2596 1.09273
vt -41.1898 1.09273
vt -41.12 1.09273
vt -41.0501 1.09273
vt -40.9803 1.09273
vt -40.9105 1.09273
vt -40.8407 1.09273
vt -40.7709 1.09273
vt -40.7011 1.09273
vt -40.6313 1.09273
vt -40.5615 1.09273
vt -40.4916 1.09273
vt -40.4218 1.09273
vt -40.352 1.09273
vt -40.2822 1.09273
vt -40.2124 1.09273
vt -40.1426 1.09273
vt -40.0728 1.09273
vt -40.0029 1.09273
vt -39.9331 1.09273
vt -39.8633 1.09273
vt -39.7935 1.09273
vt -39.7237 1.09273
vt -39.6539 1.09273
vt -39.5841 1.09273
vt -39.5143 1.09273
vt -39.4444 1.09273
vt -39.3746 1.09273
vt -39.3048 1.09273
vt -39.235 1.09273
vt -39.1652 1.09273
vt -39.0954 1.09273
vt -39.0256 1.09273
vt -38.9557 1.09273
vt -38.8859 1.09273
vt -38.8161 1.09273
vt -38.7463 1.09273
vt -38.6765 1.09273
vt -38.6067 1.09273
vt -38.5369 1.09273
vt -38.4671 1.09273
vt -38.3972 1.09273
vt -38.3274 1.09273
vt -38.2576 1.09273
vt -38.1878 1.09273
vt -38.118 1.09273
vt -38.0482 1.09273
vt -37.9784 1.09273
vt -37.9086 1.09273
vt -37.8387 1.09273
vt -37.7689 1.09273
vt -37.6991 1.16102
vt -37.6293 1.16102
vt -37.5595 1.16102
vt -37.4897 1.16102
vt -37.4199 1.16102
vt -37.35 1.16102
vt -37.2802 1.16102
vt -37.2104 1.16102
vt -37.1406 1.16102
vt -37.0708 1.16102
vt -37.001 1.16102
vt -36.9312 1.16102
vt -36.8614 1.16102
vt -36.7915 1.16102
vt -36.7217 1.16102
vt -36.6519 1.16102
vt -36.5821 1.16102
vt -36.5123 1.16102
vt -36.4425 1.16102
vt -36.3727 1.16102
vt -36.3028 1.16102
vt -36.233 1.16102
vt -36.1632 1.16102
vt -36.0934 1.16102
vt -36.0236 1.16102
vt -35.9538 1.16102
vt -35.884 1.16102
vt -35.8142 1.16102
vt -35.7443 1.16102
vt -35.6745 1.16102
vt -35.6047 1.16102
vt -35.5349 1.16102
vt -35.4651 1.16102
vt -35.3953 1.16102
vt -35.3255 1.16102
vt -35.2557 1.16102
vt -35.1858 1.16102
vt -35.116 1.16102
vt -35.0462 1.16102
vt -34.9764 1.16102
vt -34.9066 1.16102
vt -34.8368 1.16102
vt -34.767 1.16102
vt -34.6971 1.16102
vt -34.6273 1.16102
vt -34.5575 1.16102
vt -34.4877 1.16102
vt -34.4179 1.16102
vt -34.3481 1.16102
vt -34.2783 1.16102
vt -34.2085 1.16102
vt -34.1386 1.16102
vt -34.0688 1.16102
vt -33.999 1.16102
vt -33.9292 1.16102
vt -33.8594 1.16102
vt -33.7896 1.16102
vt -33.7198 1.16102
vt -33.6499 1.16102
vt -33.5801 1.16102
vt -33.5103 1.16102
vt -33.4405 1.16102
vt -33.3707 1.16102
vt -33.3009 1.16102
vt -33.2311 1.16102
vt -33.1613 1.16102
vt -33.0914 1.16102
vt -33.0216 1.16102
vt -32.9518 1.16102
vt -32.882 1.16102
vt -32.8122 1.16102
vt -32.7424 1.16102
vt -32.6726 1.16102
vt -32.6028 1.16102
vt -32.5329 1.16102
vt -32.4631 1.16102
vt -32.3933 1.16102
vt -32.3235 1.16102
vt -32.2537 1.16102
vt -32.1839 1.16102
vt -32.1141 1.16102
vt -32.0442 1.16102
vt -31.9744 1.16102
vt -31.9046 1.16102
vt -31.8348 1.16102
vt -31.765 1.16102
vt -31.6952 1.16102
vt -31.6254 1.16102
vt -31.5556 1.16102
vt -31.4857 1.16102
vt -31.4159 1.22932
vt -31.3461 1.22932
vt -31.2763 1.22932
vt -31.2065 1.22932
vt -31.1367 1.22932
vt -31.0669 1.22932
vt -30.997 1.22932
vt -30.9272 1.22932
vt -30.8574 1.22932
vt -30.7876 1.22932
vt -30.7178 1.22932
vt -30.648 1.22932
vt -30.5782 1.22932
vt -30.5084 1.22932
vt -30.4385 1.22932
vt -30.3687 1.22932
vt -30.2989 1.22932
vt -30.2291 1.22932
vt -30.1593 1.22932
vt -30.0895 1.22932
vt -30.0197 1.22932
vt -29.9498 1.22932
vt -29.88 1.22932
vt -29.8102 1.22932
vt -29.7404 1.22932
vt -29.6706 1.22932
vt -29.6008 1.22932
vt -29.531 1.22932
vt -29.4612 1.22932
vt -29.3913 1.22932
vt -29.3215 1.22932
vt -29.2517 1.22932
vt -29.1819 1.22932
vt -29.1121 1.22932
vt -29.0423 1.22932
vt -28.9725 1.22932
vt -28.9027 1.22932
vt -28.8328 1.22932
vt -28.763 1.22932
vt -28.6932 1.22932
vt -28.6234 1.22932
vt -28.5536 1.22932
vt -28.4838 1.22932
vt -28.414 1.22932
vt -28.3441 1.22932
vt -28.2743 1.22932
vt -28.2045 1.22932
vt -28.1347 1.22932
vt -28.0649 1.22932
vt -27.9951 1.22932
vt -27.9253 1.22932
vt -27.8555 1.22932
vt -27.7856 1.22932
vt -27.7158 1.22932
vt -27.646 1.22932
vt -27.5762 1.22932
vt -27.5064 1.22932
vt -27.4366 1.22932
vt -27.3668 1.22932
vt -27.2969 1.22932
vt -27.2271 1.22932
vt -27.1573 1.22932
vt -27.0875 1.22932
vt -27.0177 1.22932
vt -26.9479 1.22932
vt -26.8781 1.22932
vt -26.8083 1.22932
vt -26.7384 1.22932
vt -26.6686 1.22932
vt -26.5988 1.22932
vt -26.529 1.22932
vt -26.4592 1.22932
vt -26.3894 1.22932
vt -26.3196 1.22932
vt -26.2498 1.22932
vt -26.1799 1.22932
vt -26.1101 1.22932
vt -26.0403 1.22932
vt -25.9705 1.22932
vt -25.9007 1.22932
vt -25.8309 1.22932
vt -25.7611 1.22932
vt -25.6912 1.22932
vt -25.6214 1.22932
vt -25.5516 1.22932
vt -25.4818 1.22932
vt -25.412 1.22932
vt -25.3422 1.22932
vt -25.2724 1.22932
vt -25.2026 1.22932
vt -25.1327 1.29761
vt -25.0629 1.29761
vt -24.9931 1.29761
vt -24.9233 1.29761
vt -24.8535 1.29761
vt -24.7837 1.29761
vt -24.7139 1.29761
vt -24.644 1.29761
vt -24.5742 1.29761
vt -24.5044 1.29761
vt -24.4346 1.29761
vt -24.3648 1.29761
vt -24.295 1.29761
vt -24.2252 1.29761
vt -24.1554 1.29761
vt -24.0855 1.29761
vt -24.0157 1.29761
vt -23.9459 1.29761
vt -23.8761 1.29761
vt -23.8063 1.29761
vt -23.7365 1.29761
vt -23.6667 1.29761
vt -23.5969 1.29761
vt -23.527 1.29761
vt -23.4572 1.29761
vt -23.3874 1.29761
vt -23.3176 1.29761
vt -23.2478 1.29761
vt -23.178 1.29761
vt -23.1082 1.29761
vt -23.0383 1.29761
vt -22.9685 1.29761
vt -22.8987 1.29761
vt -22.8289 1.29761
vt -22.7591 1.29761
vt -22.6893 1.29761
vt -22.6195 1.29761
vt -22.5497 1.29761
vt -22.4798 1.29761
vt -22.41 1.29761
vt -22.3402 1.29761
vt -22.2704 1.29761
vt -22.2006 1.29761
vt -22.1308 1.29761
vt -22.061 1.29761
vt -21.9911 1.29761
vt -21.9213 1.29761
vt -21.8515 1.29761
vt -21.7817 1.29761
vt -21.7119 1.29761
vt -21.6421 1.29761
vt -21.5723 1.29761
vt -21.5025 1.29761
vt -21.4326 1.29761
vt -21.3628 1.29761
vt -21.293 1.29761
vt -21.2232 1.29761
vt -21.1534 1.29761
vt -21.0836 1.29761
vt -21.0138 1.29761
vt -20.944 1.29761
vt -20.8741 1.29761
vt -20.8043 1.29761
vt -20.7345 1.29761
vt -20.6647 1.29761
vt -20.5949 1.29761
vt -20.5251 1.29761
vt -20.4553 1.29761
vt -20.3854 1.29761
vt -20.3156 1.29761
vt -20.2458 1.29761
vt -20.176 1.29761
vt -20.1062 1.29761
vt -20.0364 1.29761
vt -19.9666 1.29761
vt -19.8968 1.29761
vt -19.8269 1.29761
vt -19.7571 1.29761
vt -19.6873 1.29761
vt -19.6175 1.29761
vt -19.5477 1.29761
vt -19.4779 1.29761
vt -19.4081 1.29761
vt -19.3382 1.29761
vt -19.2684 1.29761
vt -19.1986 1.29761
vt -19.1288 1.29761
vt -19.059 1.29761
vt -18.9892 1.29761
vt -18.9194 1.29761
vt -18.8496 1.36591
vt -18.7797 1.36591
vt -18.7099 1.36591
vt -18.6401 1.36591
vt -18.5703 1.36591
vt -18.5005 1.36591
vt -18.4307 1.36591
vt -18.3609 1.36591
vt -18.2911 1.36591
vt -18.2212 1.36591
vt -18.1514 1.36591
vt -18.0816 1.36591
vt -18.0118 1.36591
vt -17.942 1.36591
vt -17.8722 1.36591
vt -17.8024 1.36591
vt -17.7325 1.36591
vt -17.6627 1.36591
vt -17.5929 1.36591
vt -17.5231 1.36591
vt -17.4533 1.36591
vt -17.3835 1.36591
vt -17.3137 1.36591
vt -17.2439 1.36591
vt -17.174 1.36591
vt -17.1042 1.36591
vt -17.0344 1.36591
vt -16.9646 1.36591
vt -16.8948 1.36591
vt -16.825 1.36591
vt -16.7552 1.36591
vt -16.6853 1.36591
vt -16.6155 1.36591
vt -16.5457 1.36591
vt -16.4759 1.36591
vt -16.4061 1.36591
vt -16.3363 1.36591
vt -16.2665 1.36591
vt -16.1967 1.36591
vt -16.1268 1.36591
vt -16.057 1.36591
vt -15.9872 1.36591
vt -15.9174 1.36591
vt -15.8476 1.36591
vt -15.7778 1.36591
vt -15.708 1.36591
vt -15.6382 1.36591
vt -15.5683 1.36591
vt -15.4985 1.36591
vt -15.4287 1.36591
vt -15.3589 1.36591
vt -15.2891 1.36591
vt -15.2193 1.36591
vt -15.1495 1.36591
vt -15.0796 1.36591
vt -15.0098 1.36591
vt -14.94 1.36591
vt -14.8702 1.36591
vt -14.8004 1.36591
vt -14.7306 1.36591
vt -14.6608 1.36591
vt -14.591 1.36591
vt -14.5211 1.36591
vt -14.4513 1.36591
vt -14.3815 1.36591
vt -14.3117 1.36591
vt -14.2419 1.36591
vt -14.1721 1.36591
vt -14.1023 1.36591
vt -14.0324 1.36591
vt -13.9626 1.36591
vt -13.8928 1.36591
vt -13.823 1.36591
vt -13.7532 1.36591
vt -13.6834 1.36591
vt -13.6136 1.36591
vt -13.5438 1.36591
vt -13.4739 1.36591
vt -13.4041 1.36591
vt -13.3343 1.36591
vt -13.2645 1.36591
vt -13.1947 1.36591
vt -13.1249 1.36591
vt -13.0551 1.36591
vt -12.9852 1.36591
vt -12.9154 1.36591
vt -12.8456 1.36591
vt -12.7758 1.36591
vt -12.706 1.36591
vt -12.6362 1.36591
vt -12.5664 1.43421
vt -12.4966 1.43421
vt -12.4267 1.43421
vt -12.3569 1.43421
vt -12.2871 1.43421
vt -12.2173 1.43421
vt -12.1475 1.43421
vt -12.0777 1.43421
vt -12.0079 1.43421
vt -11.9381 1.43421
vt -11.8682 1.43421
vt -11.7984 1.43421
vt -11.7286 1.43421
vt -11.6588 1.43421
vt -11.589 1.43421
vt -11.5192 1.43421
vt -11.4494 1.43421
vt -11.3795 1.43421
vt -11.3097 1.43421
vt -11.2399 1.43421
vt -11.1701 1.43421
vt -11.1003 1.43421
vt -11.0305 1.43421
vt -10.9607 1.43421
vt -10.8909 1.43421
vt -10.821 1.43421
vt -10.7512 1.43421
vt -10.6814 1.43421
vt -10.6116 1.43421
vt -10.5418 1.43421
vt -10.472 1.43421
vt -10.4022 1.43421
vt -10.3323 1.43421
vt -10.2625 1.43421
vt -10.1927 1.43421
vt -10.1229 1.43421
vt -10.0531 1.43421
vt -9.98328 1.43421
vt -9.91347 1.43421
vt -9.84366 1.43421
vt -9.77384 1.43421
vt -9.70403 1.43421
vt -9.63422 1.43421
vt -9.5644 1.43421
vt -9.49459 1.43421
vt -9.42478 1.43421
vt -9.35496 1.43421
vt -9.28515 1.43421
vt -9.21534 1.43421
vt -9.14553 1.43421
vt -9.07571 1.43421
vt -9.0059 1.43421
vt -8.93609 1.43421
vt -8.86627 1.43421
vt -8.79646 1.43421
vt -8.72665 1.43421
vt -8.65683 1.43421
vt -8.58702 1.43421
vt -8.51721 1.43421
vt -8.44739 1.43421
vt -8.37758 1.43421
vt -8.30777 1.43421
vt -8.23795 1.43421
vt -8.16814 1.43421
vt -8.09833 1.43421
vt -8.02851 1.43421
vt -7.9587 1.43421
vt -7.88889 1.43421
vt -7.81908 1.43421
vt -7.74926 1.43421
vt -7.67945 1.43421
vt -7.60964 1.43421
vt -7.53982 1.43421
vt -7.47001 1.43421
vt -7.4002 1.43421
vt -7.33038 1.43421
vt -7.26057 1.43421
vt -7.19076 1.43421
vt -7.12094 1.43421
vt -7.05113 1.43421
vt -6.98132 1.43421
vt -6.9115 1.43421
vt -6.84169 1.43421
vt -6.77188 1.43421
vt -6.70206 1.43421
vt -6.63225 1.43421
vt -6.56244 1.43421
vt -6.49262 1.43421
vt -6.42281 1.43421
vt -6.353 1.43421
vt -6.28319 1.5025
vt -6.21337 1.5025
vt -6.14356 1.5025
vt -6.07375 1.5025
vt -6.00393 1.5025
vt -5.93412 1.5025
vt -5.86431 1.5025
vt -5.79449 1.5025
vt -5.72468 1.5025
vt -5.65487 1.5025
vt -5.58505 1.5025
vt -5.51524 1.5025
vt -5.44543 1.5025
vt -5.37561 1.5025
vt -5.3058 1.5025
vt -5.23599 1.5025
vt -5.16617 1.5025
vt -5.09636 1.5025
vt -5.02655 1.5025
vt -4.95674 1.5025
vt -4.88692 1.5025
vt -4.81711 1.5025
vt -4.7473 1.5025
vt -4.67748 1.5025
vt -4.60767 1.5025
vt -4.53786 1.5025
vt -4.46804 1.5025
vt -4.39823 1.5025
vt -4.32842 1.5025
vt -4.2586 1.5025
vt -4.18879 1.5025
vt -4.11898 1.5025
vt -4.04916 1.5025
vt -3.97935 1.5025
vt -3.90954 1.5025
vt -3.83972 1.5025
vt -3.76991 1.5025
vt -3.7001 1.5025
vt -3.63028 1.5025
vt -3.56047 1.5025
vt -3.49066 1.5025
vt -3.42085 1.5025
vt -3.35103 1.5025
vt -3.28122 1.5025
vt -3.21141 1.5025
vt -3.14159 1.5025
vt -3.07178 1.5025
vt -3.00197 1.5025
vt -2.93215 1.5025
vt -2.86234 1.5025
vt -2.79253 1.5025
vt -2.72271 1.5025
vt -2.6529 1.5025
vt -2.58309 1.5025
vt -2.51327 1.5025
vt -2.44346 1.5025
vt -2.37365 1.5025
vt -2.30383 1.5025
vt -2.23402 1.5025
vt -2.16421 1.5025
vt -2.0944 1.5025
vt -2.02458 1.5025
vt -1.95477 1.5025
vt -1.88496 1.5025
vt -1.81514 1.5025
vt -1.74533 1.5025
vt -1.67552 1.5025
vt -1.6057 1.5025
vt -1.53589 1.5025
vt -1.46608 1.5025
vt -1.39626 1.5025
vt -1.32645 1.5025
vt -1.25664 1.5025
vt -1.18682 1.5025
vt -1.11701 1.5025
vt -1.0472 1.5025
vt -0.977384 1.5025
vt -0.907571 1.5025
vt -0.837758 1.5025
vt -0.767945 1.5025
vt -0.698132 1.5025
vt -0.628319 1.5025
vt -0.558505 1.5025
vt -0.488692 1.5025
vt -0.418879 1.5025
vt -0.349066 1.5025
vt -0.279253 1.5025
vt -0.20944 1.5025
vt -0.139626 1.5025
vt -0.0698132 1.5025
vt -0.0349066 1.5708
vt -0.10472 1.5708
vt -0.174533 1.5708
vt -0.244346 1.5708
vt -0.314159 1.5708
vt -0.383972 1.5708
vt -0.453786 1.5708
vt -0.523599 1.5708
vt -0.593412 1.5708
vt -0.663225 1.5708
vt -0.733038 1.5708
vt -0.802851 1.5708
vt -0.872665 1.5708
vt -0.942478 1.5708
vt -1.01229 1.5708
vt -1.0821 1.5708
vt -1.15192 1.5708
vt -1.22173 1.5708
vt -1.29154 1.5708
vt -1.36136 1.5708
vt -1.43117 1.5708
vt -1.50098 1.5708
vt -1.5708 1.5708
vt -1.64061 1.5708
vt -1.71042 1.5708
vt -1.78024 1.5708
vt -1.85005 1.5708
vt -1.91986 1.5708
vt -1.98968 1.5708
vt -2.05949 1.5708
vt -2.1293 1.5708
vt -2.19911 1.5708
vt -2.26893 1.5708
vt -2.33874 1.5708
vt -2.40855 1.5708
vt -2.47837 1.5708
vt -2.54818 1.5708
vt -2.61799 1.5708
vt -2.68781 1.5708
vt -2.75762 1.5708
vt -2.82743 1.5708
vt -2.89725 1.5708
vt -2.96706 1.5708
vt -3.03687 1.5708
vt -3.10669 1.5708
vt -3.1765 1.5708
vt -3.24631 1.5708
vt -3.31613 1.5708
vt -3.38594 1.5708
vt -3.45575 1.5708
vt -3.52557 1.5708
vt -3.59538 1.5708
vt -3.66519 1.5708
vt -3.735 1.5708
vt -3.80482 1.5708
vt -3.87463 1.5708
vt -3.94444 1.5708
vt -4.01426 1.5708
vt -4.08407 1.5708
vt -4.15388 1.5708
vt -4.2237 1.5708
vt -4.29351 1.5708
vt -4.36332 1.5708
vt -4.43314 1.5708
vt -4.50295 1.5708
vt -4.57276 1.5708
vt -4.64258 1.5708
vt -4.71239 1.5708
vt -4.7822 1.5708
vt -4.85202 1.5708
vt -4.92183 1.5708
vt -4.99164 1.5708
vt -5.06145 1.5708
vt -5.13127 1.5708
vt -5.20108 1.5708
vt -5.27089 1.5708
vt -5.34071 1.5708
vt -5.41052 1.5708
vt -5.48033 1.5708
vt -5.55015 1.5708
vt -5.61996 1.5708
vt -5.68977 1.5708
vt -5.75959 1.5708
vt -5.8294 1.5708
vt -5.89921 1.5708
vt -5.96903 1.5708
vt -6.03884 1.5708
vt -6.10865 1.5708
vt -6.17847 1.5708
vt -6.24828 1.5708
vt 6.28319 0.15
vt 6.28319 0.015
vt 6.353 0.015
vt 6.353 0.15
vt 0.139626 0.015
vt 0.139626 0.15
vt 0.20944 0.015
vt 0.20944 0.15
vt 0.279253 0.015
vt 0.279253 0.15
vt 0.349066 0.015
vt 0.349066 0.15
vt 0.418879 0.015
vt 0.418879 0.15
vt 0.488692 0.015
vt 0.488692 0.15
vt 0.558505 0.015
vt 0.558505 0.15
vt 0.628319 0.015
vt 0.628319 0.15
vt 0.698132 0.015
vt 0.698132 0.15
vt 0.767945 0.015
vt 0.767945 0.15
vt 0.837758 0.015
vt 0.837758 0.15
vt 0.907571 0.015
vt 0.907571 0.15
vt 0.977384 0.015
vt 0.977384 0.15
vt 1.0472 0.015
vt 1.0472 0.15
vt 1.11701 0.015
vt 1.11701 0.15
vt 1.18682 0.015
vt 1.18682 0.15
vt 1.25664 0.015
vt 1.25664 0.15
vt 1.32645 0.015
vt 1.32645 0.15
vt 1.39626 0.015
vt 1.39626 0.15
vt 1.46608 0.015
vt 1.46608 0.15
vt 1.53589 0.015
vt 1.6057 0.015
vt 1.6057 0.15
vt 1.5708 0.15
vt 1.67552 0.015
vt 1.67552 0.15
vt 1.74533 0.015
vt 1.74533 0.15
vt 1.81514 0.015
vt 1.81514 0.15
vt 1.88496 0.015
vt 1.88496 0.15
vt 1.95477 0.015
vt 1.95477 0.15
vt 2.02458 0.015
vt 2.02458 0.15
vt 2.0944 0.015
vt 2.0944 0.15
vt 2.16421 0.015
vt 2.16421 0.15
vt 2.23402 0.015
vt 2.23402 0.15
vt 2.30383 0.015
vt 2.30383 0.15
vt 2.37365 0.015
vt 2.37365 0.15
vt 2.44346 0.015
vt 2.44346 0.15
vt 2.51327 0.015
vt 2.51327 0.15
vt 2.58309 0.015
vt 2.58309 0.15
vt 2.6529 0.015
vt 2.6529 0.15
vt 2.72271 0.015
vt 2.72271 0.15
vt 2.79253 0.015
vt 2.79253 0.15
vt 2.86234 0.015
vt 2.86234 0.15
vt 2.93215 0.015
vt 2.93215 0.15
vt 3.00197 0.015
vt 3.00197 0.15
vt 3.07178 0.015
vt 3.07178 0.15
vt 3.14159 0.015
vt 3.14159 0.15
vt 3.21141 0.015
vt 3.21141 0.15
vt 3.28122 0.015
vt 3.28122 0.15
vt 3.35103 0.015
vt 3.35103 0.15
vt 3.42085 0.015
vt 3.42085 0.15
vt 3.49066 0.015
vt 3.49066 0.15
vt 3.56047 0.015
vt 3.56047 0.15
vt 3.63028 0.015
vt 3.63028 0.15
vt 3.7001 0.015
vt 3.7001 0.15
vt 3.76991 0.015
vt 3.76991 0.15
vt 3.83972 0.015
vt 3.83972 0.15
vt 3.90954 0.015
vt 3.90954 0.15
vt 3.97935 0.015
vt 3.97935 0.15
vt 4.04916 0.015
vt 4.04916 0.15
vt 4.11898 0.015
vt 4.11898 0.15
vt 4.18879 0.015
vt 4.18879 0.15
vt 4.2586 0.015
vt 4.2586 0.15
vt 4.32842 0.015
vt 4.32842 0.15
vt 4.39823 0.015
vt 4.39823 0.15
vt 4.46804 0.015
vt 4.46804 0.15
vt 4.53786 0.015
vt 4.53786 0.15
vt 4.60767 0.015
vt 4.60767 0.15
vt 4.67748 0.015
vt 4.7473 0.015
vt 4.7473 0.15
vt 4.71239 0.15
vt 4.81711 0.015
vt 4.81711 0.15
vt 4.88692 0.015
vt 4.88692 0.15
vt 4.95674 0.015
vt 4.95674 0.15
vt 5.02655 0.015
vt 5.02655 0.15
vt 5.09636 0.015
vt 5.09636 0.15
vt 5.16617 0.015
vt 5.16617 0.15
vt 5.23599 0.015
vt 5.23599 0.15
vt 5.3058 0.015
vt 5.3058 0.15
vt 5.37561 0.015
vt 5.37561 0.15
vt 5.44543 0.015
vt 5.44543 0.15
vt 5.51524 0.015
vt 5.51524 0.15
vt 5.58505 0.015
vt 5.58505 0.15
vt 5.65487 0.015
vt 5.65487 0.15
vt 5.72468 0.015
vt 5.72468 0.15
vt 5.79449 0.015
vt 5.79449 0.15
vt 5.86431 0.015
vt 5.86431 0.15
vt 5.93412 0.015
vt 5.93412 0.15
vt 6.00393 0.015
vt 6.00393 0.15
vt 6.07375 0.015
vt 6.07375 0.15
vt 6.14356 0.015
vt 6.14356 0.15
vt 6.21337 0.015
vt 6.21337 0.15
vt 4.67748 0.15
vt 1.53589 0.15
vt 0.0146021 0.0131179
vt 0.0142915 0.0133436
vt 0.0114907 0.00964181
vt 0.0121353 0.00881678
vt 0.0152666 0.0127343
vt 0.0149276 0.0129145
vt 0.0171027 0.0122078
vt 0.0146722 0.00311868
vt 0.014854 0.0020876
vt 0.0167226 0.0122612
vt 0.0163471 0.012341
vt 0.0144189 0.00413456
vt 0.010037 0.0111472
vt 0.0107901 0.0104199
vt 0.0137213 0.013857
vt 0.0159781 0.0124468
vt 0.0127207 0.00794879
vt 0.0132442 0.00704207
vt 0.0156173 0.0125781
vt 0.0137032 0.00610105
vt 0.0149635 0.00104635
vt 0.0122978 0.0165341
vt 0.00362883 0.0145544
vt 0.00463525 0.0142658
vt 0.0134644 0.0141423
vt 0.0139974 0.0135904
vt 0.0140954 0.0051303
vt 0.0171027 0.0231475
vt 0.0174857 0.0231743
vt 0.0178942 0.0265292
vt -8.67362e-18 0.032
vt 0.0128214 0.0202597
vt 0.0130134 0.0205922
vt 0.0122312 0.0169122
vt 0.012191 0.017294
vt 0.0123907 0.0161616
vt 0.0125093 0.0157965
vt 0.00657557 0.0134819
vt 0.0075 0.0129904
vt 0.0130134 0.0147631
vt 0.00838789 0.0124356
vt 0.00923492 0.0118202
vt 0.0132281 0.0144448
vt 0.015 6.67433e-18
vt 0.0178696 0.012181
vt 0.0174857 0.012181
vt 0.032 -1.22465e-19
vt 0.0193772 0.0124468
vt 0.0190082 0.012341
vt 0.0204276 0.0129145
vt 0.0200887 0.0127343
vt 0.0210638 0.0133436
vt 0.031922 0.00223221
vt 0.0218909 0.0141423
vt 0.0313007 0.00665317
vt 0.0307604 0.0088204
vt 0.0223419 0.0147631
vt 0.0300702 0.0109446
vt 0.0225339 0.0150956
vt 0.0292335 0.0130156
vt 0.022846 0.0157965
vt 0.0282543 0.0150231
vt 0.0230575 0.0165341
vt 0.0271375 0.0169574
vt 0.0245134 0.0205692
vt 0.022846 0.0195588
vt 0.0229646 0.0191937
vt 0.0230189 0.0222291
vt 0.0221272 0.0209105
vt 0.0223419 0.0205922
vt 0.0213579 0.0217649
vt 0.021634 0.0214983
vt 0.0214122 0.0237806
vt 0.0210638 0.0220117
vt 0.0204276 0.0224408
vt 0.0207532 0.0222374
vt 0.0197012 0.0252163
vt 0.019738 0.0227772
vt 0.0186327 0.0230941
vt 0.0190082 0.0230143
vt 0.0182526 0.0231475
vt 0.016 0.0277128
vt 0.0163471 0.0230143
vt 0.0167226 0.0230941
vt 0.0146021 0.0222374
vt 0.0149276 0.0224408
vt 0.00988854 0.0304338
vt 0.0137213 0.0214983
vt 0.0139974 0.0217649
vt 0.00555674 0.0315138
vt 0.0134644 0.021213
vt 0.00334491 0.0318247
vt 0.0126531 0.0199147
vt 0.0123907 0.0191937
vt 0.0125093 0.0195588
vt 0.0121776 0.0176777
vt 0.00156793 0.0149178
vt 0.00260472 0.0147721
vt 0.0126531 0.0154406
vt 0.0182526 0.0122078
vt 0.019738 0.0125781
vt 0.0213579 0.0135904
vt 0.0221272 0.0144448
vt 0.0227022 0.0154406
vt 0.0229646 0.0161616
vt 0.0231241 0.0169122
vt 0.0227022 0.0199147
vt 0.0225339 0.0202597
vt 0.0218909 0.021213
vt 0.0200887 0.022621
vt 0.0193772 0.0229085
vt 0.0178696 0.0231743
vt 0.0140279 0.0287614
vt 0.0159781 0.0229085
vt 0.0152666 0.022621
vt 0.0119874 0.0296699
vt 0.0077415 0.0310495
vt 0.0142915 0.0220117
vt 0.00111678 0.0319805
vt 0.0132281 0.0209105
vt -8.67362e-18 0.015
vt 0.0122978 0.0188212
vt 0.000523492 0.0149909
vt 0.0056191 0.0139078
vt 0.0128214 0.0150956
vt 0.0186327 0.0122612
vt 0.0207532 0.0131179
vt 0.0316886 0.00445354
vt 0.021634 0.013857
vt 0.0258885 0.0188091
vt 0.0230575 0.0188212
vt 0.0156173 0.0227772
vt 0.0122312 0.0184431
vt 0.012191 0.0180613
vt 0.0231776 0.0176777
vt 0.0231241 0.0184431
vt 0.0231643 0.0180613
vt 0.0231643 0.017294
vt -0.0137032 0.00610105
vt -0.0163471 0.012341
vt -0.0167226 0.0122612
vt -0.0159781 0.0124468
vt -0.0132442 0.00704207
vt -0.0171027 0.0122078
vt -0.0146722 0.00311868
vt -0.0144189 0.00413456
vt -0.0156173 0.0125781
vt -0.0140954 0.0051303
vt -0.0114907 0.00964181
vt -0.0107901 0.0104199
vt -0.0139974 0.0135904
vt -0.0152666 0.0127343
vt -0.0127207 0.00794879
vt -0.0121353 0.00881678
vt -0.0142915 0.0133436
vt -0.0125093 0.0157965
vt -0.0126531 0.0154406
vt -0.0075 0.0129904
vt -0.0122978 0.0165341
vt -0.0123907 0.0161616
vt -0.00463525 0.0142658
vt -0.032 -4.04133e-18
vt -0.015 1.16341e-18
vt -0.0190082 0.012341
vt -0.0182526 0.0122078
vt -0.0186327 0.0122612
vt -0.014854 0.0020876
vt -0.0149635 0.00104635
vt -0.0149277 0.0129145
vt -0.0146021 0.0131179
vt -0.010037 0.0111472
vt -0.0134644 0.0141423
vt -0.0137213 0.013857
vt -0.0132281 0.0144448
vt -0.0121777 0.0176776
vt -0.00156793 0.0149178
vt -0.000523492 0.0149909
vt -0.00657557 0.0134819
vt -0.0056191 0.0139078
vt -0.00362883 0.0145544
vt -0.0122312 0.0169122
vt -0.012191 0.017294
vt -0.0128214 0.0202597
vt -0.0126531 0.0199147
vt -0.0193772 0.0124468
vt -0.019738 0.0125781
vt -0.0174857 0.012181
vt -0.0178696 0.012181
vt -0.00923492 0.0118202
vt -0.0130134 0.0147631
vt -0.0128214 0.0150956
vt -0.00260472 0.0147721
vt -0.0125093 0.0195588
vt -0.0163471 0.0230143
vt -0.0140279 0.0287614
vt -0.016 0.0277128
vt -0.0171027 0.0231475
vt -0.0178942 0.0265292
vt -0.0214122 0.0237806
vt -0.0207532 0.0222374
vt -0.0204277 0.0224408
vt -0.0230189 0.0222291
vt -0.0213579 0.0217649
vt -0.0218909 0.021213
vt -0.021634 0.0214983
vt -0.0245134 0.0205692
vt -0.0223419 0.0205922
vt -0.0230575 0.0165341
vt -0.0231241 0.0169122
vt -0.0271375 0.0169574
vt -0.0223419 0.0147631
vt -0.0225339 0.0150956
vt -0.0300702 0.0109446
vt -0.0218909 0.0141423
vt -0.0221272 0.0144448
vt -0.0307604 0.0088204
vt -0.021634 0.013857
vt -0.0313007 0.00665317
vt -0.0213579 0.0135904
vt -0.0316886 0.00445354
vt -0.0210638 0.0133436
vt -0.031922 0.00223221
vt -0.00838789 0.0124356
vt -0.0130134 0.0205922
vt -0.0132281 0.0209105
vt -0.00111678 0.0319805
vt -0.0134644 0.021213
vt -0.00334491 0.0318247
vt -0.0167226 0.0230941
vt -0.0178696 0.0231743
vt -0.0174857 0.0231743
vt -0.0210638 0.0220117
vt -0.0225339 0.0202597
vt -0.0258885 0.0188091
vt -0.0229646 0.0191937
vt -0.0282543 0.0150231
vt -0.022846 0.0157965
vt -0.0229646 0.0161616
vt -0.0227022 0.0154406
vt -0.0292335 0.0130156
vt -0.0200887 0.0127343
vt -0.0204277 0.0129145
vt -0.0137213 0.0214983
vt -0.00555674 0.0315138
vt -0.0139974 0.0217649
vt -0.0077415 0.0310495
vt -0.0146021 0.0222374
vt -0.00988854 0.0304338
vt -0.0182526 0.0231475
vt -0.0197012 0.0252163
vt -0.0186327 0.0230941
vt -0.0193772 0.0229085
vt -0.0190082 0.0230143
vt -0.0227022 0.0199147
vt -0.022846 0.0195588
vt -0.0231643 0.0180613
vt -0.0231241 0.0184431
vt -0.0231777 0.0176776
vt -0.0231643 0.017294
vt -0.0207532 0.0131179
vt -0.0142915 0.0220117
vt -0.0149277 0.0224408
vt -0.0119874 0.0296699
vt -0.0200887 0.022621
vt -0.019738 0.0227772
vt -0.0221272 0.0209105
vt -0.0123907 0.0191937
vt -0.0152666 0.022621
vt -0.0156173 0.0227772
vt -0.0230575 0.0188212
vt -0.0122978 0.0188212
vt -0.0159781 0.0229085
vt -0.0122312 0.0184431
vt -0.012191 0.0180613
vt -0.0132281 -0.0144448
vt -0.00923492 -0.0118202
vt -0.010037 -0.0111472
vt -0.0134644 -0.0141423
vt -0.0126531 -0.0154406
vt -0.0075 -0.0129904
vt -0.00838789 -0.0124356
vt -0.0130134 -0.0147631
vt -0.0107901 -0.0104199
vt -0.0137213 -0.013857
vt -0.0171027 -0.0122078
vt -0.0140954 -0.0051303
vt -0.0144189 -0.00413456
vt -0.0125093 -0.0157965
vt -0.00657557 -0.0134819
vt -0.0128214 -0.0150956
vt -0.0114907 -0.00964181
vt -0.0142915 -0.0133436
vt -0.0139974 -0.0135904
vt -0.0146021 -0.0131179
vt -0.014854 -0.0020876
vt -0.0149635 -0.00104635
vt -0.0146722 -0.00311868
vt -0.0156173 -0.0125781
vt -0.0152666 -0.0127343
vt -0.0127207 -0.00794879
vt -0.0132442 -0.00704207
vt -0.0167226 -0.0122612
vt -0.0207532 -0.0131179
vt -0.0204276 -0.0129145
vt -0.0210638 -0.0133436
vt -0.031922 -0.00223221
vt -0.0213579 -0.0135904
vt -0.0316886 -0.00445354
vt -0.0123907 -0.0161616
vt -0.00463525 -0.0142658
vt -0.0056191 -0.0139078
vt -0.0121353 -0.00881678
vt -0.0149276 -0.0129145
vt -0.0137032 -0.00610105
vt -0.0159781 -0.0124468
vt -0.0163471 -0.012341
vt -0.021634 -0.013857
vt -0.0223419 -0.0147631
vt -0.0307604 -0.0088204
vt -0.0300702 -0.0109446
vt -0.0122978 -0.0165341
vt -0.00362883 -0.0145544
vt -0.0122312 -0.0169122
vt -0.00156793 -0.0149178
vt -0.00260472 -0.0147721
vt -8.67362e-18 -0.015
vt -0.000523492 -0.0149909
vt -0.0178696 -0.012181
vt -0.0174857 -0.012181
vt -0.0193772 -0.0124468
vt -0.0190082 -0.012341
vt -0.0200887 -0.0127343
vt -0.019738 -0.0125781
vt -0.0313007 -0.00665317
vt -0.0218909 -0.0141423
vt -0.0225339 -0.0150956
vt -0.0292335 -0.0130156
vt -0.022846 -0.0157965
vt -0.0282543 -0.0150231
vt -0.0230575 -0.0165341
vt -0.0271375 -0.0169574
vt -0.0182526 -0.0122078
vt -0.0221272 -0.0144448
vt -0.0227022 -0.0154406
vt -0.0229646 -0.0161616
vt -0.0231643 -0.017294
vt -0.0231241 -0.0169122
vt -0.0230189 -0.0222291
vt -0.0221272 -0.0209105
vt -0.0223419 -0.0205922
vt -0.0197012 -0.0252163
vt -0.0186327 -0.0230941
vt -0.0190082 -0.0230143
vt -0.0178942 -0.0265292
vt -0.0182526 -0.0231475
vt -0.0174857 -0.0231743
vt -0.0178696 -0.0231743
vt -0.0171027 -0.0231475
vt -0.0163471 -0.0230143
vt -0.0167226 -0.0230941
vt -0.016 -0.0277128
vt -0.0149276 -0.0224408
vt -0.0152666 -0.022621
vt -0.0119874 -0.0296699
vt -0.0122978 -0.0188212
vt -0.0123907 -0.0191937
vt -0.0186327 -0.0122612
vt -0.0231776 -0.0176777
vt -0.0258885 -0.0188091
vt -0.0230575 -0.0188212
vt -0.0231241 -0.0184431
vt -0.0245134 -0.0205692
vt -0.022846 -0.0195588
vt -0.0229646 -0.0191937
vt -0.0214122 -0.0237806
vt -0.0210638 -0.0220117
vt -0.0213579 -0.0217649
vt -0.0140279 -0.0287614
vt -0.0159781 -0.0229085
vt -0.0156173 -0.0227772
vt -0.00988854 -0.0304338
vt -0.0122312 -0.0184431
vt -0.0121776 -0.0176777
vt -0.012191 -0.0180613
vt -0.0231643 -0.0180613
vt -0.0227022 -0.0199147
vt -0.0225339 -0.0202597
vt -0.021634 -0.0214983
vt -0.0218909 -0.021213
vt -0.0200887 -0.022621
vt -0.0204276 -0.0224408
vt -0.019738 -0.0227772
vt -0.0146021 -0.0222374
vt -0.0139974 -0.0217649
vt -0.0142915 -0.0220117
vt -0.0077415 -0.0310495
vt -0.0137213 -0.0214983
vt -0.00555674 -0.0315138
vt -0.0134644 -0.021213
vt -0.00334491 -0.0318247
vt -8.67362e-18 -0.032
vt -0.0128214 -0.0202597
vt -0.0130134 -0.0205922
vt -0.0125093 -0.0195588
vt -0.0207532 -0.0222374
vt -0.0193772 -0.0229085
vt -0.00111678 -0.0319805
vt -0.0132281 -0.0209105
vt -0.0126531 -0.0199147
vt -0.012191 -0.017294
vt 0.0190082 -0.012341
vt 0.0186327 -0.0122612
vt 0.0163471 -0.012341
vt 0.0140954 -0.0051303
vt 0.0137032 -0.00610105
vt 0.0152666 -0.0127343
vt 0.0127207 -0.00794879
vt 0.0121353 -0.00881678
vt 0.0223419 -0.0147631
vt 0.0225339 -0.0150956
vt 0.0300702 -0.0109446
vt 0.0193772 -0.0124468
vt 0.019738 -0.0125781
vt 0.0182526 -0.0122078
vt 0.0171027 -0.0122078
vt 0.0174857 -0.012181
vt 0.0159781 -0.0124468
vt 0.0149277 -0.0129145
vt 0.00923492 -0.0118202
vt 0.0128214 -0.0150956
vt 0.0130134 -0.0147631
vt 0.022846 -0.0157965
vt 0.0229646 -0.0161616
vt 0.0282543 -0.0150231
vt 0.0227022 -0.0154406
vt 0.0292335 -0.0130156
vt 0.0307604 -0.0088204
vt 0.0221272 -0.0144448
vt 0.0218909 -0.0141423
vt 0.021634 -0.013857
vt 0.0313007 -0.00665317
vt 0.0213579 -0.0135904
vt 0.0316886 -0.00445354
vt 0.0210638 -0.0133436
vt 0.031922 -0.00223221
vt 0.0204277 -0.0129145
vt 0.0207532 -0.0131179
vt 0.0178696 -0.012181
vt 0.0167226 -0.0122612
vt 0.0146722 -0.00311868
vt 0.0144189 -0.00413456
vt 0.0149635 -0.00104635
vt 0.0156173 -0.0125781
vt 0.010037 -0.0111472
vt 0.0134644 -0.0141423
vt 0.0137213 -0.013857
vt 0.0132281 -0.0144448
vt 0.0126531 -0.0154406
vt 0.0125093 -0.0157965
vt 0.0075 -0.0129904
vt 0.0171027 -0.0231475
vt 0.016 -0.0277128
vt 0.0178942 -0.0265292
vt 0.0200887 -0.0127343
vt 0.014854 -0.0020876
vt 0.0132442 -0.00704207
vt 0.0146021 -0.0131179
vt 0.0114907 -0.00964181
vt 0.0107901 -0.0104199
vt 0.0139974 -0.0135904
vt 0.00838789 -0.0124356
vt 0.00657557 -0.0134819
vt 0.0123907 -0.0161616
vt 0.0163471 -0.0230143
vt 0.0140279 -0.0287614
vt 0.0178696 -0.0231743
vt 0.0174857 -0.0231743
vt 0.0230575 -0.0165341
vt 0.0231241 -0.0169122
vt 0.0271375 -0.0169574
vt 0.0142915 -0.0133436
vt 0.0122312 -0.0169122
vt 0.00156793 -0.0149178
vt 0.000523492 -0.0149909
vt 0.00362883 -0.0145544
vt 0.00260472 -0.0147721
vt 0.0122978 -0.0165341
vt 0.00463525 -0.0142658
vt 0.0167226 -0.0230941
vt 0.0182526 -0.0231475
vt 0.0197012 -0.0252163
vt 0.0186327 -0.0230941
vt 0.0056191 -0.0139078
vt 0.0123907 -0.0191937
vt 0.0132281 -0.0209105
vt 0.00111678 -0.0319805
vt 0.0134644 -0.021213
vt 0.00334491 -0.0318247
vt 0.0137213 -0.0214983
vt 0.00555674 -0.0315138
vt 0.0139974 -0.0217649
vt 0.0077415 -0.0310495
vt 0.0146021 -0.0222374
vt 0.00988854 -0.0304338
vt 0.0149277 -0.0224408
vt 0.0119874 -0.0296699
vt 0.0214122 -0.0237806
vt 0.0200887 -0.022621
vt 0.019738 -0.0227772
vt 0.0122312 -0.0184431
vt 0.012191 -0.0180613
vt 0.0122978 -0.0188212
vt 0.0130134 -0.0205922
vt 0.0142915 -0.0220117
vt 0.0152666 -0.022621
vt 0.0156173 -0.0227772
vt 0.0193772 -0.0229085
vt 0.0190082 -0.0230143
vt 0.0230189 -0.0222291
vt 0.0245134 -0.0205692
vt 0.0223419 -0.0205922
vt 0.0258885 -0.0188091
vt 0.0229646 -0.0191937
vt 0.0121777 -0.0176776
vt 0.012191 -0.017294
vt 0.0126531 -0.0199147
vt 0.0125093 -0.0195588
vt 0.0128214 -0.0202597
vt 0.0159781 -0.0229085
vt 0.0204277 -0.0224408
vt 0.0213579 -0.0217649
vt 0.0225339 -0.0202597
vt 0.022846 -0.0195588
vt 0.0231241 -0.0184431
vt 0.0230575 -0.0188212
vt 0.0231643 -0.017294
vt 0.0207532 -0.0222374
vt 0.0210638 -0.0220117
vt 0.0218909 -0.021213
vt 0.021634 -0.0214983
vt 0.0227022 -0.0199147
vt 0.0221272 -0.0209105
vt 0.0231777 -0.0176776
vt 0.0231643 -0.0180613
vt 6.28319 0.018
vt 6.28319 0.008
vt 6.353 0.008
vt 6.353 0.018
vt 6.42281 0.008
vt 6.42281 0.018
vt 0.20944 0.008
vt 0.279253 0.008
vt 0.271791 0.018
vt 0.279253 0.018
vt 0.349066 0.008
vt 0.349066 0.018
vt 0.418879 0.008
vt 0.418879 0.018
vt 0.488692 0.008
vt 0.488692 0.018
vt 0.558505 0.008
vt 0.558505 0.018
vt 0.628319 0.008
vt 0.628319 0.018
vt 0.698132 0.008
vt 0.698132 0.018
vt 0.767945 0.008
vt 0.767945 0.018
vt 0.837758 0.008
vt 0.837758 0.018
vt 0.907571 0.008
vt 0.907571 0.018
vt 0.977384 0.008
vt 0.977384 0.018
vt 1.0472 0.008
vt 1.0472 0.018
vt 1.11701 0.008
vt 1.11701 0.018
vt 1.18682 0.008
vt 1.18682 0.018
vt 1.25664 0.008
vt 1.25664 0.018
vt 1.32645 0.008
vt 1.32645 0.018
vt 1.39626 0.008
vt 1.39626 0.018
vt 1.46608 0.008
vt 1.46608 0.018
vt 1.53589 0.008
vt 1.6057 0.008
vt 1.6057 0.018
vt 1.5708 0.018
vt 1.53589 0.018
vt 1.5708 0.008
vt 1.67552 0.008
vt 1.67552 0.018
vt 1.74533 0.008
vt 1.74533 0.018
vt 1.81514 0.008
vt 1.81514 0.018
vt 1.88496 0.008
vt 1.88496 0.018
vt 1.95477 0.008
vt 1.95477 0.018
vt 2.02458 0.008
vt 2.02458 0.018
vt 2.0944 0.008
vt 2.0944 0.018
vt 2.16421 0.008
vt 2.16421 0.018
vt 2.23402 0.008
vt 2.23402 0.018
vt 2.30383 0.008
vt 2.30383 0.018
vt 2.37365 0.008
vt 2.37365 0.018
vt 2.44346 0.008
vt 2.44346 0.018
vt 2.51327 0.008
vt 2.51327 0.018
vt 2.58309 0.008
vt 2.58309 0.018
vt 2.6529 0.008
vt 2.6529 0.018
vt 2.72271 0.008
vt 2.72271 0.018
vt 2.79253 0.008
vt 2.79253 0.018
vt 2.86234 0.008
vt 2.93215 0.008
vt 2.93215 0.018
vt 2.8698 0.018
vt 3.00197 0.008
vt 3.00197 0.018
vt 3.07178 0.008
vt 3.07178 0.018
vt 3.14159 0.008
vt 3.14159 0.018
vt 3.21141 0.008
vt 3.21141 0.018
vt 3.28122 0.008
vt 3.28122 0.018
vt 3.35103 0.008
vt 3.35103 0.018
vt 3.42085 0.008
vt 3.42085 0.018
vt 3.49066 0.008
vt 3.49066 0.018
vt 3.56047 0.008
vt 3.56047 0.018
vt 3.63028 0.008
vt 3.63028 0.018
vt 3.7001 0.008
vt 3.7001 0.018
vt 3.76991 0.008
vt 3.76991 0.018
vt 3.83972 0.008
vt 3.83972 0.018
vt 3.90954 0.008
vt 3.90954 0.018
vt 3.97935 0.008
vt 3.97935 0.018
vt 4.04916 0.008
vt 4.04916 0.018
vt 4.11898 0.008
vt 4.11898 0.018
vt 4.18879 0.008
vt 4.18879 0.018
vt 4.2586 0.008
vt 4.2586 0.018
vt 4.32842 0.008
vt 4.32842 0.018
vt 4.39823 0.008
vt 4.39823 0.018
vt 4.46804 0.008
vt 4.46804 0.018
vt 4.53786 0.008
vt 4.53786 0.018
vt 4.60767 0.008
vt 4.60767 0.018
vt 4.67748 0.008
vt 4.7473 0.018
vt 4.71239 0.018
vt 4.71239 0.008
vt 4.67748 0.018
vt 4.7473 0.008
vt 4.81711 0.008
vt 4.81711 0.018
vt 4.88692 0.008
vt 4.88692 0.018
vt 4.95674 0.008
vt 4.95674 0.018
vt 5.02655 0.008
vt 5.02655 0.018
vt 5.09636 0.008
vt 5.09636 0.018
vt 5.16617 0.008
vt 5.16617 0.018
vt 5.23599 0.008
vt 5.23599 0.018
vt 5.3058 0.008
vt 5.3058 0.018
vt 5.37561 0.008
vt 5.37561 0.018
vt 5.44543 0.008
vt 5.44543 0.018
vt 5.51524 0.008
vt 5.51524 0.018
vt 5.58505 0.008
vt 5.58505 0.018
vt 5.65487 0.008
vt 5.65487 0.018
vt 5.72468 0.008
vt 5.72468 0.018
vt 5.79449 0.008
vt 5.79449 0.018
vt 5.86431 0.008
vt 5.86431 0.018
vt 5.93412 0.008
vt 5.93412 0.018
vt 6.00393 0.008
vt 6.00393 0.018
vt 6.07375 0.008
vt 6.07375 0.018
vt 6.14356 0.008
vt 6.14356 0.018
vt 6.21337 0.008
vt 6.21337 0.018
vt 2.86234 0.018
vt 0.20944 0.018
vt -0.0698132 0.006
vt 0 0.006
vt 0 -0
vt -0.139626 0.006
vt -0.0698132 -0
vt 6.07375 0.006
vt -0.139626 -0
vt 6.00393 0.006
vt 6.07375 -0
vt 5.93412 0.006
vt 6.00393 -0
vt 5.86431 0.006
vt 5.93412 -0
vt 5.79449 0.006
vt 5.86431 -0
vt 5.72468 0.006
vt 5.79449 -0
vt 5.65487 0.006
vt 5.72468 -0
vt 5.58505 0.006
vt 5.65487 -0
vt 5.51524 0.006
vt 5.58505 -0
vt 5.44543 0.006
vt 5.51524 -0
vt 5.37561 0.006
vt 5.44543 -0
vt 5.3058 0.006
vt 5.37561 -0
vt 5.23599 0.006
vt 5.3058 -0
vt 5.16617 0.006
vt 5.23599 -0
vt 5.09636 0.006
vt 5.16617 -0
vt 5.02655 0.006
vt 5.09636 -0
vt 4.95674 0.006
vt 5.02655 -0
vt 4.88692 0.006
vt 4.95674 -0
vt 4.81711 0.006
vt 4.88692 -0
vt 4.7473 0.006
vt 4.81711 -0
vt 4.67748 0.006
vt 4.7473 -0
vt 4.60767 0.006
vt 4.67748 -0
vt 4.53786 0.006
vt 4.60767 -0
vt 4.46804 0.006
vt 4.53786 -0
vt 4.39823 0.006
vt 4.46804 -0
vt 4.32842 0.006
vt 4.39823 -0
vt 4.2586 0.006
vt 4.32842 -0
vt 4.18879 0.006
vt 4.2586 -0
vt 4.11898 0.006
vt 4.18879 -0
vt 4.04916 0.006
vt 4.11898 -0
vt 3.97935 0.006
vt 4.04916 -0
vt 3.90954 0.006
vt 3.97935 -0
vt 3.83972 0.006
vt 3.90954 -0
vt 3.76991 0.006
vt 3.83972 -0
vt 3.7001 0.006
vt 3.76991 -0
vt 3.63028 0.006
vt 3.7001 -0
vt 3.56047 0.006
vt 3.63028 -0
vt 3.49066 0.006
vt 3.56047 -0
vt 3.42085 0.006
vt 3.49066 -0
vt 3.35103 0.006
vt 3.42085 -0
vt 3.28122 0.006
vt 3.35103 -0
vt 3.21141 0.006
vt 3.28122 -0
vt 3.14159 0.006
vt 3.21141 -0
vt 3.07178 0.006
vt 3.14159 -0
vt 3.00197 0.006
vt 3.07178 -0
vt 2.93215 0.006
vt 3.00197 -0
vt 2.86234 0.006
vt 2.93215 -0
vt 2.79253 0.006
vt 2.86234 -0
vt 2.72271 0.006
vt 2.79253 -0
vt 2.6529 0.006
vt 2.72271 -0
vt 2.58309 0.006
vt 2.6529 -0
vt 2.51327 0.006
vt 2.58309 -0
vt 2.44346 0.006
vt 2.51327 -0
vt 2.37365 0.006
vt 2.44346 -0
vt 2.30383 0.006
vt 2.37365 -0
vt 2.23402 0.006
vt 2.30383 -0
vt 2.16421 0.006
vt 2.23402 -0
vt 2.0944 0.006
vt 2.16421 -0
vt 2.02458 0.006
vt 2.0944 -0
vt 1.95477 0.006
vt 2.02458 -0
vt 1.88496 0.006
vt 1.95477 -0
vt 1.81514 0.006
vt 1.88496 -0
vt 1.74533 0.006
vt 1.81514 -0
vt 1.67552 0.006
vt 1.74533 -0
vt 1.6057 0.006
vt 1.67552 -0
vt 1.53589 0.006
vt 1.6057 -0
vt 1.46608 0.006
vt 1.53589 -0
vt 1.39626 0.006
vt 1.46608 -0
vt 1.32645 0.006
vt 1.39626 -0
vt 1.25664 0.006
vt 1.32645 -0
vt 1.18682 0.006
vt 1.25664 -0
vt 1.11701 0.006
vt 1.18682 -0
vt 1.0472 0.006
vt 1.11701 -0
vt 0.977384 0.006
vt 1.0472 -0
vt 0.907571 0.006
vt 0.977384 -0
vt 0.837758 0.006
vt 0.907571 -0
vt 0.767945 0.006
vt 0.837758 -0
vt 0.698132 0.006
vt 0.767945 -0
vt 0.628319 0.006
vt 0.698132 -0
vt 0.558505 0.006
vt 0.628319 -0
vt 0.488692 0.006
vt 0.558505 -0
vt 0.418879 0.006
vt 0.488692 -0
vt 0.349066 0.006
vt 0.418879 -0
vt 0.279253 0.006
vt 0.349066 -0
vt 0.20944 0.006
vt 0.279253 -0
vt 0.139626 0.006
vt 0.20944 -0
vt 0.0698132 0.006
vt 0.139626 -0
vt 0.0698132 -0
vt 0.0186327 0.0122612
vt 0.018242 0.014477
vt 0.0184639 0.0145242
vt 0.0182526 0.0122078
vt 0.0180174 0.0144455
vt 0.0178696 0.012181
vt 0.0177911 0.0144296
vt 0.0167226 0.0122612
vt 0.0171133 0.014477
vt 0.0173379 0.0144455
vt 0.0163471 0.012341
vt 0.0168914 0.0145242
vt 0.0193772 0.0124468
vt 0.018682 0.0145867
vt 0.0188951 0.0146643
vt 0.0190082 0.012341
vt 0.0174857 0.012181
vt 0.0175642 0.0144296
vt 0.0171027 0.0122078
vt 0.0130134 0.0205922
vt 0.0149215 0.0193999
vt 0.0148081 0.0192034
vt 0.0132281 0.0209105
vt 0.0150483 0.019588
vt 0.019738 0.0125781
vt 0.0191024 0.0147566
vt 0.0126531 0.0199147
vt 0.0147086 0.0189995
vt 0.0146236 0.0187892
vt 0.0128214 0.0202597
vt 0.0134644 0.021213
vt 0.015188 0.0197667
vt 0.0229646 0.0191937
vt 0.0208018 0.0185735
vt 0.0207317 0.0187892
vt 0.0230575 0.0188212
vt 0.0208566 0.0183534
vt 0.0223419 0.0147631
vt 0.0204338 0.0159554
vt 0.0205472 0.0161519
vt 0.0221272 0.0144448
vt 0.020307 0.0157673
vt 0.0207532 0.0131179
vt 0.019495 0.0149833
vt 0.0196785 0.0151166
vt 0.0204277 0.0129145
vt 0.0193027 0.0148631
vt 0.0159781 0.0124468
vt 0.0166733 0.0145867
vt 0.0156173 0.0125781
vt 0.0164602 0.0146643
vt 0.0132281 0.0144448
vt 0.0150483 0.0157673
vt 0.015188 0.0155886
vt 0.0130134 0.0147631
vt 0.0149215 0.0159554
vt 0.0122312 0.0184431
vt 0.0144593 0.01813
vt 0.0144356 0.0179044
vt 0.0122978 0.0188212
vt 0.0144987 0.0183534
vt 0.0125093 0.0195588
vt 0.0145535 0.0185735
vt 0.0137213 0.0214983
vt 0.0153398 0.0199353
vt 0.021634 0.0214983
vt 0.0200155 0.0199353
vt 0.0198523 0.0200929
vt 0.0218909 0.021213
vt 0.0201673 0.0197667
vt 0.0231241 0.0184431
vt 0.020896 0.01813
vt 0.022846 0.0157965
vt 0.0207317 0.0165661
vt 0.0208018 0.0167818
vt 0.0227022 0.0154406
vt 0.0206467 0.0163558
vt 0.0225339 0.0150956
vt 0.021634 0.013857
vt 0.0200155 0.01542
vt 0.0201673 0.0155886
vt 0.0213579 0.0135904
vt 0.0198523 0.0152624
vt 0.0210638 0.0133436
vt 0.0152666 0.0127343
vt 0.0162529 0.0147566
vt 0.0149277 0.0129145
vt 0.0160527 0.0148631
vt 0.0146021 0.0131179
vt 0.0158603 0.0149833
vt 0.0142915 0.0133436
vt 0.0156768 0.0151166
vt 0.0139974 0.0135904
vt 0.015503 0.0152624
vt 0.0137213 0.013857
vt 0.0153398 0.01542
vt 0.0134644 0.0141423
vt 0.0122978 0.0165341
vt 0.0144987 0.0170019
vt 0.0145535 0.0167818
vt 0.0122312 0.0169122
vt 0.0144593 0.0172253
vt 0.0123907 0.0191937
vt 0.0221272 0.0209105
vt 0.020307 0.019588
vt 0.0225339 0.0202597
vt 0.0205472 0.0192034
vt 0.0204338 0.0193999
vt 0.0227022 0.0199147
vt 0.0206467 0.0189995
vt 0.022846 0.0195588
vt 0.0200887 0.0127343
vt 0.0128214 0.0150956
vt 0.0148081 0.0161519
vt 0.0126531 0.0154406
vt 0.0147086 0.0163558
vt 0.0125093 0.0157965
vt 0.0146236 0.0165661
vt 0.0123907 0.0161616
vt 0.012191 0.017294
vt 0.0144356 0.0174509
vt 0.0121777 0.0176776
vt 0.0144277 0.0176776
vt 0.012191 0.0180613
vt 0.0139974 0.0217649
vt 0.015503 0.0200929
vt 0.0142915 0.0220117
vt 0.0156768 0.0202387
vt 0.0182526 0.0231475
vt 0.0186327 0.0230941
vt 0.018242 0.0208783
vt 0.0190082 0.0230143
vt 0.0184639 0.0208311
vt 0.0193772 0.0229085
vt 0.018682 0.0207686
vt 0.019738 0.0227772
vt 0.0188951 0.020691
vt 0.0223419 0.0205922
vt 0.0218909 0.0141423
vt 0.0149277 0.0224408
vt 0.0160527 0.0204922
vt 0.0158603 0.020372
vt 0.0152666 0.022621
vt 0.0162529 0.0205987
vt 0.0167226 0.0230941
vt 0.0171133 0.0208783
vt 0.0168914 0.0208311
vt 0.0171027 0.0231475
vt 0.0173379 0.0209098
vt 0.0178696 0.0231743
vt 0.0180174 0.0209098
vt 0.0200887 0.022621
vt 0.0191024 0.0205987
vt 0.0204277 0.0224408
vt 0.0193027 0.0204922
vt 0.0207532 0.0222374
vt 0.019495 0.020372
vt 0.0210638 0.0220117
vt 0.0196785 0.0202387
vt 0.0213579 0.0217649
vt 0.0146021 0.0222374
vt 0.0159781 0.0229085
vt 0.0166733 0.0207686
vt 0.0164602 0.020691
vt 0.0163471 0.0230143
vt 0.0174857 0.0231743
vt 0.0175642 0.0209257
vt 0.0177911 0.0209257
vt 0.0231643 0.017294
vt 0.0209197 0.0174509
vt 0.0209277 0.0176776
vt 0.0231241 0.0169122
vt 0.020896 0.0172253
vt 0.0230575 0.0165341
vt 0.0208566 0.0170019
vt 0.0229646 0.0161616
vt 0.0156173 0.0227772
vt 0.0231643 0.0180613
vt 0.0209197 0.0179044
vt 0.0231777 0.0176776
vt -0.0698132 0.005
vt 0 0.005
vt 0 0.001
vt 6.14356 0.005
vt -0.0698132 0.001
vt 6.07375 0.005
vt 6.14356 0.001
vt 6.00393 0.005
vt 6.07375 0.001
vt 5.93412 0.005
vt 6.00393 0.001
vt 5.86431 0.005
vt 5.93412 0.001
vt 5.79449 0.005
vt 5.86431 0.001
vt 5.72468 0.005
vt 5.79449 0.001
vt 5.65487 0.005
vt 5.72468 0.001
vt 5.58505 0.005
vt 5.65487 0.001
vt 5.51524 0.005
vt 5.58505 0.001
vt 5.44543 0.005
vt 5.51524 0.001
vt 5.37561 0.005
vt 5.44543 0.001
vt 5.3058 0.005
vt 5.37561 0.001
vt 5.23599 0.005
vt 5.3058 0.001
vt 5.16617 0.005
vt 5.23599 0.001
vt 5.09636 0.005
vt 5.16617 0.001
vt 5.02655 0.005
vt 5.09636 0.001
vt 4.95674 0.005
vt 5.02655 0.001
vt 4.88692 0.005
vt 4.95674 0.001
vt 4.81711 0.005
vt 4.88692 0.001
vt 4.7473 0.005
vt 4.81711 0.001
vt 4.67748 0.005
vt 4.7473 0.001
vt 4.60767 0.005
vt 4.67748 0.001
vt 4.53786 0.005
vt 4.60767 0.001
vt 4.46804 0.005
vt 4.53786 0.001
vt 4.39823 0.005
vt 4.46804 0.001
vt 4.32842 0.005
vt 4.39823 0.001
vt 4.2586 0.005
vt 4.32842 0.001
vt 4.18879 0.005
vt 4.2586 0.001
vt 4.11898 0.005
vt 4.18879 0.001
vt 4.04916 0.005
vt 4.11898 0.001
vt 3.97935 0.005
vt 4.04916 0.001
vt 3.90954 0.005
vt 3.97935 0.001
vt 3.83972 0.005
vt 3.90954 0.001
vt 3.76991 0.005
vt 3.83972 0.001
vt 3.7001 0.005
vt 3.76991 0.001
vt 3.63028 0.005
vt 3.7001 0.001
vt 3.56047 0.005
vt 3.63028 0.001
vt 3.49066 0.005
vt 3.56047 0.001
vt 3.42085 0.005
vt 3.49066 0.001
vt 3.35103 0.005
vt 3.42085 0.001
vt 3.28122 0.005
vt 3.35103 0.001
vt 3.21141 0.005
vt 3.28122 0.001
vt 3.14159 0.005
vt 3.21141 0.001
vt 3.07178 0.005
vt 3.14159 0.001
vt 3.00197 0.005
vt 3.07178 0.001
vt 2.93215 0.005
vt 3.00197 0.001
vt 2.86234 0.005
vt 2.93215 0.001
vt 2.79253 0.005
vt 2.86234 0.001
vt 2.72271 0.005
vt 2.79253 0.001
vt 2.6529 0.005
vt 2.72271 0.001
vt 2.58309 0.005
vt 2.6529 0.001
vt 2.51327 0.005
vt 2.58309 0.001
vt 2.44346 0.005
vt 2.51327 0.001
vt 2.37365 0.005
vt 2.44346 0.001
vt 2.30383 0.005
vt 2.37365 0.001
vt 2.23402 0.005
vt 2.30383 0.001
vt 2.16421 0.005
vt 2.23402 0.001
vt 2.0944 0.005
vt 2.16421 0.001
vt 2.02458 0.005
vt 2.0944 0.001
vt 1.95477 0.005
vt 2.02458 0.001
vt 1.88496 0.005
vt 1.95477 0.001
vt 1.81514 0.005
vt 1.88496 0.001
vt 1.74533 0.005
vt 1.81514 0.001
vt 1.67552 0.005
vt 1.74533 0.001
vt 1.6057 0.005
vt 1.67552 0.001
vt 1.53589 0.005
vt 1.6057 0.001
vt 1.46608 0.005
vt 1.53589 0.001
vt 1.39626 0.005
vt 1.46608 0.001
vt 1.32645 0.005
vt 1.39626 0.001
vt 1.25664 0.005
vt 1.32645 0.001
vt 1.18682 0.005
vt 1.25664 0.001
vt 1.11701 0.005
vt 1.18682 0.001
vt 1.0472 0.005
vt 1.11701 0.001
vt 0.977384 0.005
vt 1.0472 0.001
vt 0.907571 0.005
vt 0.977384 0.001
vt 0.837758 0.005
vt 0.907571 0.001
vt 0.767945 0.005
vt 0.837758 0.001
vt 0.698132 0.005
vt 0.767945 0.001
vt 0.628319 0.005
vt 0.698132 0.001
vt 0.558505 0.005
vt 0.628319 0.001
vt 0.488692 0.005
vt 0.558505 0.001
vt 0.418879 0.005
vt 0.488692 0.001
vt 0.349066 0.005
vt 0.418879 0.001
vt 0.279253 0.005
vt 0.349066 0.001
vt 0.20944 0.005
vt 0.279253 0.001
vt 0.139626 0.005
vt 0.20944 0.001
vt 0.0698132 0.005
vt 0.139626 0.001
vt 0.0698132 0.001
vt -0.0698132 0.006
vt 0 0.006
vt 0 -0
vt -0.139626 0.006
vt -0.0698132 -0
vt 6.07375 0.006
vt -0.139626 -0
vt 6.00393 0.006
vt 6.07375 -0
vt 5.93412 0.006
vt 6.00393 -0
vt 5.86431 0.006
vt 5.93412 -0
vt 5.79449 0.006
vt 5.86431 -0
vt 5.72468 0.006
vt 5.79449 -0
vt 5.65487 0.006
vt 5.72468 -0
vt 5.58505 0.006
vt 5.65487 -0
vt 5.51524 0.006
vt 5.58505 -0
vt 5.44543 0.006
vt 5.51524 -0
vt 5.37561 0.006
vt 5.44543 -0
vt 5.3058 0.006
vt 5.37561 -0
vt 5.23599 0.006
vt 5.3058 -0
vt 5.16617 0.006
vt 5.23599 -0
vt 5.09636 0.006
vt 5.16617 -0
vt 5.02655 0.006
vt 5.09636 -0
vt 4.95674 0.006
vt 5.02655 -0
vt 4.88692 0.006
vt 4.95674 -0
vt 4.81711 0.006
vt 4.88692 -0
vt 4.7473 0.006
vt 4.81711 -0
vt 4.67748 0.006
vt 4.7473 -0
vt 4.60767 0.006
vt 4.67748 -0
vt 4.53786 0.006
vt 4.60767 -0
vt 4.46804 0.006
vt 4.53786 -0
vt 4.39823 0.006
vt 4.46804 -0
vt 4.32842 0.006
vt 4.39823 -0
vt 4.2586 0.006
vt 4.32842 -0
vt 4.18879 0.006
vt 4.2586 -0
vt 4.11898 0.006
vt 4.18879 -0
vt 4.04916 0.006
vt 4.11898 -0
vt 3.97935 0.006
vt 4.04916 -0
vt 3.90954 0.006
vt 3.97935 -0
vt 3.83972 0.006
vt 3.90954 -0
vt 3.76991 0.006
vt 3.83972 -0
vt 3.7001 0.006
vt 3.76991 -0
vt 3.63028 0.006
vt 3.7001 -0
vt 3.56047 0.006
vt 3.63028 -0
vt 3.49066 0.006
vt 3.56047 -0
vt 3.42085 0.006
vt 3.49066 -0
vt 3.35103 0.006
vt 3.42085 -0
vt 3.28122 0.006
vt 3.35103 -0
vt 3.21141 0.006
vt 3.28122 -0
vt 3.14159 0.006
vt 3.21141 -0
vt 3.07178 0.006
vt 3.14159 -0
vt 3.00197 0.006
vt 3.07178 -0
vt 2.93215 0.006
vt 3.00197 -0
vt 2.86234 0.006
vt 2.93215 -0
vt 2.79253 0.006
vt 2.86234 -0
vt 2.72271 0.006
vt 2.79253 -0
vt 2.6529 0.006
vt 2.72271 -0
vt 2.58309 0.006
vt 2.6529 -0
vt 2.51327 0.006
vt 2.58309 -0
vt 2.44346 0.006
vt 2.51327 -0
vt 2.37365 0.006
vt 2.44346 -0
vt 2.30383 0.006
vt 2.37365 -0
vt 2.23402 0.006
vt 2.30383 -0
vt 2.16421 0.006
vt 2.23402 -0
vt 2.0944 0.006
vt 2.16421 -0
vt 2.02458 0.006
vt 2.0944 -0
vt 1.95477 0.006
vt 2.02458 -0
vt 1.88496 0.006
vt 1.95477 -0
vt 1.81514 0.006
vt 1.88496 -0
vt 1.74533 0.006
vt 1.81514 -0
vt 1.67552 0.006
vt 1.74533 -0
vt 1.6057 0.006
vt 1.67552 -0
vt 1.53589 0.006
vt 1.6057 -0
vt 1.46608 0.006
vt 1.53589 -0
vt 1.39626 0.006
vt 1.46608 -0
vt 1.32645 0.006
vt 1.39626 -0
vt 1.25664 0.006
vt 1.32645 -0
vt 1.18682 0.006
vt 1.25664 -0
vt 1.11701 0.006
vt 1.18682 -0
vt 1.0472 0.006
vt 1.11701 -0
vt 0.977384 0.006
vt 1.0472 -0
vt 0.907571 0.006
vt 0.977384 -0
vt 0.837758 0.006
vt 0.907571 -0
vt 0.767945 0.006
vt 0.837758 -0
vt 0.698132 0.006
vt 0.767945 -0
vt 0.628319 0.006
vt 0.698132 -0
vt 0.558505 0.006
vt 0.628319 -0
vt 0.488692 0.006
vt 0.558505 -0
vt 0.418879 0.006
vt 0.488692 -0
vt 0.349066 0.006
vt 0.418879 -0
vt 0.279253 0.006
vt 0.349066 -0
vt 0.20944 0.006
vt 0.279253 -0
vt 0.139626 0.006
vt 0.20944 -0
vt 0.0698132 0.006
vt 0.139626 -0
vt 0.0698132 -0
vt -0.0167226 0.0122612
vt -0.0171133 0.014477
vt -0.0168914 0.0145242
vt -0.0171027 0.0122078
vt -0.0173379 0.0144455
vt -0.0174857 0.012181
vt -0.0175642 0.0144296
vt -0.0186327 0.0122612
vt -0.018242 0.014477
vt -0.0180174 0.0144455
vt -0.0190082 0.012341
vt -0.0184639 0.0145242
vt -0.0159781 0.0124468
vt -0.0166733 0.0145867
vt -0.0164602 0.0146643
vt -0.0163471 0.012341
vt -0.0178696 0.012181
vt -0.0177911 0.0144296
vt -0.0182526 0.0122078
vt -0.0156173 0.0125781
vt -0.0162529 0.0147566
vt -0.0122978 0.0165341
vt -0.0144987 0.0170019
vt -0.0144593 0.0172253
vt -0.0123907 0.0161616
vt -0.0145535 0.0167818
vt -0.0132281 0.0144448
vt -0.0150483 0.0157673
vt -0.0149215 0.0159554
vt -0.0134644 0.0141423
vt -0.015188 0.0155886
vt -0.0193772 0.0124468
vt -0.018682 0.0145867
vt -0.019738 0.0125781
vt -0.0188951 0.0146643
vt -0.0125093 0.0157965
vt -0.0146236 0.0165661
vt -0.0126531 0.0154406
vt -0.0147086 0.0163558
vt -0.0128214 0.0150956
vt -0.0148081 0.0161519
vt -0.0130134 0.0147631
vt -0.0146021 0.0131179
vt -0.0158603 0.0149833
vt -0.0156768 0.0151166
vt -0.0149276 0.0129145
vt -0.0160526 0.0148631
vt -0.0139974 0.0217649
vt -0.015503 0.0200929
vt -0.0156768 0.0202387
vt -0.0137213 0.0214983
vt -0.0153398 0.0199353
vt -0.0128214 0.0202597
vt -0.0148081 0.0192034
vt -0.0149215 0.0193999
vt -0.0126531 0.0199147
vt -0.0147086 0.0189995
vt -0.0125093 0.0195588
vt -0.0146236 0.0187892
vt -0.0123907 0.0191937
vt -0.0145535 0.0185735
vt -0.0122312 0.0169122
vt -0.0144356 0.0174509
vt -0.0142915 0.0133436
vt -0.015503 0.0152624
vt -0.0152666 0.0127343
vt -0.0200887 0.0127343
vt -0.0191024 0.0147566
vt -0.0204276 0.0129145
vt -0.0193026 0.0148631
vt -0.0207532 0.0131179
vt -0.019495 0.0149833
vt -0.0210638 0.0133436
vt -0.0196785 0.0151166
vt -0.0231643 0.017294
vt -0.0209197 0.0174509
vt -0.020896 0.0172253
vt -0.0231776 0.0176777
vt -0.0209276 0.0176777
vt -0.0231643 0.0180613
vt -0.0209197 0.0179044
vt -0.0231241 0.0184431
vt -0.020896 0.01813
vt -0.0223419 0.0205922
vt -0.0221272 0.0209105
vt -0.020307 0.019588
vt -0.0218909 0.021213
vt -0.0201673 0.0197667
vt -0.0142915 0.0220117
vt -0.0158603 0.020372
vt -0.0132281 0.0209105
vt -0.0150483 0.019588
vt -0.015188 0.0197667
vt -0.0130134 0.0205922
vt -0.0137213 0.013857
vt -0.0153398 0.01542
vt -0.0139974 0.0135904
vt -0.0213579 0.0135904
vt -0.0198523 0.0152624
vt -0.021634 0.013857
vt -0.0200155 0.01542
vt -0.0221272 0.0144448
vt -0.020307 0.0157673
vt -0.0201673 0.0155886
vt -0.0223419 0.0147631
vt -0.0204338 0.0159554
vt -0.0230575 0.0165341
vt -0.0208566 0.0170019
vt -0.0208018 0.0167818
vt -0.0231241 0.0169122
vt -0.0204338 0.0193999
vt -0.0205472 0.0192034
vt -0.0167226 0.0230941
vt -0.0171133 0.0208783
vt -0.0173379 0.0209098
vt -0.0163471 0.0230143
vt -0.0168914 0.0208311
vt -0.0159781 0.0229085
vt -0.0166733 0.0207686
vt -0.0156173 0.0227772
vt -0.0164602 0.020691
vt -0.0134644 0.021213
vt -0.0121776 0.0176777
vt -0.012191 0.017294
vt -0.0218909 0.0141423
vt -0.0230575 0.0188212
vt -0.0208566 0.0183534
vt -0.0229646 0.0191937
vt -0.0208018 0.0185735
vt -0.022846 0.0195588
vt -0.0207317 0.0187892
vt -0.0227022 0.0199147
vt -0.0206467 0.0189995
vt -0.0225339 0.0202597
vt -0.0213579 0.0217649
vt -0.0198523 0.0200929
vt -0.0200155 0.0199353
vt -0.0210638 0.0220117
vt -0.0196785 0.0202387
vt -0.0204276 0.0224408
vt -0.0193026 0.0204922
vt -0.019495 0.020372
vt -0.0200887 0.022621
vt -0.0191024 0.0205987
vt -0.0186327 0.0230941
vt -0.018242 0.0208783
vt -0.0184639 0.0208311
vt -0.0182526 0.0231475
vt -0.0180174 0.0209098
vt -0.0174857 0.0231743
vt -0.0171027 0.0231475
vt -0.0152666 0.022621
vt -0.0162529 0.0205987
vt -0.0149276 0.0224408
vt -0.0160526 0.0204922
vt -0.0146021 0.0222374
vt -0.0122978 0.0188212
vt -0.0144987 0.0183534
vt -0.0122312 0.0184431
vt -0.0144593 0.01813
vt -0.0225339 0.0150956
vt -0.0205472 0.0161519
vt -0.0227022 0.0154406
vt -0.0206467 0.0163558
vt -0.022846 0.0157965
vt -0.0207317 0.0165661
vt -0.0229646 0.0161616
vt -0.021634 0.0214983
vt -0.0207532 0.0222374
vt -0.0193772 0.0229085
vt -0.018682 0.0207686
vt -0.0188951 0.020691
vt -0.0190082 0.0230143
vt -0.0178696 0.0231743
vt -0.0177911 0.0209257
vt -0.0175642 0.0209257
vt -0.019738 0.0227772
vt -0.012191 0.0180613
vt -0.0144356 0.0179044
vt -0.0144276 0.0176777
vt -0.0698132 0.005
vt 0 0.005
vt 0 0.001
vt 6.14356 0.005
vt -0.0698132 0.001
vt 6.07375 0.005
vt 6.14356 0.001
vt 6.00393 0.005
vt 6.07375 0.001
vt 5.93412 0.005
vt 6.00393 0.001
vt 5.86431 0.005
vt 5.93412 0.001
vt 5.79449 0.005
vt 5.86431 0.001
vt 5.72468 0.005
vt 5.79449 0.001
vt 5.65487 0.005
vt 5.72468 0.001
vt 5.58505 0.005
vt 5.65487 0.001
vt 5.51524 0.005
vt 5.58505 0.001
vt 5.44543 0.005
vt 5.51524 0.001
vt 5.37561 0.005
vt 5.44543 0.001
vt 5.3058 0.005
vt 5.37561 0.001
vt 5.23599 0.005
vt 5.3058 0.001
vt 5.16617 0.005
vt 5.23599 0.001
vt 5.09636 0.005
vt 5.16617 0.001
vt 5.02655 0.005
vt 5.09636 0.001
vt 4.95674 0.005
vt 5.02655 0.001
vt 4.88692 0.005
vt 4.95674 0.001
vt 4.81711 0.005
vt 4.88692 0.001
vt 4.7473 0.005
vt 4.81711 0.001
vt 4.67748 0.005
vt 4.7473 0.001
vt 4.60767 0.005
vt 4.67748 0.001
vt 4.53786 0.005
vt 4.60767 0.001
vt 4.46804 0.005
vt 4.53786 0.001
vt 4.39823 0.005
vt 4.46804 0.001
vt 4.32842 0.005
vt 4.39823 0.001
vt 4.2586 0.005
vt 4.32842 0.001
vt 4.18879 0.005
vt 4.2586 0.001
vt 4.11898 0.005
vt 4.18879 0.001
vt 4.04916 0.005
vt 4.11898 0.001
vt 3.97935 0.005
vt 4.04916 0.001
vt 3.90954 0.005
vt 3.97935 0.001
vt 3.83972 0.005
vt 3.90954 0.001
vt 3.76991 0.005
vt 3.83972 0.001
vt 3.7001 0.005
vt 3.76991 0.001
vt 3.63028 0.005
vt 3.7001 0.001
vt 3.56047 0.005
vt 3.63028 0.001
vt 3.49066 0.005
vt 3.56047 0.001
vt 3.42085 0.005
vt 3.49066 0.001
vt 3.35103 0.005
vt 3.42085 0.001
vt 3.28122 0.005
vt 3.35103 0.001
vt 3.21141 0.005
vt 3.28122 0.001
vt 3.14159 0.005
vt 3.21141 0.001
vt 3.07178 0.005
vt 3.14159 0.001
vt 3.00197 0.005
vt 3.07178 0.001
vt 2.93215 0.005
vt 3.00197 0.001
vt 2.86234 0.005
vt 2.93215 0.001
vt 2.79253 0.005
vt 2.86234 0.001
vt 2.72271 0.005
vt 2.79253 0.001
vt 2.6529 0.005
vt 2.72271 0.001
vt 2.58309 0.005
vt 2.6529 0.001
vt 2.51327 0.005
vt 2.58309 0.001
vt 2.44346 0.005
vt 2.51327 0.001
vt 2.37365 0.005
vt 2.44346 0.001
vt 2.30383 0.005
vt 2.37365 0.001
vt 2.23402 0.005
vt 2.30383 0.001
vt 2.16421 0.005
vt 2.23402 0.001
vt 2.0944 0.005
vt 2.16421 0.001
vt 2.02458 0.005
vt 2.0944 0.001
vt 1.95477 0.005
vt 2.02458 0.001
vt 1.88496 0.005
vt 1.95477 0.001
vt 1.81514 0.005
vt 1.88496 0.001
vt 1.74533 0.005
vt 1.81514 0.001
vt 1.67552 0.005
vt 1.74533 0.001
vt 1.6057 0.005
vt 1.67552 0.001
vt 1.53589 0.005
vt 1.6057 0.001
vt 1.46608 0.005
vt 1.53589 0.001
vt 1.39626 0.005
vt 1.46608 0.001
vt 1.32645 0.005
vt 1.39626 0.001
vt 1.25664 0.005
vt 1.32645 0.001
vt 1.18682 0.005
vt 1.25664 0.001
vt 1.11701 0.005
vt 1.18682 0.001
vt 1.0472 0.005
vt 1.11701 0.001
vt 0.977384 0.005
vt 1.0472 0.001
vt 0.907571 0.005
vt 0.977384 0.001
vt 0.837758 0.005
vt 0.907571 0.001
vt 0.767945 0.005
vt 0.837758 0.001
vt 0.698132 0.005
vt 0.767945 0.001
vt 0.628319 0.005
vt 0.698132 0.001
vt 0.558505 0.005
vt 0.628319 0.001
vt 0.488692 0.005
vt 0.558505 0.001
vt 0.418879 0.005
vt 0.488692 0.001
vt 0.349066 0.005
vt 0.418879 0.001
vt 0.279253 0.005
vt 0.349066 0.001
vt 0.20944 0.005
vt 0.279253 0.001
vt 0.139626 0.005
vt 0.20944 0.001
vt 0.0698132 0.005
vt 0.139626 0.001
vt 0.0698132 0.001
vt -0.0698132 0.006
vt 0 0.006
vt 0 -0
vt -0.139626 0.006
vt -0.0698132 -0
vt 6.07375 0.006
vt -0.139626 -0
vt 6.00393 0.006
vt 6.07375 -0
vt 5.93412 0.006
vt 6.00393 -0
vt 5.86431 0.006
vt 5.93412 -0
vt 5.79449 0.006
vt 5.86431 -0
vt 5.72468 0.006
vt 5.79449 -0
vt 5.65487 0.006
vt 5.72468 -0
vt 5.58505 0.006
vt 5.65487 -0
vt 5.51524 0.006
vt 5.58505 -0
vt 5.44543 0.006
vt 5.51524 -0
vt 5.37561 0.006
vt 5.44543 -0
vt 5.3058 0.006
vt 5.37561 -0
vt 5.23599 0.006
vt 5.3058 -0
vt 5.16617 0.006
vt 5.23599 -0
vt 5.09636 0.006
vt 5.16617 -0
vt 5.02655 0.006
vt 5.09636 -0
vt 4.95674 0.006
vt 5.02655 -0
vt 4.88692 0.006
vt 4.95674 -0
vt 4.81711 0.006
vt 4.88692 -0
vt 4.7473 0.006
vt 4.81711 -0
vt 4.67748 0.006
vt 4.7473 -0
vt 4.60767 0.006
vt 4.67748 -0
vt 4.53786 0.006
vt 4.60767 -0
vt 4.46804 0.006
vt 4.53786 -0
vt 4.39823 0.006
vt 4.46804 -0
vt 4.32842 0.006
vt 4.39823 -0
vt 4.2586 0.006
vt 4.32842 -0
vt 4.18879 0.006
vt 4.2586 -0
vt 4.11898 0.006
vt 4.18879 -0
vt 4.04916 0.006
vt 4.11898 -0
vt 3.97935 0.006
vt 4.04916 -0
vt 3.90954 0.006
vt 3.97935 -0
vt 3.83972 0.006
vt 3.90954 -0
vt 3.76991 0.006
vt 3.83972 -0
vt 3.7001 0.006
vt 3.76991 -0
vt 3.63028 0.006
vt 3.7001 -0
vt 3.56047 0.006
vt 3.63028 -0
vt 3.49066 0.006
vt 3.56047 -0
vt 3.42085 0.006
vt 3.49066 -0
vt 3.35103 0.006
vt 3.42085 -0
vt 3.28122 0.006
vt 3.35103 -0
vt 3.21141 0.006
vt 3.28122 -0
vt 3.14159 0.006
vt 3.21141 -0
vt 3.07178 0.006
vt 3.14159 -0
vt 3.00197 0.006
vt 3.07178 -0
vt 2.93215 0.006
vt 3.00197 -0
vt 2.86234 0.006
vt 2.93215 -0
vt 2.79253 0.006
vt 2.86234 -0
vt 2.72271 0.006
vt 2.79253 -0
vt 2.6529 0.006
vt 2.72271 -0
vt 2.58309 0.006
vt 2.6529 -0
vt 2.51327 0.006
vt 2.58309 -0
vt 2.44346 0.006
vt 2.51327 -0
vt 2.37365 0.006
vt 2.44346 -0
vt 2.30383 0.006
vt 2.37365 -0
vt 2.23402 0.006
vt 2.30383 -0
vt 2.16421 0.006
vt 2.23402 -0
vt 2.0944 0.006
vt 2.16421 -0
vt 2.02458 0.006
vt 2.0944 -0
vt 1.95477 0.006
vt 2.02458 -0
vt 1.88496 0.006
vt 1.95477 -0
vt 1.81514 0.006
vt 1.88496 -0
vt 1.74533 0.006
vt 1.81514 -0
vt 1.67552 0.006
vt 1.74533 -0
vt 1.6057 0.006
vt 1.67552 -0
vt 1.53589 0.006
vt 1.6057 -0
vt 1.46608 0.006
vt 1.53589 -0
vt 1.39626 0.006
vt 1.46608 -0
vt 1.32645 0.006
vt 1.39626 -0
vt 1.25664 0.006
vt 1.32645 -0
vt 1.18682 0.006
vt 1.25664 -0
vt 1.11701 0.006
vt 1.18682 -0
vt 1.0472 0.006
vt 1.11701 -0
vt 0.977384 0.006
vt 1.0472 -0
vt 0.907571 0.006
vt 0.977384 -0
vt 0.837758 0.006
vt 0.907571 -0
vt 0.767945 0.006
vt 0.837758 -0
vt 0.698132 0.006
vt 0.767945 -0
vt 0.628319 0.006
vt 0.698132 -0
vt 0.558505 0.006
vt 0.628319 -0
vt 0.488692 0.006
vt 0.558505 -0
vt 0.418879 0.006
vt 0.488692 -0
vt 0.349066 0.006
vt 0.418879 -0
vt 0.279253 0.006
vt 0.349066 -0
vt 0.20944 0.006
vt 0.279253 -0
vt 0.139626 0.006
vt 0.20944 -0
vt 0.0698132 0.006
vt 0.139626 -0
vt 0.0698132 -0
vt -0.0167226 -0.0122612
vt -0.0171133 -0.014477
vt -0.0173379 -0.0144455
vt -0.0163471 -0.012341
vt -0.0168914 -0.0145242
vt -0.0128214 -0.0150956
vt -0.0148081 -0.0161519
vt -0.0149215 -0.0159554
vt -0.0126531 -0.0154406
vt -0.0147086 -0.0163558
vt -0.0125093 -0.0157965
vt -0.0146236 -0.0165661
vt -0.0123907 -0.0161616
vt -0.0145535 -0.0167818
vt -0.0122978 -0.0188212
vt -0.0144987 -0.0183534
vt -0.0144593 -0.01813
vt -0.0123907 -0.0191937
vt -0.0145535 -0.0185735
vt -0.0132281 -0.0209105
vt -0.0150483 -0.019588
vt -0.0149215 -0.0193999
vt -0.0134644 -0.021213
vt -0.015188 -0.0197667
vt -0.0193772 -0.0124468
vt -0.018682 -0.0145867
vt -0.0188951 -0.0146643
vt -0.0190082 -0.012341
vt -0.0184639 -0.0145242
vt -0.0186327 -0.0122612
vt -0.018242 -0.014477
vt -0.0182526 -0.0122078
vt -0.0180174 -0.0144455
vt -0.0174857 -0.012181
vt -0.0171027 -0.0122078
vt -0.0156173 -0.0125781
vt -0.0164602 -0.0146643
vt -0.0166733 -0.0145867
vt -0.0152666 -0.0127343
vt -0.0162529 -0.0147566
vt -0.0149277 -0.0129145
vt -0.0160527 -0.0148631
vt -0.0146021 -0.0131179
vt -0.0158603 -0.0149833
vt -0.0132281 -0.0144448
vt -0.0150483 -0.0157673
vt -0.015188 -0.0155886
vt -0.0130134 -0.0147631
vt -0.0125093 -0.0195588
vt -0.0146236 -0.0187892
vt -0.0126531 -0.0199147
vt -0.0147086 -0.0189995
vt -0.0128214 -0.0202597
vt -0.0148081 -0.0192034
vt -0.0130134 -0.0205922
vt -0.019738 -0.0125781
vt -0.0191024 -0.0147566
vt -0.0178696 -0.012181
vt -0.0177911 -0.0144296
vt -0.0175642 -0.0144296
vt -0.0137213 -0.013857
vt -0.0153398 -0.01542
vt -0.015503 -0.0152624
vt -0.0134644 -0.0141423
vt -0.0122312 -0.0184431
vt -0.0144356 -0.0179044
vt -0.0200887 -0.0127343
vt -0.0193027 -0.0148631
vt -0.0159781 -0.0124468
vt -0.0142915 -0.0133436
vt -0.0156768 -0.0151166
vt -0.0139974 -0.0135904
vt -0.0122978 -0.0165341
vt -0.0144987 -0.0170019
vt -0.0122312 -0.0169122
vt -0.0144593 -0.0172253
vt -0.0139974 -0.0217649
vt -0.015503 -0.0200929
vt -0.0153398 -0.0199353
vt -0.0142915 -0.0220117
vt -0.0156768 -0.0202387
vt -0.0146021 -0.0222374
vt -0.0158603 -0.020372
vt -0.0149277 -0.0224408
vt -0.0160527 -0.0204922
vt -0.0159781 -0.0229085
vt -0.0166733 -0.0207686
vt -0.0164602 -0.020691
vt -0.0163471 -0.0230143
vt -0.0168914 -0.0208311
vt -0.0167226 -0.0230941
vt -0.0171133 -0.0208783
vt -0.0171027 -0.0231475
vt -0.0173379 -0.0209098
vt -0.0207532 -0.0222374
vt -0.019495 -0.020372
vt -0.0193027 -0.0204922
vt -0.0210638 -0.0220117
vt -0.0196785 -0.0202387
vt -0.0213579 -0.0217649
vt -0.0198523 -0.0200929
vt -0.021634 -0.0214983
vt -0.0200155 -0.0199353
vt -0.0207532 -0.0131179
vt -0.019495 -0.0149833
vt -0.0196785 -0.0151166
vt -0.0204277 -0.0129145
vt -0.0121777 -0.0176776
vt -0.012191 -0.0180613
vt -0.0137213 -0.0214983
vt -0.0152666 -0.022621
vt -0.0162529 -0.0205987
vt -0.0156173 -0.0227772
vt -0.0174857 -0.0231743
vt -0.0175642 -0.0209257
vt -0.0186327 -0.0230941
vt -0.018242 -0.0208783
vt -0.0180174 -0.0209098
vt -0.0190082 -0.0230143
vt -0.0184639 -0.0208311
vt -0.0204277 -0.0224408
vt -0.0191024 -0.0205987
vt -0.0218909 -0.021213
vt -0.0201673 -0.0197667
vt -0.0223419 -0.0147631
vt -0.0221272 -0.0144448
vt -0.020307 -0.0157673
vt -0.0218909 -0.0141423
vt -0.0201673 -0.0155886
vt -0.0178696 -0.0231743
vt -0.0177911 -0.0209257
vt -0.0182526 -0.0231475
vt -0.0193772 -0.0229085
vt -0.018682 -0.0207686
vt -0.019738 -0.0227772
vt -0.0188951 -0.020691
vt -0.0221272 -0.0209105
vt -0.020307 -0.019588
vt -0.0223419 -0.0205922
vt -0.0204338 -0.0193999
vt -0.0231643 -0.0180613
vt -0.0209197 -0.0179044
vt -0.020896 -0.01813
vt -0.0231777 -0.0176776
vt -0.0209277 -0.0176776
vt -0.0231643 -0.017294
vt -0.0209197 -0.0174509
vt -0.0231241 -0.0169122
vt -0.020896 -0.0172253
vt -0.0204338 -0.0159554
vt -0.0205472 -0.0161519
vt -0.0213579 -0.0135904
vt -0.0198523 -0.0152624
vt -0.0200155 -0.01542
vt -0.0210638 -0.0133436
vt -0.012191 -0.017294
vt -0.0144356 -0.0174509
vt -0.0144277 -0.0176776
vt -0.0200887 -0.022621
vt -0.0230575 -0.0188212
vt -0.0208566 -0.0183534
vt -0.0208018 -0.0185735
vt -0.0231241 -0.0184431
vt -0.022846 -0.0157965
vt -0.0207317 -0.0165661
vt -0.0208018 -0.0167818
vt -0.0227022 -0.0154406
vt -0.0206467 -0.0163558
vt -0.0225339 -0.0150956
vt -0.021634 -0.013857
vt -0.0225339 -0.0202597
vt -0.0205472 -0.0192034
vt -0.0227022 -0.0199147
vt -0.0206467 -0.0189995
vt -0.022846 -0.0195588
vt -0.0207317 -0.0187892
vt -0.0229646 -0.0191937
vt -0.0230575 -0.0165341
vt -0.0208566 -0.0170019
vt -0.0229646 -0.0161616
vt -0.0698132 0.005
vt 0 0.005
vt 0 0.001
vt 6.14356 0.005
vt -0.0698132 0.001
vt 6.07375 0.005
vt 6.14356 0.001
vt 6.00393 0.005
vt 6.07375 0.001
vt 5.93412 0.005
vt 6.00393 0.001
vt 5.86431 0.005
vt 5.93412 0.001
vt 5.79449 0.005
vt 5.86431 0.001
vt 5.72468 0.005
vt 5.79449 0.001
vt 5.65487 0.005
vt 5.72468 0.001
vt 5.58505 0.005
vt 5.65487 0.001
vt 5.51524 0.005
vt 5.58505 0.001
vt 5.44543 0.005
vt 5.51524 0.001
vt 5.37561 0.005
vt 5.44543 0.001
vt 5.3058 0.005
vt 5.37561 0.001
vt 5.23599 0.005
vt 5.3058 0.001
vt 5.16617 0.005
vt 5.23599 0.001
vt 5.09636 0.005
vt 5.16617 0.001
vt 5.02655 0.005
vt 5.09636 0.001
vt 4.95674 0.005
vt 5.02655 0.001
vt 4.88692 0.005
vt 4.95674 0.001
vt 4.81711 0.005
vt 4.88692 0.001
vt 4.7473 0.005
vt 4.81711 0.001
vt 4.67748 0.005
vt 4.7473 0.001
vt 4.60767 0.005
vt 4.67748 0.001
vt 4.53786 0.005
vt 4.60767 0.001
vt 4.46804 0.005
vt 4.53786 0.001
vt 4.39823 0.005
vt 4.46804 0.001
vt 4.32842 0.005
vt 4.39823 0.001
vt 4.2586 0.005
vt 4.32842 0.001
vt 4.18879 0.005
vt 4.2586 0.001
vt 4.11898 0.005
vt 4.18879 0.001
vt 4.04916 0.005
vt 4.11898 0.001
vt 3.97935 0.005
vt 4.04916 0.001
vt 3.90954 0.005
vt 3.97935 0.001
vt 3.83972 0.005
vt 3.90954 0.001
vt 3.76991 0.005
vt 3.83972 0.001
vt 3.7001 0.005
vt 3.76991 0.001
vt 3.63028 0.005
vt 3.7001 0.001
vt 3.56047 0.005
vt 3.63028 0.001
vt 3.49066 0.005
vt 3.56047 0.001
vt 3.42085 0.005
vt 3.49066 0.001
vt 3.35103 0.005
vt 3.42085 0.001
vt 3.28122 0.005
vt 3.35103 0.001
vt 3.21141 0.005
vt 3.28122 0.001
vt 3.14159 0.005
vt 3.21141 0.001
vt 3.07178 0.005
vt 3.14159 0.001
vt 3.00197 0.005
vt 3.07178 0.001
vt 2.93215 0.005
vt 3.00197 0.001
vt 2.86234 0.005
vt 2.93215 0.001
vt 2.79253 0.005
vt 2.86234 0.001
vt 2.72271 0.005
vt 2.79253 0.001
vt 2.6529 0.005
vt 2.72271 0.001
vt 2.58309 0.005
vt 2.6529 0.001
vt 2.51327 0.005
vt 2.58309 0.001
vt 2.44346 0.005
vt 2.51327 0.001
vt 2.37365 0.005
vt 2.44346 0.001
vt 2.30383 0.005
vt 2.37365 0.001
vt 2.23402 0.005
vt 2.30383 0.001
vt 2.16421 0.005
vt 2.23402 0.001
vt 2.0944 0.005
vt 2.16421 0.001
vt 2.02458 0.005
vt 2.0944 0.001
vt 1.95477 0.005
vt 2.02458 0.001
vt 1.88496 0.005
vt 1.95477 0.001
vt 1.81514 0.005
vt 1.88496 0.001
vt 1.74533 0.005
vt 1.81514 0.001
vt 1.67552 0.005
vt 1.74533 0.001
vt 1.6057 0.005
vt 1.67552 0.001
vt 1.53589 0.005
vt 1.6057 0.001
vt 1.46608 0.005
vt 1.53589 0.001
vt 1.39626 0.005
vt 1.46608 0.001
vt 1.32645 0.005
vt 1.39626 0.001
vt 1.25664 0.005
vt 1.32645 0.001
vt 1.18682 0.005
vt 1.25664 0.001
vt 1.11701 0.005
vt 1.18682 0.001
vt 1.0472 0.005
vt 1.11701 0.001
vt 0.977384 0.005
vt 1.0472 0.001
vt 0.907571 0.005
vt 0.977384 0.001
vt 0.837758 0.005
vt 0.907571 0.001
vt 0.767945 0.005
vt 0.837758 0.001
vt 0.698132 0.005
vt 0.767945 0.001
vt 0.628319 0.005
vt 0.698132 0.001
vt 0.558505 0.005
vt 0.628319 0.001
vt 0.488692 0.005
vt 0.558505 0.001
vt 0.418879 0.005
vt 0.488692 0.001
vt 0.349066 0.005
vt 0.418879 0.001
vt 0.279253 0.005
vt 0.349066 0.001
vt 0.20944 0.005
vt 0.279253 0.001
vt 0.139626 0.005
vt 0.20944 0.001
vt 0.0698132 0.005
vt 0.139626 0.001
vt 0.0698132 0.001
vt -0.0698132 0.006
vt 0 0.006
vt 0 -0
vt -0.139626 0.006
vt -0.0698132 -0
vt 6.07375 0.006
vt -0.139626 -0
vt 6.00393 0.006
vt 6.07375 -0
vt 5.93412 0.006
vt 6.00393 -0
vt 5.86431 0.006
vt 5.93412 -0
vt 5.79449 0.006
vt 5.86431 -0
vt 5.72468 0.006
vt 5.79449 -0
vt 5.65487 0.006
vt 5.72468 -0
vt 5.58505 0.006
vt 5.65487 -0
vt 5.51524 0.006
vt 5.58505 -0
vt 5.44543 0.006
vt 5.51524 -0
vt 5.37561 0.006
vt 5.44543 -0
vt 5.3058 0.006
vt 5.37561 -0
vt 5.23599 0.006
vt 5.3058 -0
vt 5.16617 0.006
vt 5.23599 -0
vt 5.09636 0.006
vt 5.16617 -0
vt 5.02655 0.006
vt 5.09636 -0
vt 4.95674 0.006
vt 5.02655 -0
vt 4.88692 0.006
vt 4.95674 -0
vt 4.81711 0.006
vt 4.88692 -0
vt 4.7473 0.006
vt 4.81711 -0
vt 4.67748 0.006
vt 4.7473 -0
vt 4.60767 0.006
vt 4.67748 -0
vt 4.53786 0.006
vt 4.60767 -0
vt 4.46804 0.006
vt 4.53786 -0
vt 4.39823 0.006
vt 4.46804 -0
vt 4.32842 0.006
vt 4.39823 -0
vt 4.2586 0.006
vt 4.32842 -0
vt 4.18879 0.006
vt 4.2586 -0
vt 4.11898 0.006
vt 4.18879 -0
vt 4.04916 0.006
vt 4.11898 -0
vt 3.97935 0.006
vt 4.04916 -0
vt 3.90954 0.006
vt 3.97935 -0
vt 3.83972 0.006
vt 3.90954 -0
vt 3.76991 0.006
vt 3.83972 -0
vt 3.7001 0.006
vt 3.76991 -0
vt 3.63028 0.006
vt 3.7001 -0
vt 3.56047 0.006
vt 3.63028 -0
vt 3.49066 0.006
vt 3.56047 -0
vt 3.42085 0.006
vt 3.49066 -0
vt 3.35103 0.006
vt 3.42085 -0
vt 3.28122 0.006
vt 3.35103 -0
vt 3.21141 0.006
vt 3.28122 -0
vt 3.14159 0.006
vt 3.21141 -0
vt 3.07178 0.006
vt 3.14159 -0
vt 3.00197 0.006
vt 3.07178 -0
vt 2.93215 0.006
vt 3.00197 -0
vt 2.86234 0.006
vt 2.93215 -0
vt 2.79253 0.006
vt 2.86234 -0
vt 2.72271 0.006
vt 2.79253 -0
vt 2.6529 0.006
vt 2.72271 -0
vt 2.58309 0.006
vt 2.6529 -0
vt 2.51327 0.006
vt 2.58309 -0
vt 2.44346 0.006
vt 2.51327 -0
vt 2.37365 0.006
vt 2.44346 -0
vt 2.30383 0.006
vt 2.37365 -0
vt 2.23402 0.006
vt 2.30383 -0
vt 2.16421 0.006
vt 2.23402 -0
vt 2.0944 0.006
vt 2.16421 -0
vt 2.02458 0.006
vt 2.0944 -0
vt 1.95477 0.006
vt 2.02458 -0
vt 1.88496 0.006
vt 1.95477 -0
vt 1.81514 0.006
vt 1.88496 -0
vt 1.74533 0.006
vt 1.81514 -0
vt 1.67552 0.006
vt 1.74533 -0
vt 1.6057 0.006
vt 1.67552 -0
vt 1.53589 0.006
vt 1.6057 -0
vt 1.46608 0.006
vt 1.53589 -0
vt 1.39626 0.006
vt 1.46608 -0
vt 1.32645 0.006
vt 1.39626 -0
vt 1.25664 0.006
vt 1.32645 -0
vt 1.18682 0.006
vt 1.25664 -0
vt 1.11701 0.006
vt 1.18682 -0
vt 1.0472 0.006
vt 1.11701 -0
vt 0.977384 0.006
vt 1.0472 -0
vt 0.907571 0.006
vt 0.977384 -0
vt 0.837758 0.006
vt 0.907571 -0
vt 0.767945 0.006
vt 0.837758 -0
vt 0.698132 0.006
vt 0.767945 -0
vt 0.628319 0.006
vt 0.698132 -0
vt 0.558505 0.006
vt 0.628319 -0
vt 0.488692 0.006
vt 0.558505 -0
vt 0.418879 0.006
vt 0.488692 -0
vt 0.349066 0.006
vt 0.418879 -0
vt 0.279253 0.006
vt 0.349066 -0
vt 0.20944 0.006
vt 0.279253 -0
vt 0.139626 0.006
vt 0.20944 -0
vt 0.0698132 0.006
vt 0.139626 -0
vt 0.0698132 -0
vt 0.0182526 -0.0122078
vt 0.0186327 -0.0122612
vt 0.018242 -0.014477
vt 0.0190082 -0.012341
vt 0.0184639 -0.0145242
vt 0.0207532 -0.0131179
vt 0.019495 -0.0149833
vt 0.0193026 -0.0148631
vt 0.0210638 -0.0133436
vt 0.0196785 -0.0151166
vt 0.0229646 -0.0161616
vt 0.0208018 -0.0167818
vt 0.0207317 -0.0165661
vt 0.0230575 -0.0165341
vt 0.0208566 -0.0170019
vt 0.0159781 -0.0124468
vt 0.0166733 -0.0145867
vt 0.0164602 -0.0146643
vt 0.0163471 -0.012341
vt 0.0168914 -0.0145242
vt 0.0167226 -0.0122612
vt 0.0171133 -0.014477
vt 0.0171027 -0.0122078
vt 0.0173379 -0.0144455
vt 0.0178696 -0.012181
vt 0.0180174 -0.0144455
vt 0.0213579 -0.0135904
vt 0.0198523 -0.0152624
vt 0.021634 -0.013857
vt 0.0200155 -0.01542
vt 0.0218909 -0.0141423
vt 0.0201673 -0.0155886
vt 0.0231241 -0.0169122
vt 0.020896 -0.0172253
vt 0.0126531 -0.0154406
vt 0.0147086 -0.0163558
vt 0.0146236 -0.0165661
vt 0.0128214 -0.0150956
vt 0.0148081 -0.0161519
vt 0.0130134 -0.0147631
vt 0.0132281 -0.0144448
vt 0.0150483 -0.0157673
vt 0.0134644 -0.0141423
vt 0.015188 -0.0155886
vt 0.0156173 -0.0125781
vt 0.0162529 -0.0147566
vt 0.0174857 -0.012181
vt 0.0175642 -0.0144296
vt 0.0177911 -0.0144296
vt 0.019738 -0.0125781
vt 0.0188951 -0.0146643
vt 0.018682 -0.0145867
vt 0.0200887 -0.0127343
vt 0.0191024 -0.0147566
vt 0.0204276 -0.0129145
vt 0.0221272 -0.0144448
vt 0.020307 -0.0157673
vt 0.0225339 -0.0150956
vt 0.0205472 -0.0161519
vt 0.0204338 -0.0159554
vt 0.0227022 -0.0154406
vt 0.0206467 -0.0163558
vt 0.022846 -0.0157965
vt 0.0122978 -0.0188212
vt 0.0144987 -0.0183534
vt 0.0145535 -0.0185735
vt 0.0122312 -0.0184431
vt 0.0144593 -0.01813
vt 0.0122312 -0.0169122
vt 0.0144593 -0.0172253
vt 0.0144356 -0.0174509
vt 0.0122978 -0.0165341
vt 0.0144987 -0.0170019
vt 0.0125093 -0.0157965
vt 0.0145535 -0.0167818
vt 0.0149215 -0.0159554
vt 0.0152666 -0.0127343
vt 0.0160526 -0.0148631
vt 0.0223419 -0.0147631
vt 0.0146021 -0.0222374
vt 0.0158603 -0.020372
vt 0.0160526 -0.0204922
vt 0.0142915 -0.0220117
vt 0.0156768 -0.0202387
vt 0.012191 -0.0180613
vt 0.0144356 -0.0179044
vt 0.0121776 -0.0176777
vt 0.0144276 -0.0176777
vt 0.012191 -0.017294
vt 0.0123907 -0.0161616
vt 0.0146021 -0.0131179
vt 0.0158603 -0.0149833
vt 0.0156768 -0.0151166
vt 0.0149276 -0.0129145
vt 0.0193772 -0.0124468
vt 0.0149276 -0.0224408
vt 0.0162529 -0.0205987
vt 0.0137213 -0.0214983
vt 0.0153398 -0.0199353
vt 0.015503 -0.0200929
vt 0.0134644 -0.021213
vt 0.015188 -0.0197667
vt 0.0132281 -0.0209105
vt 0.0150483 -0.019588
vt 0.0130134 -0.0205922
vt 0.0149215 -0.0193999
vt 0.0139974 -0.0135904
vt 0.015503 -0.0152624
vt 0.0153398 -0.01542
vt 0.0142915 -0.0133436
vt 0.0223419 -0.0205922
vt 0.0204338 -0.0193999
vt 0.0205472 -0.0192034
vt 0.0221272 -0.0209105
vt 0.020307 -0.019588
vt 0.0186327 -0.0230941
vt 0.018242 -0.0208783
vt 0.0184639 -0.0208311
vt 0.0182526 -0.0231475
vt 0.0180174 -0.0209098
vt 0.0139974 -0.0217649
vt 0.0128214 -0.0202597
vt 0.0148081 -0.0192034
vt 0.0126531 -0.0199147
vt 0.0147086 -0.0189995
vt 0.0125093 -0.0195588
vt 0.0146236 -0.0187892
vt 0.0123907 -0.0191937
vt 0.0137213 -0.013857
vt 0.0231643 -0.017294
vt 0.0209197 -0.0174509
vt 0.0231776 -0.0176777
vt 0.0209276 -0.0176777
vt 0.0225339 -0.0202597
vt 0.0206467 -0.0189995
vt 0.0207532 -0.0222374
vt 0.019495 -0.020372
vt 0.0196785 -0.0202387
vt 0.0204276 -0.0224408
vt 0.0193026 -0.0204922
vt 0.0193772 -0.0229085
vt 0.018682 -0.0207686
vt 0.0188951 -0.020691
vt 0.0190082 -0.0230143
vt 0.0178696 -0.0231743
vt 0.0177911 -0.0209257
vt 0.0167226 -0.0230941
vt 0.0171133 -0.0208783
vt 0.0173379 -0.0209098
vt 0.0163471 -0.0230143
vt 0.0168914 -0.0208311
vt 0.022846 -0.0195588
vt 0.0207317 -0.0187892
vt 0.0208018 -0.0185735
vt 0.0227022 -0.0199147
vt 0.0218909 -0.021213
vt 0.0201673 -0.0197667
vt 0.0200887 -0.022621
vt 0.0191024 -0.0205987
vt 0.019738 -0.0227772
vt 0.0174857 -0.0231743
vt 0.0175642 -0.0209257
vt 0.0171027 -0.0231475
vt 0.0159781 -0.0229085
vt 0.0166733 -0.0207686
vt 0.0156173 -0.0227772
vt 0.0164602 -0.020691
vt 0.0152666 -0.022621
vt 0.021634 -0.0214983
vt 0.0200155 -0.0199353
vt 0.0213579 -0.0217649
vt 0.0198523 -0.0200929
vt 0.0210638 -0.0220117
vt 0.0231643 -0.0180613
vt 0.0209197 -0.0179044
vt 0.0231241 -0.0184431
vt 0.020896 -0.01813
vt 0.0230575 -0.0188212
vt 0.0208566 -0.0183534
vt 0.0229646 -0.0191937
vt -0.0698132 0.005
vt 0 0.005
vt 0 0.001
vt 6.14356 0.005
vt -0.0698132 0.001
vt 6.07375 0.005
vt 6.14356 0.001
vt 6.00393 0.005
vt 6.07375 0.001
vt 5.93412 0.005
vt 6.00393 0.001
vt 5.86431 0.005
vt 5.93412 0.001
vt 5.79449 0.005
vt 5.86431 0.001
vt 5.72468 0.005
vt 5.79449 0.001
vt 5.65487 0.005
vt 5.72468 0.001
vt 5.58505 0.005
vt 5.65487 0.001
vt 5.51524 0.005
vt 5.58505 0.001
vt 5.44543 0.005
vt 5.51524 0.001
vt 5.37561 0.005
vt 5.44543 0.001
vt 5.3058 0.005
vt 5.37561 0.001
vt 5.23599 0.005
vt 5.3058 0.001
vt 5.16617 0.005
vt 5.23599 0.001
vt 5.09636 0.005
vt 5.16617 0.001
vt 5.02655 0.005
vt 5.09636 0.001
vt 4.95674 0.005
vt 5.02655 0.001
vt 4.88692 0.005
vt 4.95674 0.001
vt 4.81711 0.005
vt 4.88692 0.001
vt 4.7473 0.005
vt 4.81711 0.001
vt 4.67748 0.005
vt 4.7473 0.001
vt 4.60767 0.005
vt 4.67748 0.001
vt 4.53786 0.005
vt 4.60767 0.001
vt 4.46804 0.005
vt 4.53786 0.001
vt 4.39823 0.005
vt 4.46804 0.001
vt 4.32842 0.005
vt 4.39823 0.001
vt 4.2586 0.005
vt 4.32842 0.001
vt 4.18879 0.005
vt 4.2586 0.001
vt 4.11898 0.005
vt 4.18879 0.001
vt 4.04916 0.005
vt 4.11898 0.001
vt 3.97935 0.005
vt 4.04916 0.001
vt 3.90954 0.005
vt 3.97935 0.001
vt 3.83972 0.005
vt 3.90954 0.001
vt 3.76991 0.005
vt 3.83972 0.001
vt 3.7001 0.005
vt 3.76991 0.001
vt 3.63028 0.005
vt 3.7001 0.001
vt 3.56047 0.005
vt 3.63028 0.001
vt 3.49066 0.005
vt 3.56047 0.001
vt 3.42085 0.005
vt 3.49066 0.001
vt 3.35103 0.005
vt 3.42085 0.001
vt 3.28122 0.005
vt 3.35103 0.001
vt 3.21141 0.005
vt 3.28122 0.001
vt 3.14159 0.005
vt 3.21141 0.001
vt 3.07178 0.005
vt 3.14159 0.001
vt 3.00197 0.005
vt 3.07178 0.001
vt 2.93215 0.005
vt 3.00197 0.001
vt 2.86234 0.005
vt 2.93215 0.001
vt 2.79253 0.005
vt 2.86234 0.001
vt 2.72271 0.005
vt 2.79253 0.001
vt 2.6529 0.005
vt 2.72271 0.001
vt 2.58309 0.005
vt 2.6529 0.001
vt 2.51327 0.005
vt 2.58309 0.001
vt 2.44346 0.005
vt 2.51327 0.001
vt 2.37365 0.005
vt 2.44346 0.001
vt 2.30383 0.005
vt 2.37365 0.001
vt 2.23402 0.005
vt 2.30383 0.001
vt 2.16421 0.005
vt 2.23402 0.001
vt 2.0944 0.005
vt 2.16421 0.001
vt 2.02458 0.005
vt 2.0944 0.001
vt 1.95477 0.005
vt 2.02458 0.001
vt 1.88496 0.005
vt 1.95477 0.001
vt 1.81514 0.005
vt 1.88496 0.001
vt 1.74533 0.005
vt 1.81514 0.001
vt 1.67552 0.005
vt 1.74533 0.001
vt 1.6057 0.005
vt 1.67552 0.001
vt 1.53589 0.005
vt 1.6057 0.001
vt 1.46608 0.005
vt 1.53589 0.001
vt 1.39626 0.005
vt 1.46608 0.001
vt 1.32645 0.005
vt 1.39626 0.001
vt 1.25664 0.005
vt 1.32645 0.001
vt 1.18682 0.005
vt 1.25664 0.001
vt 1.11701 0.005
vt 1.18682 0.001
vt 1.0472 0.005
vt 1.11701 0.001
vt 0.977384 0.005
vt 1.0472 0.001
vt 0.907571 0.005
vt 0.977384 0.001
vt 0.837758 0.005
vt 0.907571 0.001
vt 0.767945 0.005
vt 0.837758 0.001
vt 0.698132 0.005
vt 0.767945 0.001
vt 0.628319 0.005
vt 0.698132 0.001
vt 0.558505 0.005
vt 0.628319 0.001
vt 0.488692 0.005
vt 0.558505 0.001
vt 0.418879 0.005
vt 0.488692 0.001
vt 0.349066 0.005
vt 0.418879 0.001
vt 0.279253 0.005
vt 0.349066 0.001
vt 0.20944 0.005
vt 0.279253 0.001
vt 0.139626 0.005
vt 0.20944 0.001
vt 0.0698132 0.005
vt 0.139626 0.001
vt 0.0698132 0.001
vt 1.73472e-18 -0.00858883
vt -0.0173379 -0.0144455
vt -0.0171133 -0.014477
vt -0.0308253 -0.00859063
vt -0.0175642 -0.0144296
vt -0.0147086 -0.0163558
vt -0.0146236 -0.0165661
vt -0.0149215 -0.0159554
vt -0.0148081 -0.0161519
vt -0.0184639 -0.0145242
vt -0.018242 -0.014477
vt -0.0150483 -0.019588
vt -0.015188 -0.0197667
vt -0.00111678 -0.0319805
vt -0.015188 -0.0155886
vt -0.0150483 -0.0157673
vt -0.0162529 -0.0147566
vt -0.0160527 -0.0148631
vt -0.0166733 -0.0145867
vt -0.0164602 -0.0146643
vt -0.0177911 -0.0144296
vt -0.0180174 -0.0144455
vt -0.0188951 -0.0146643
vt -0.018682 -0.0145867
vt 1.73472e-18 -0.032
vt -0.0149215 -0.0193999
vt -0.0144593 -0.01813
vt -0.0144987 -0.0183534
vt -0.0145535 -0.0167818
vt -0.0144987 -0.0170019
vt -0.0158603 -0.0149833
vt -0.0156768 -0.0151166
vt -0.0191024 -0.0147566
vt -0.0214122 -0.0237806
vt -0.0196785 -0.0202387
vt -0.0198523 -0.0200929
vt -0.0148081 -0.0192034
vt -0.0146236 -0.0187892
vt -0.0147086 -0.0189995
vt -0.0145535 -0.0185735
vt -0.0144356 -0.0179044
vt -0.015503 -0.0152624
vt -0.0153398 -0.01542
vt -0.0230189 -0.0222291
vt -0.0193027 -0.0204922
vt -0.019495 -0.020372
vt -0.0164602 -0.020691
vt -0.0166733 -0.0207686
vt -0.0140279 -0.0287614
vt -0.0158603 -0.020372
vt -0.0160527 -0.0204922
vt -0.00988854 -0.0304338
vt -0.0144356 -0.0174509
vt -0.0144277 -0.0176776
vt -0.0168914 -0.0145242
vt -0.0193027 -0.0148631
vt -0.0196785 -0.0151166
vt -0.019495 -0.0149833
vt -0.0200155 -0.0199353
vt -0.0191024 -0.0205987
vt -0.0180174 -0.0209098
vt -0.018242 -0.0208783
vt -0.0197012 -0.0252163
vt -0.0119874 -0.0296699
vt -0.0162529 -0.0205987
vt -0.0077415 -0.0310495
vt -0.0156768 -0.0202387
vt -0.015503 -0.0200929
vt -0.0153398 -0.0199353
vt -0.00555674 -0.0315138
vt -0.0144593 -0.0172253
vt -0.020307 -0.0157673
vt -0.0307604 -0.0088204
vt -0.0245134 -0.0205692
vt -0.0204338 -0.0193999
vt -0.0201673 -0.0197667
vt -0.020307 -0.019588
vt -0.0188951 -0.020691
vt -0.0184639 -0.0208311
vt -0.018682 -0.0207686
vt -0.0178942 -0.0265292
vt -0.0168914 -0.0208311
vt -0.0171133 -0.0208783
vt -0.016 -0.0277128
vt -0.00334491 -0.0318247
vt -0.0200155 -0.01542
vt -0.0198523 -0.0152624
vt -0.0204338 -0.0159554
vt -0.0300702 -0.0109446
vt -0.0206467 -0.0189995
vt -0.0207317 -0.0187892
vt -0.0205472 -0.0192034
vt -0.0177911 -0.0209257
vt -0.0173379 -0.0209098
vt -0.0175642 -0.0209257
vt -0.0201673 -0.0155886
vt -0.0205472 -0.0161519
vt -0.0292335 -0.0130156
vt -0.0207317 -0.0165661
vt -0.0282543 -0.0150231
vt -0.0206467 -0.0163558
vt -0.0208018 -0.0167818
vt -0.0208566 -0.0170019
vt -0.0271375 -0.0169574
vt -0.0209277 -0.0176776
vt -0.0258885 -0.0188091
vt -0.0208018 -0.0185735
vt -0.020896 -0.0172253
vt -0.0209197 -0.0174509
vt -0.020896 -0.01813
vt -0.0209197 -0.0179044
vt -0.0208566 -0.0183534
vt 0.0158603 -0.020372
vt 0.0077415 -0.0310495
vt 0.00988854 -0.0304338
vt 0.0150483 -0.019588
vt 0.00111678 -0.0319805
vt 0.015188 -0.0197667
vt 0.00334491 -0.0318247
vt 0.0153398 -0.0199353
vt 0.00555674 -0.0315138
vt 0.0160526 -0.0204922
vt 0.0119874 -0.0296699
vt 0.0207317 -0.0165661
vt 0.0208018 -0.0167818
vt 0.0282543 -0.0150231
vt 0.0308253 -0.00859063
vt 0.0180174 -0.0144455
vt 0.018242 -0.014477
vt 0.015503 -0.0200929
vt 0.0162529 -0.0205987
vt 0.0208566 -0.0170019
vt 0.020896 -0.0172253
vt 0.0271375 -0.0169574
vt 0.0292335 -0.0130156
vt 0.0193026 -0.0148631
vt 0.019495 -0.0149833
vt 0.0177911 -0.0144296
vt 0.0173379 -0.0144455
vt 0.0175642 -0.0144296
vt 0.0168914 -0.0145242
vt 0.0171133 -0.014477
vt 0.0144593 -0.01813
vt 0.0144356 -0.0179044
vt 0.0145535 -0.0185735
vt 0.0144987 -0.0183534
vt 0.0147086 -0.0189995
vt 0.0146236 -0.0187892
vt 0.0149215 -0.0193999
vt 0.0148081 -0.0192034
vt 0.0156768 -0.0202387
vt 0.0168914 -0.0208311
vt 0.0140279 -0.0287614
vt 0.016 -0.0277128
vt 0.0245134 -0.0205692
vt 0.0205472 -0.0192034
vt 0.0204338 -0.0193999
vt 0.0205472 -0.0161519
vt 0.0206467 -0.0163558
vt 0.0204338 -0.0159554
vt 0.0300702 -0.0109446
vt 0.0198523 -0.0152624
vt 0.0200155 -0.01542
vt 0.0196785 -0.0151166
vt 0.0164602 -0.0146643
vt 0.0166733 -0.0145867
vt 0.0164602 -0.020691
vt 0.0173379 -0.0209098
vt 0.0171133 -0.0208783
vt 0.0178942 -0.0265292
vt 0.0180174 -0.0209098
vt 0.0197012 -0.0252163
vt 0.0230189 -0.0222291
vt 0.0307604 -0.0088204
vt 0.020307 -0.0157673
vt 0.0201673 -0.0155886
vt 0.0191024 -0.0147566
vt 0.018682 -0.0145867
vt 0.0188951 -0.0146643
vt 0.0162529 -0.0147566
vt 0.0149215 -0.0159554
vt 0.0150483 -0.0157673
vt 0.0146236 -0.0165661
vt 0.0147086 -0.0163558
vt 0.0166733 -0.0207686
vt 0.0175642 -0.0209257
vt 0.0184639 -0.0208311
vt 0.018242 -0.0208783
vt 0.020307 -0.019588
vt 0.0209276 -0.0176777
vt 0.0209197 -0.0179044
vt 0.0258885 -0.0188091
vt 0.0148081 -0.0161519
vt 0.0145535 -0.0167818
vt 0.0144356 -0.0174509
vt 0.0144593 -0.0172253
vt 0.0177911 -0.0209257
vt 0.0188951 -0.020691
vt 0.018682 -0.0207686
vt 0.0214122 -0.0237806
vt 0.0191024 -0.0205987
vt 0.0196785 -0.0202387
vt 0.019495 -0.020372
vt 0.0206467 -0.0189995
vt 0.0208018 -0.0185735
vt 0.0207317 -0.0187892
vt 0.0208566 -0.0183534
vt 0.0209197 -0.0174509
vt 0.0184639 -0.0145242
vt 0.0160526 -0.0148631
vt 0.0156768 -0.0151166
vt 0.0158603 -0.0149833
vt 0.0144987 -0.0170019
vt 0.0193026 -0.0204922
vt 0.0198523 -0.0200929
vt 0.020896 -0.01813
vt 0.0153398 -0.01542
vt 0.015503 -0.0152624
vt 0.0200155 -0.0199353
vt 0.0201673 -0.0197667
vt 0.015188 -0.0155886
vt 0.0144276 -0.0176777
vt 0.0188951 0.0146643
vt 0.0237945 0.00247168
vt 0.0239698 0.00254976
vt 0.018682 0.0145867
vt 0.0191024 0.0147566
vt 0.0245225 0.00270822
vt 0.0247125 0.00273494
vt 0.0241502 0.00261541
vt 0.0243347 0.00266831
vt 0.0184639 0.0145242
vt 0.0234622 0.00227985
vt 0.0173379 0.0144455
vt 0.0171133 0.014477
vt 0.018242 0.014477
vt 0.0193027 0.0148631
vt 0.025096 0.00274832
vt 0.0252875 0.00273494
vt 0.024904 0.00274832
vt 0.0175642 0.0144296
vt 0.023625 0.00238157
vt 0.0180174 0.0144455
vt 0.0177911 0.0144296
vt 0.0254775 0.00270822
vt 0.0256653 0.00266831
vt 0.0168914 0.0145242
vt 0.0166733 0.0145867
vt 0.0260302 0.00254976
vt 0.0262055 0.00247168
vt 0.026375 0.00238157
vt 0.0196785 0.0151166
vt 0.019495 0.0149833
vt 0.0313007 0.00665317
vt 0.0198523 0.0152624
vt 0.0258498 0.00261541
vt 0.0164602 0.0146643
vt 0.0201673 0.0155886
vt 0.0200155 0.01542
vt 0.0228934 0.00176767
vt 0.0230218 0.00191031
vt 0.0231599 0.00204365
vt 0.0204338 0.0159554
vt 0.0307604 0.0088204
vt 0.0300702 0.0109446
vt 0.0258885 0.0188091
vt 0.0245134 0.0205692
vt 0.0208018 0.0185735
vt 0.0243347 -0.00266831
vt 0.0247125 -0.00273494
vt 0.0245225 -0.00270822
vt 0.025096 -0.00274832
vt 0.024904 -0.00274832
vt 1.73472e-18 0.032
vt 0.015188 0.0155886
vt 0.0150483 0.0157673
vt 0.0226679 0.00145728
vt 0.0153398 0.01542
vt 0.0265378 0.00227985
vt 0.0233069 0.00216703
vt 0.0227752 0.00161641
vt 0.0205472 0.0161519
vt 0.0292335 0.0130156
vt 0.0207317 0.0165661
vt 0.0282543 0.0150231
vt 0.0207317 0.0187892
vt 0.0252875 -0.00273494
vt 0.0256653 -0.00266831
vt 0.0254775 -0.00270822
vt 0.0316886 0.00445354
vt 0.0274281 0.00129105
vt 0.0275123 0.00111853
vt 0.0156768 0.0151166
vt 0.015503 0.0152624
vt 0.0160527 0.0148631
vt 0.0158603 0.0149833
vt 0.0162529 0.0147566
vt 0.0266931 0.00216703
vt 0.0268401 0.00204365
vt 0.0206467 0.0163558
vt 0.0208018 0.0167818
vt 0.0208566 0.0183534
vt 0.0230189 0.0222291
vt 0.0204338 0.0193999
vt 0.0198523 0.0200929
vt 0.0200155 0.0199353
vt 0.0258498 -0.00261541
vt 0.032 1.22465e-19
vt 0.0277433 0.00019183
vt 0.02775 -7.76289e-17
vt 0.031922 0.00223221
vt 0.0147086 0.0163558
vt 0.0146236 0.0165661
vt 0.0149215 0.0159554
vt 0.0148081 0.0161519
vt 0.0269782 0.00191031
vt 0.0206467 0.0189995
vt 0.0205472 0.0192034
vt 0.0201673 0.0197667
vt 0.0241502 -0.00261541
vt 0.0239698 -0.00254976
vt 0.0266931 -0.00216703
vt 0.0313007 -0.00665317
vt 0.0277232 0.000382726
vt 0.0275842 0.000940555
vt 0.0276435 0.000758003
vt 0.0273321 0.00145728
vt 0.0271066 0.00176767
vt 0.0272248 0.00161641
vt 0.020307 0.0157673
vt 0.0209277 0.0176776
vt 0.0271375 0.0169574
vt 0.020307 0.019588
vt 0.0214122 0.0237806
vt 0.0196785 0.0202387
vt 0.0197012 0.0252163
vt 0.0188951 0.020691
vt 0.0184639 0.0208311
vt 0.018682 0.0207686
vt 0.0180174 0.0209098
vt 0.018242 0.0208783
vt 0.0150483 0.019588
vt 0.015188 0.0197667
vt 0.00111678 0.0319805
vt 0.0148081 0.0192034
vt 0.0149215 0.0193999
vt 0.0262055 -0.00247168
vt 0.0260302 -0.00254976
vt 0.0265378 -0.00227985
vt 0.026375 -0.00238157
vt 0.0268401 -0.00204365
vt 0.0316886 -0.00445354
vt 0.031922 -0.00223221
vt 0.0275123 -0.00111853
vt 0.0276899 -0.000571757
vt 0.0276435 -0.000758003
vt 0.0277232 -0.000382726
vt 0.0277433 -0.00019183
vt 0.0145535 0.0167818
vt 0.0144987 0.0170019
vt 0.0223101 0.000571757
vt 0.0223565 0.000758003
vt 0.0208566 0.0170019
vt 0.0209197 0.0174509
vt 0.020896 0.01813
vt 0.0209197 0.0179044
vt 0.019495 0.020372
vt 0.0191024 0.0205987
vt 0.0193027 0.0204922
vt 0.0178942 0.0265292
vt 0.0168914 0.0208311
vt 0.0171133 0.0208783
vt 0.016 0.0277128
vt 0.0153398 0.0199353
vt 0.00334491 0.0318247
vt 0.0146236 0.0187892
vt 0.0147086 0.0189995
vt 0.023625 -0.00238157
vt 0.0234622 -0.00227985
vt 0.0274281 -0.00129105
vt 0.0275842 -0.000940555
vt 0.0276899 0.000571757
vt 0.0144593 0.0172253
vt 0.020896 0.0172253
vt 0.0177911 0.0209257
vt 0.0173379 0.0209098
vt 0.0175642 0.0209257
vt 0.0140279 0.0287614
vt 0.0145535 0.0185735
vt 0.0144356 0.0179044
vt 0.0144593 0.01813
vt 0.0222768 -0.000382726
vt 0.0222567 -0.00019183
vt 0.0224877 -0.00111853
vt 0.0224158 -0.000940555
vt 0.0231599 -0.00204365
vt 0.0230218 -0.00191031
vt 0.0237945 -0.00247168
vt 0.0144356 0.0174509
vt 0.0224877 0.00111853
vt 0.0225719 0.00129105
vt 0.0224158 0.000940555
vt 0.02225 -7.86392e-17
vt 0.0222567 0.00019183
vt 0.0164602 0.020691
vt 0.0166733 0.0207686
vt 0.015503 0.0200929
vt 0.0156768 0.0202387
vt 0.0077415 0.0310495
vt 0.00555674 0.0315138
vt 0.0144987 0.0183534
vt 0.0223101 -0.000571757
vt 0.0225719 -0.00129105
vt 0.0233069 -0.00216703
vt 0.0222768 0.000382726
vt 0.0119874 0.0296699
vt 0.0160527 0.0204922
vt 0.0162529 0.0205987
vt 0.0158603 0.020372
vt 0.00988854 0.0304338
vt 0.0223565 -0.000758003
vt 0.0226679 -0.00145728
vt 0.0228934 -0.00176767
vt 0.0227752 -0.00161641
vt 0.0271066 -0.00176767
vt 0.0144277 0.0176776
vt 0.0269782 -0.00191031
vt 0.0273321 -0.00145728
vt 0.0272248 -0.00161641
vt -0.0180174 0.0144455
vt -0.018242 0.014477
vt -0.0177911 0.0144296
vt -0.0173379 0.0144455
vt -0.0175642 0.0144296
vt -0.0168914 0.0145242
vt -0.0171133 0.014477
vt -0.0184639 0.0145242
vt -0.018682 0.0145867
vt -0.0164602 0.0146643
vt -0.0166733 0.0145867
vt -0.0162529 0.0147566
vt -0.0149215 0.0159554
vt -0.0150483 0.0157673
vt -0.0144593 0.0172253
vt -0.0144987 0.0170019
vt -0.0147086 0.0189995
vt -0.0146236 0.0187892
vt -0.0149215 0.0193999
vt -0.0148081 0.0192034
vt -0.0150483 0.019588
vt -0.00111678 0.0319805
vt -0.0153398 0.0199353
vt -0.00334491 0.0318247
vt -0.00555674 0.0315138
vt -0.015503 0.0200929
vt -0.0077415 0.0310495
vt -0.0193026 0.0148631
vt -0.019495 0.0149833
vt -0.031922 -0.00223221
vt -0.0156768 0.0151166
vt -0.0158603 0.0149833
vt -0.0148081 0.0161519
vt -0.0146236 0.0165661
vt -0.0147086 0.0163558
vt -0.0145535 0.0167818
vt -0.0144356 0.0174509
vt -0.015188 0.0197667
vt -0.0156768 0.0202387
vt -0.0164602 0.020691
vt -0.0119874 0.0296699
vt -0.0140279 0.0287614
vt -0.0196785 0.0151166
vt -0.032 1.18791e-17
vt -0.0316886 -0.00445354
vt -0.0191024 0.0147566
vt -0.0313007 -0.00665317
vt -0.0160526 0.0148631
vt -0.015503 0.0152624
vt -0.0144356 0.0179044
vt -0.0144276 0.0176777
vt -0.0145535 0.0185735
vt -0.0144987 0.0183534
vt -0.0158603 0.020372
vt -0.00988854 0.0304338
vt -0.0160526 0.0204922
vt -0.0168914 0.0208311
vt -0.0166733 0.0207686
vt -0.0201673 0.0155886
vt -0.020307 0.0157673
vt -0.0307604 0.0088204
vt -0.0198523 0.0152624
vt -0.0200155 0.01542
vt -0.0316886 0.00445354
vt -0.031922 0.00223221
vt -0.0188951 0.0146643
vt -0.015188 0.0155886
vt -0.0153398 0.01542
vt -0.0144593 0.01813
vt -0.0162529 0.0205987
vt -0.0313007 0.00665317
vt -0.016 0.0277128
vt -0.0207317 0.0165661
vt -0.0208018 0.0167818
vt -0.0282543 0.0150231
vt -0.0205472 0.0161519
vt -0.0206467 0.0163558
vt -0.0292335 0.0130156
vt -0.0204338 0.0159554
vt -0.0300702 0.0109446
vt -0.0173379 0.0209098
vt -0.0171133 0.0208783
vt -0.0178942 0.0265292
vt -0.0180174 0.0209098
vt -0.0197012 0.0252163
vt -0.0175642 0.0209257
vt -0.0184639 0.0208311
vt -0.018242 0.0208783
vt -0.0230189 0.0222291
vt -0.0204338 0.0193999
vt -0.020307 0.019588
vt -0.0245134 0.0205692
vt -0.0205472 0.0192034
vt -0.0177911 0.0209257
vt -0.0214122 0.0237806
vt -0.0198523 0.0200929
vt -0.0258885 0.0188091
vt -0.0208566 0.0183534
vt -0.0208018 0.0185735
vt -0.0209276 0.0176777
vt -0.0209197 0.0179044
vt -0.0208566 0.0170019
vt -0.020896 0.0172253
vt -0.0271375 0.0169574
vt -0.0188951 0.020691
vt -0.018682 0.0207686
vt -0.0191024 0.0205987
vt -0.019495 0.020372
vt -0.0193026 0.0204922
vt -0.0200155 0.0199353
vt -0.0206467 0.0189995
vt -0.0207317 0.0187892
vt -0.020896 0.01813
vt -0.0209197 0.0174509
vt -0.0196785 0.0202387
vt -0.0201673 0.0197667
vt 6.28319 0.005
vt 6.28319 0
vt 6.353 0
vt 6.353 0.005
vt 0.139626 0
vt 0.139626 0.005
vt 0.20944 0
vt 0.20944 0.005
vt 0.279253 0
vt 0.279253 0.005
vt 0.349066 0
vt 0.349066 0.005
vt 0.418879 0
vt 0.418879 0.005
vt 0.488692 0
vt 0.488692 0.005
vt 0.558505 0
vt 0.558505 0.005
vt 0.628319 0
vt 0.628319 0.005
vt 0.698132 0
vt 0.698132 0.005
vt 0.767945 0
vt 0.767945 0.005
vt 0.837758 0
vt 0.837758 0.005
vt 0.907571 0
vt 0.907571 0.005
vt 0.977384 0
vt 0.977384 0.005
vt 1.0472 0
vt 1.0472 0.005
vt 1.11701 0
vt 1.11701 0.005
vt 1.18682 0
vt 1.18682 0.005
vt 1.25664 0
vt 1.25664 0.005
vt 1.32645 0
vt 1.32645 0.005
vt 1.39626 0
vt 1.39626 0.005
vt 1.46608 0
vt 1.46608 0.005
vt 1.53589 0
vt 1.53589 0.005
vt 1.6057 0
vt 1.6057 0.005
vt 1.67552 0
vt 1.67552 0.005
vt 1.74533 0
vt 1.74533 0.005
vt 1.81514 0
vt 1.81514 0.005
vt 1.88496 0
vt 1.88496 0.005
vt 1.95477 0
vt 1.95477 0.005
vt 2.02458 0
vt 2.02458 0.005
vt 2.0944 0
vt 2.0944 0.005
vt 2.16421 0
vt 2.16421 0.005
vt 2.23402 0
vt 2.23402 0.005
vt 2.30383 0
vt 2.30383 0.005
vt 2.37365 0
vt 2.37365 0.005
vt 2.44346 0
vt 2.44346 0.005
vt 2.51327 0
vt 2.51327 0.005
vt 2.58309 0
vt 2.58309 0.005
vt 2.6529 0
vt 2.6529 0.005
vt 2.72271 0
vt 2.72271 0.005
vt 2.79253 0
vt 2.79253 0.005
vt 2.86234 0
vt 2.86234 0.005
vt 2.93215 0
vt 2.93215 0.005
vt 3.00197 0
vt 3.00197 0.005
vt 3.07178 0
vt 3.07178 0.005
vt 3.14159 0
vt 3.14159 0.005
vt 3.21141 0
vt 3.21141 0.005
vt 3.28122 0
vt 3.28122 0.005
vt 3.35103 0
vt 3.35103 0.005
vt 3.42085 0
vt 3.42085 0.005
vt 3.49066 0
vt 3.49066 0.005
vt 3.56047 0
vt 3.56047 0.005
vt 3.63028 0
vt 3.63028 0.005
vt 3.7001 0
vt 3.7001 0.005
vt 3.76991 0
vt 3.76991 0.005
vt 3.83972 0
vt 3.83972 0.005
vt 3.90954 0
vt 3.90954 0.005
vt 3.97935 0
vt 3.97935 0.005
vt 4.04916 0
vt 4.04916 0.005
vt 4.11898 0
vt 4.11898 0.005
vt 4.18879 0
vt 4.18879 0.005
vt 4.2586 0
vt 4.2586 0.005
vt 4.32842 0
vt 4.32842 0.005
vt 4.39823 0
vt 4.39823 0.005
vt 4.46804 0
vt 4.46804 0.005
vt 4.53786 0
vt 4.53786 0.005
vt 4.60767 0
vt 4.60767 0.005
vt 4.67748 0
vt 4.67748 0.005
vt 4.7473 0
vt 4.7473 0.005
vt 4.81711 0
vt 4.81711 0.005
vt 4.88692 0
vt 4.88692 0.005
vt 4.95674 0
vt 4.95674 0.005
vt 5.02655 0
vt 5.02655 0.005
vt 5.09636 0
vt 5.09636 0.005
vt 5.16617 0
vt 5.16617 0.005
vt 5.23599 0
vt 5.23599 0.005
vt 5.3058 0
vt 5.3058 0.005
vt 5.37561 0
vt 5.37561 0.005
vt 5.44543 0
vt 5.44543 0.005
vt 5.51524 0
vt 5.51524 0.005
vt 5.58505 0
vt 5.58505 0.005
vt 5.65487 0
vt 5.65487 0.005
vt 5.72468 0
vt 5.72468 0.005
vt 5.79449 0
vt 5.79449 0.005
vt 5.86431 0
vt 5.86431 0.005
vt 5.93412 0
vt 5.93412 0.005
vt 6.00393 0
vt 6.00393 0.005
vt 6.07375 0
vt 6.07375 0.005
vt 6.14356 0
vt 6.14356 0.005
vt 6.21337 0
vt 6.21337 0.005
vt 0.025 -7.76289e-17
vt 0.0222567 -0.00019183
vt 0.0222768 -0.000382726
vt 0.0223101 -0.000571757
vt 0.0223565 -0.000758003
vt 0.0224158 -0.000940555
vt 0.0224877 -0.00111853
vt 0.0225719 -0.00129105
vt 0.0226679 -0.00145728
vt 0.0227752 -0.00161641
vt 0.0228934 -0.00176767
vt 0.0230218 -0.00191031
vt 0.0231599 -0.00204365
vt 0.0233069 -0.00216703
vt 0.0234622 -0.00227985
vt 0.023625 -0.00238157
vt 0.0237945 -0.00247168
vt 0.0239698 -0.00254976
vt 0.0241502 -0.00261541
vt 0.0243347 -0.00266831
vt 0.0245225 -0.00270822
vt 0.0247125 -0.00273494
vt 0.024904 -0.00274832
vt 0.025096 -0.00274832
vt 0.0252875 -0.00273494
vt 0.0254775 -0.00270822
vt 0.0256653 -0.00266831
vt 0.0258498 -0.00261541
vt 0.0260302 -0.00254976
vt 0.0262055 -0.00247168
vt 0.026375 -0.00238157
vt 0.0265378 -0.00227985
vt 0.0266931 -0.00216703
vt 0.0268401 -0.00204365
vt 0.0269782 -0.00191031
vt 0.0271066 -0.00176767
vt 0.0272248 -0.00161641
vt 0.0273321 -0.00145728
vt 0.0274281 -0.00129105
vt 0.0275123 -0.00111853
vt 0.0275842 -0.000940555
vt 0.0276435 -0.000758003
vt 0.0276899 -0.000571757
vt 0.0277232 -0.000382726
vt 0.0277433 -0.00019183
vt 0.02775 -7.76289e-17
vt 0.0277433 0.00019183
vt 0.0277232 0.000382726
vt 0.0276899 0.000571757
vt 0.0276435 0.000758003
vt 0.0275842 0.000940555
vt 0.0275123 0.00111853
vt 0.0274281 0.00129105
vt 0.0273321 0.00145728
vt 0.0272248 0.00161641
vt 0.0271066 0.00176767
vt 0.0269782 0.00191031
vt 0.0268401 0.00204365
vt 0.0266931 0.00216703
vt 0.0265378 0.00227985
vt 0.026375 0.00238157
vt 0.0262055 0.00247168
vt 0.0260302 0.00254976
vt 0.0258498 0.00261541
vt 0.0256653 0.00266831
vt 0.0254775 0.00270822
vt 0.0252875 0.00273494
vt 0.025096 0.00274832
vt 0.024904 0.00274832
vt 0.0247125 0.00273494
vt 0.0245225 0.00270822
vt 0.0243347 0.00266831
vt 0.0241502 0.00261541
vt 0.0239698 0.00254976
vt 0.0237945 0.00247168
vt 0.023625 0.00238157
vt 0.0234622 0.00227985
vt 0.0233069 0.00216703
vt 0.0231599 0.00204365
vt 0.0230218 0.00191031
vt 0.0228934 0.00176767
vt 0.0227752 0.00161641
vt 0.0226679 0.00145728
vt 0.0225719 0.00129105
vt 0.0224877 0.00111853
vt 0.0224158 0.000940555
vt 0.0223565 0.000758003
vt 0.0223101 0.000571757
vt 0.0222768 0.000382726
vt 0.0222567 0.00019183
vt 0.02225 -7.79657e-17
f 91/1/1 1/2/2 2/3/3
f 92/4/4 2/3/3 3/5/5
f 93/6/6 3/5/5 4/7/7
f 94/8/8 4/7/7 5/9/9
f 95/10/10 5/9/9 6/11/11
f 96/12/12 6/11/11 7/13/13
f 97/14/14 7/13/13 8/15/15
f 98/16/16 8/15/15 9/17/17
f 99/18/18 9/17/17 10/19/19
f 100/20/20 10/19/19 11/21/21
f 101/22/22 11/21/21 12/23/23
f 102/24/24 12/23/23 13/25/25
f 103/26/26 13/25/25 14/27/27
f 104/28/28 14/27/27 15/29/29
f 105/30/30 15/29/29 16/31/31
f 106/32/32 16/31/31 17/33/33
f 107/34/34 17/33/33 18/35/35
f 108/36/36 18/35/35 19/37/37
f 109/38/38 19/37/37 20/39/39
f 110/40/40 20/39/39 21/41/41
f 111/42/42 21/41/41 22/43/43
f 112/44/44 22/43/43 23/45/45
f 113/46/46 23/45/45 24/47/47
f 114/48/48 24/47/47 25/49/49
f 115/50/50 25/49/49 26/51/51
f 116/52/52 26/51/51 27/53/53
f 117/54/54 27/53/53 28/55/55
f 118/56/56 28/55/55 29/57/57
f 119/58/58 29/57/57 30/59/59
f 120/60/60 30/59/59 31/61/61
f 121/62/62 31/61/61 32/63/63
f 122/64/64 32/63/63 33/65/65
f 123/66/66 33/65/65 34/67/67
f 124/68/68 34/67/67 35/69/69
f 125/70/70 35/69/69 36/71/71
f 126/72/72 36/71/71 37/73/73
f 127/74/74 37/73/73 38/75/75
f 128/76/76 38/75/75 39/77/77
f 129/78/78 39/77/77 40/79/79
f 130/80/80 40/79/79 41/81/81
f 131/82/82 41/81/81 42/83/83
f 132/84/84 42/83/83 43/85/85
f 133/86/86 43/85/85 44/87/87
f 134/88/88 44/87/87 45/89/89
f 135/90/90 45/89/89 46/91/91
f 136/92/92 46/91/91 47/93/93
f 137/94/94 47/93/93 48/95/95
f 138/96/96 48/95/95 49/97/97
f 139/98/98 49/97/97 50/99/99
f 140/100/100 50/99/99 51/101/101
f 141/102/102 51/101/101 52/103/103
f 142/104/104 52/103/103 53/105/105
f 143/106/106 53/105/105 54/107/107
f 144/108/108 54/107/107 55/109/109
f 145/110/110 55/109/109 56/111/111
f 146/112/112 56/111/111 57/113/113
f 147/114/114 57/113/113 58/115/115
f 148/116/116 58/115/115 59/117/117
f 149/118/118 59/117/117 60/119/119
f 150/120/120 60/119/119 61/121/121
f 151/122/122 61/121/121 62/123/123
f 152/124/124 62/123/123 63/125/125
f 153/126/126 63/125/125 64/127/127
f 154/128/128 64/127/127 65/129/129
f 155/130/130 65/129/129 66/131/131
f 156/132/132 66/131/131 67/133/133
f 157/134/134 67/133/133 68/135/135
f 158/136/136 68/135/135 69/137/137
f 159/138/138 69/137/137 70/139/139
f 160/140/140 70/139/139 71/141/141
f 161/142/142 71/141/141 72/143/143
f 162/144/144 72/143/143 73/145/145
f 163/146/146 73/145/145 74/147/147
f 164/148/148 74/147/147 75/149/149
f 165/150/150 75/149/149 76/151/151
f 166/152/152 76/151/151 77/153/153
f 167/154/154 77/153/153 78/155/155
f 168/156/156 78/155/155 79/157/157
f 169/158/158 79/157/157 80/159/159
f 170/160/160 80/159/159 81/161/161
f 171/162/162 81/161/161 82/163/163
f 172/164/164 82/163/163 83/165/165
f 173/166/166 83/165/165 84/167/167
f 174/168/168 84/167/167 85/169/169
f 175/170/170 85/169/169 86/171/171
f 176/172/172 86/171/171 87/173/173
f 177/174/174 87/173/173 88/175/175
f 178/176/176 88/175/175 89/177/177
f 179/178/178 89/177/177 90/179/179
f 180/180/180 90/179/179 1/2/2
f 181/181/181 91/1/1 92/4/4
f 182/182/182 92/4/4 93/6/6
f 183/183/183 93/6/6 94/8/8
f 184/184/184 94/8/8 95/10/10
f 185/185/185 95/10/10 96/12/12
f 186/186/186 96/12/12 97/14/14
f 187/187/187 97/14/14 98/16/16
f 188/188/188 98/16/16 99/18/18
f 189/189/189 99/18/18 100/20/20
f 190/190/190 100/20/20 101/22/22
f 191/191/191 101/22/22 102/24/24
f 192/192/192 102/24/24 103/26/26
f 193/193/193 103/26/26 104/28/28
f 194/194/194 104/28/28 105/30/30
f 195/195/195 105/30/30 106/32/32
f 196/196/196 106/32/32 107/34/34
f 197/197/197 107/34/34 108/36/36
f 198/198/198 108/36/36 109/38/38
f 199/199/199 109/38/38 110/40/40
f 200/200/200 110/40/40 111/42/42
f 201/201/201 111/42/42 112/44/44
f 202/202/202 112/44/44 113/46/46
f 203/203/203 113/46/46 114/48/48
f 204/204/204 114/48/48 115/50/50
f 205/205/205 115/50/50 116/52/52
f 206/206/206 116/52/52 117/54/54
f 207/207/207 117/54/54 118/56/56
f 208/208/208 118/56/56 119/58/58
f 209/209/209 119/58/58 120/60/60
f 210/210/210 120/60/60 121/62/62
f 211/211/211 121/62/62 122/64/64
f 212/212/212 122/64/64 123/66/66
f 213/213/213 123/66/66 124/68/68
f 214/214/214 124/68/68 125/70/70
f 215/215/215 125/70/70 126/72/72
f 216/216/216 126/72/72 127/74/74
f 217/217/217 127/74/74 128/76/76
f 218/218/218 128/76/76 129/78/78
f 219/219/219 129/78/78 130/80/80
f 220/220/220 130/80/80 131/82/82
f 221/221/221 131/82/82 132/84/84
f 222/222/222 132/84/84 133/86/86
f 223/223/223 133/86/86 134/88/88
f 224/224/224 134/88/88 135/90/90
f 225/225/225 135/90/90 136/92/92
f 226/226/226 136/92/92 137/94/94
f 227/227/227 137/94/94 138/96/96
f 228/228/228 138/96/96 139/98/98
f 229/229/229 139/98/98 140/100/100
f 230/230/230 140/100/100 141/102/102
f 231/231/231 141/102/102 142/104/104
f 232/232/232 142/104/104 143/106/106
f 233/233/233 143/106/106 144/108/108
f 234/234/234 144/108/108 145/110/110
f 235/235/235 145/110/110 146/112/112
f 236/236/236 146/112/112 147/114/114
f 237/237/237 147/114/114 148/116/116
f 238/238/238 148/116/116 149/118/118
f 239/239/239 149/118/118 150/120/120
f 240/240/240 150/120/120 151/122/122
f 241/241/241 151/122/122 152/124/124
f 242/242/242 152/124/124 153/126/126
f 243/243/243 153/126/126 154/128/128
f 244/244/244 154/128/128 155/130/130
f 245/245/245 155/130/130 156/132/132
f 246/246/246 156/132/132 157/134/134
f 247/247/247 157/134/134 158/136/136
f 248/248/248 158/136/136 159/138/138
f 249/249/249 159/138/138 160/140/140
f 250/250/250 160/140/140 161/142/142
f 251/251/251 161/142/142 162/144/144
f 252/252/252 162/144/144 163/146/146
f 253/253/253 163/146/146 164/148/148
f 254/254/254 164/148/148 165/150/150
f 255/255/255 165/150/150 166/152/152
f 256/256/256 166/152/152 167/154/154
f 257/257/257 167/154/154 168/156/156
f 258/258/258 168/156/156 169/158/158
f 259/259/259 169/158/158 170/160/160
f 260/260/260 170/160/160 171/162/162
f 261/261/261 171/162/162 172/164/164
f 262/262/262 172/164/164 173/166/166
f 263/263/263 173/166/166 174/168/168
f 264/264/264 174/168/168 175/170/170
f 265/265/265 175/170/170 176/172/172
f 266/266/266 176/172/172 177/174/174
f 267/267/267 177/174/174 178/176/176
f 268/268/268 178/176/176 179/178/178
f 269/269/269 179/178/178 180/180/180
f 270/270/270 180/180/180 91/1/1
f 271/271/271 181/181/181 182/182/182
f 272/272/272 182/182/182 183/183/183
f 273/273/273 183/183/183 184/184/184
f 274/274/274 184/184/184 185/185/185
f 275/275/275 185/185/185 186/186/186
f 276/276/276 186/186/186 187/187/187
f 277/277/277 187/187/187 188/188/188
f 278/278/278 188/188/188 189/189/189
f 279/279/279 189/189/189 190/190/190
f 280/280/280 190/190/190 191/191/191
f 281/281/281 191/191/191 192/192/192
f 282/282/282 192/192/192 193/193/193
f 283/283/283 193/193/193 194/194/194
f 284/284/284 194/194/194 195/195/195
f 285/285/285 195/195/195 196/196/196
f 286/286/286 196/196/196 197/197/197
f 287/287/287 197/197/197 198/198/198
f 288/288/288 198/198/198 199/199/199
f 289/289/289 199/199/199 200/200/200
f 290/290/290 200/200/200 201/201/201
f 291/291/291 201/201/201 202/202/202
f 292/292/292 202/202/202 203/203/203
f 293/293/293 203/203/203 204/204/204
f 294/294/294 204/204/204 205/205/205
f 295/295/295 205/205/205 206/206/206
f 296/296/296 206/206/206 207/207/207
f 297/297/297 207/207/207 208/208/208
f 298/298/298 208/208/208 209/209/209
f 299/299/299 209/209/209 210/210/210
f 300/300/300 210/210/210 211/211/211
f 301/301/301 211/211/211 212/212/212
f 302/302/302 212/212/212 213/213/213
f 303/303/303 213/213/213 214/214/214
f 304/304/304 214/214/214 215/215/215
f 305/305/305 215/215/215 216/216/216
f 306/306/306 216/216/216 217/217/217
f 307/307/307 217/217/217 218/218/218
f 308/308/308 218/218/218 219/219/219
f 309/309/309 219/219/219 220/220/220
f 310/310/310 220/220/220 221/221/221
f 311/311/311 221/221/221 222/222/222
f 312/312/312 222/222/222 223/223/223
f 313/313/313 223/223/223 224/224/224
f 314/314/314 224/224/224 225/225/225
f 315/315/315 225/225/225 226/226/226
f 316/316/316 226/226/226 227/227/227
f 317/317/317 227/227/227 228/228/228
f 318/318/318 228/228/228 229/229/229
f 319/319/319 229/229/229 230/230/230
f 320/320/320 230/230/230 231/231/231
f 321/321/321 231/231/231 232/232/232
f 322/322/322 232/232/232 233/233/233
f 323/323/323 233/233/233 234/234/234
f 324/324/324 234/234/234 235/235/235
f 325/325/325 235/235/235 236/236/236
f 326/326/326 236/236/236 237/237/237
f 327/327/327 237/237/237 238/238/238
f 328/328/328 238/238/238 239/239/239
f 329/329/329 239/239/239 240/240/240
f 330/330/330 240/240/240 241/241/241
f 331/331/331 241/241/241 242/242/242
f 332/332/332 242/242/242 243/243/243
f 333/333/333 243/243/243 244/244/244
f 334/334/334 244/244/244 245/245/245
f 335/335/335 245/245/245 246/246/246
f 336/336/336 246/246/246 247/247/247
f 337/337/337 247/247/247 248/248/248
f 338/338/338 248/248/248 249/249/249
f 339/339/339 249/249/249 250/250/250
f 340/340/340 250/250/250 251/251/251
f 341/341/341 251/251/251 252/252/252
f 342/342/342 252/252/252 253/253/253
f 343/343/343 253/253/253 254/254/254
f 344/344/344 254/254/254 255/255/255
f 345/345/345 255/255/255 256/256/256
f 346/346/346 256/256/256 257/257/257
f 347/347/347 257/257/257 258/258/258
f 348/348/348 258/258/258 259/259/259
f 349/349/349 259/259/259 260/260/260
f 350/350/350 260/260/260 261/261/261
f 351/351/351 261/261/261 262/262/262
f 352/352/352 262/262/262 263/263/263
f 353/353/353 263/263/263 264/264/264
f 354/354/354 264/264/264 265/265/265
f 355/355/355 265/265/265 266/266/266
f 356/356/356 266/266/266 267/267/267
f 357/357/357 267/267/267 268/268/268
f 358/358/358 268/268/268 269/269/269
f 359/359/359 269/269/269 270/270/270
f 360/360/360 270/270/270 181/181/181
f 361/361/361 271/271/271 272/272/272
f 362/362/362 272/272/272 273/273/273
f 363/363/363 273/273/273 274/274/274
f 364/364/364 274/274/274 275/275/275
f 365/365/365 275/275/275 276/276/276
f 366/366/366 276/276/276 277/277/277
f 367/367/367 277/277/277 278/278/278
f 368/368/368 278/278/278 279/279/279
f 369/369/369 279/279/279 280/280/280
f 370/370/370 280/280/280 281/281/281
f 371/371/371 281/281/281 282/282/282
f 372/372/372 282/282/282 283/283/283
f 373/373/373 283/283/283 284/284/284
f 374/374/374 284/284/284 285/285/285
f 375/375/375 285/285/285 286/286/286
f 376/376/376 286/286/286 287/287/287
f 377/377/377 287/287/287 288/288/288
f 378/378/378 288/288/288 289/289/289
f 379/379/379 289/289/289 290/290/290
f 380/380/380 290/290/290 291/291/291
f 381/381/381 291/291/291 292/292/292
f 382/382/382 292/292/292 293/293/293
f 383/383/383 293/293/293 294/294/294
f 384/384/384 294/294/294 295/295/295
f 385/385/385 295/295/295 296/296/296
f 386/386/386 296/296/296 297/297/297
f 387/387/387 297/297/297 298/298/298
f 388/388/388 298/298/298 299/299/299
f 389/389/389 299/299/299 300/300/300
f 390/390/390 300/300/300 301/301/301
f 391/391/391 301/301/301 302/302/302
f 392/392/392 302/302/302 303/303/303
f 393/393/393 303/303/303 304/304/304
f 394/394/394 304/304/304 305/305/305
f 395/395/395 305/305/305 306/306/306
f 396/396/396 306/306/306 307/307/307
f 397/397/397 307/307/307 308/308/308
f 398/398/398 308/308/308 309/309/309
f 399/399/399 309/309/309 310/310/310
f 400/400/400 310/310/310 311/311/311
f 401/401/401 311/311/311 312/312/312
f 402/402/402 312/312/312 313/313/313
f 403/403/403 313/313/313 314/314/314
f 404/404/404 314/314/314 315/315/315
f 405/405/405 315/315/315 316/316/316
f 406/406/406 316/316/316 317/317/317
f 407/407/407 317/317/317 318/318/318
f 408/408/408 318/318/318 319/319/319
f 409/409/409 319/319/319 320/320/320
f 410/410/410 320/320/320 321/321/321
f 411/411/411 321/321/321 322/322/322
f 412/412/412 322/322/322 323/323/323
f 413/413/413 323/323/323 324/324/324
f 414/414/414 324/324/324 325/325/325
f 415/415/415 325/325/325 326/326/326
f 416/416/416 326/326/326 327/327/327
f 417/417/417 327/327/327 328/328/328
f 418/418/418 328/328/328 329/329/329
f 419/419/419 329/329/329 330/330/330
f 420/420/420 330/330/330 331/331/331
f 421/421/421 331/331/331 332/332/332
f 422/422/422 332/332/332 333/333/333
f 423/423/423 333/333/333 334/334/334
f 424/424/424 334/334/334 335/335/335
f 425/425/425 335/335/335 336/336/336
f 426/426/426 336/336/336 337/337/337
f 427/427/427 337/337/337 338/338/338
f 428/428/428 338/338/338 339/339/339
f 429/429/429 339/339/339 340/340/340
f 430/430/430 340/340/340 341/341/341
f 431/431/431 341/341/341 342/342/342
f 432/432/432 342/342/342 343/343/343
f 433/433/433 343/343/343 344/344/344
f 434/434/434 344/344/344 345/345/345
f 435/435/435 345/345/345 346/346/346
f 436/436/436 346/346/346 347/347/347
f 437/437/437 347/347/347 348/348/348
f 438/438/438 348/348/348 349/349/349
f 439/439/439 349/349/349 350/350/350
f 440/440/440 350/350/350 351/351/351
f 441/441/441 351/351/351 352/352/352
f 442/442/442 352/352/352 353/353/353
f 443/443/443 353/353/353 354/354/354
f 444/444/444 354/354/354 355/355/355
f 445/445/445 355/355/355 356/356/356
f 446/446/446 356/356/356 357/357/357
f 447/447/447 357/357/357 358/358/358
f 448/448/448 358/358/358 359/359/359
f 449/449/449 359/359/359 360/360/360
f 450/450/450 360/360/360 271/271/271
f 451/451/451 361/361/361 362/362/362
f 452/452/452 362/362/362 363/363/363
f 453/453/453 363/363/363 364/364/364
f 454/454/454 364/364/364 365/365/365
f 455/455/455 365/365/365 366/366/366
f 456/456/456 366/366/366 367/367/367
f 457/457/457 367/367/367 368/368/368
f 458/458/458 368/368/368 369/369/369
f 459/459/459 369/369/369 370/370/370
f 460/460/460 370/370/370 371/371/371
f 461/461/461 371/371/371 372/372/372
f 462/462/462 372/372/372 373/373/373
f 463/463/463 373/373/373 374/374/374
f 464/464/464 374/374/374 375/375/375
f 465/465/465 375/375/375 376/376/376
f 466/466/466 376/376/376 377/377/377
f 467/467/467 377/377/377 378/378/378
f 468/468/468 378/378/378 379/379/379
f 469/469/469 379/379/379 380/380/380
f 470/470/470 380/380/380 381/381/381
f 471/471/471 381/381/381 382/382/382
f 472/472/472 382/382/382 383/383/383
f 473/473/473 383/383/383 384/384/384
f 474/474/474 384/384/384 385/385/385
f 475/475/475 385/385/385 386/386/386
f 476/476/476 386/386/386 387/387/387
f 477/477/477 387/387/387 388/388/388
f 478/478/478 388/388/388 389/389/389
f 479/479/479 389/389/389 390/390/390
f 480/480/480 390/390/390 391/391/391
f 481/481/481 391/391/391 392/392/392
f 482/482/482 392/392/392 393/393/393
f 483/483/483 393/393/393 394/394/394
f 484/484/484 394/394/394 395/395/395
f 485/485/485 395/395/395 396/396/396
f 486/486/486 396/396/396 397/397/397
f 487/487/487 397/397/397 398/398/398
f 488/488/488 398/398/398 399/399/399
f 489/489/489 399/399/399 400/400/400
f 490/490/490 400/400/400 401/401/401
f 491/491/491 401/401/401 402/402/402
f 492/492/492 402/402/402 403/403/403
f 493/493/493 403/403/403 404/404/404
f 494/494/494 404/404/404 405/405/405
f 495/495/495 405/405/405 406/406/406
f 496/496/496 406/406/406 407/407/407
f 497/497/497 407/407/407 408/408/408
f 498/498/498 408/408/408 409/409/409
f 499/499/499 409/409/409 410/410/410
f 500/500/500 410/410/410 411/411/411
f 501/501/501 411/411/411 412/412/412
f 502/502/502 412/412/412 413/413/413
f 503/503/503 413/413/413 414/414/414
f 504/504/504 414/414/414 415/415/415
f 505/505/505 415/415/415 416/416/416
f 506/506/506 416/416/416 417/417/417
f 507/507/507 417/417/417 418/418/418
f 508/508/508 418/418/418 419/419/419
f 509/509/509 419/419/419 420/420/420
f 510/510/510 420/420/420 421/421/421
f 511/511/511 421/421/421 422/422/422
f 512/512/512 422/422/422 423/423/423
f 513/513/513 423/423/423 424/424/424
f 514/514/514 424/424/424 425/425/425
f 515/515/515 425/425/425 426/426/426
f 516/516/516 426/426/426 427/427/427
f 517/517/517 427/427/427 428/428/428
f 518/518/518 428/428/428 429/429/429
f 519/519/519 429/429/429 430/430/430
f 520/520/520 430/430/430 431/431/431
f 521/521/521 431/431/431 432/432/432
f 522/522/522 432/432/432 433/433/433
f 523/523/523 433/433/433 434/434/434
f 524/524/524 434/434/434 435/435/435
f 525/525/525 435/435/435 436/436/436
f 526/526/526 436/436/436 437/437/437
f 527/527/527 437/437/437 438/438/438
f 528/528/528 438/438/438 439/439/439
f 529/529/529 439/439/439 440/440/440
f 530/530/530 440/440/440 441/441/441
f 531/531/531 441/441/441 442/442/442
f 532/532/532 442/442/442 443/443/443
f 533/533/533 443/443/443 444/444/444
f 534/534/534 444/444/444 445/445/445
f 535/535/535 445/445/445 446/446/446
f 536/536/536 446/446/446 447/447/447
f 537/537/537 447/447/447 448/448/448
f 538/538/538 448/448/448 449/449/449
f 539/539/539 449/449/449 450/450/450
f 540/540/540 450/450/450 361/361/361
f 541/541/541 451/451/451 452/452/452
f 542/542/542 452/452/452 453/453/453
f 543/543/543 453/453/453 454/454/454
f 544/544/544 454/454/454 455/455/455
f 545/545/545 455/455/455 456/456/456
f 546/546/546 456/456/456 457/457/457
f 547/547/547 457/457/457 458/458/458
f 548/548/548 458/458/458 459/459/459
f 549/549/549 459/459/459 460/460/460
f 550/550/550 460/460/460 461/461/461
f 551/551/551 461/461/461 462/462/462
f 552/552/552 462/462/462 463/463/463
f 553/553/553 463/463/463 464/464/464
f 554/554/554 464/464/464 465/465/465
f 555/555/555 465/465/465 466/466/466
f 556/556/556 466/466/466 467/467/467
f 557/557/557 467/467/467 468/468/468
f 558/558/558 468/468/468 469/469/469
f 559/559/559 469/469/469 470/470/470
f 560/560/560 470/470/470 471/471/471
f 561/561/561 471/471/471 472/472/472
f 562/562/562 472/472/472 473/473/473
f 563/563/563 473/473/473 474/474/474
f 564/564/564 474/474/474 475/475/475
f 565/565/565 475/475/475 476/476/476
f 566/566/566 476/476/476 477/477/477
f 567/567/567 477/477/477 478/478/478
f 568/568/568 478/478/478 479/479/479
f 569/569/569 479/479/479 480/480/480
f 570/570/570 480/480/480 481/481/481
f 571/571/571 481/481/481 482/482/482
f 572/572/572 482/482/482 483/483/483
f 573/573/573 483/483/483 484/484/484
f 574/574/574 484/484/484 485/485/485
f 575/575/575 485/485/485 486/486/486
f 576/576/576 486/486/486 487/487/487
f 577/577/577 487/487/487 488/488/488
f 578/578/578 488/488/488 489/489/489
f 579/579/579 489/489/489 490/490/490
f 580/580/580 490/490/490 491/491/491
f 581/581/581 491/491/491 492/492/492
f 582/582/582 492/492/492 493/493/493
f 583/583/583 493/493/493 494/494/494
f 584/584/584 494/494/494 495/495/495
f 585/585/585 495/495/495 496/496/496
f 586/586/586 496/496/496 497/497/497
f 587/587/587 497/497/497 498/498/498
f 588/588/588 498/498/498 499/499/499
f 589/589/589 499/499/499 500/500/500
f 590/590/590 500/500/500 501/501/501
f 591/591/591 501/501/501 502/502/502
f 592/592/592 502/502/502 503/503/503
f 593/593/593 503/503/503 504/504/504
f 594/594/594 504/504/504 505/505/505
f 595/595/595 505/505/505 506/506/506
f 596/596/596 506/506/506 507/507/507
f 597/597/597 507/507/507 508/508/508
f 598/598/598 508/508/508 509/509/509
f 599/599/599 509/509/509 510/510/510
f 600/600/600 510/510/510 511/511/511
f 601/601/601 511/511/511 512/512/512
f 602/602/602 512/512/512 513/513/513
f 603/603/603 513/513/513 514/514/514
f 604/604/604 514/514/514 515/515/515
f 605/605/605 515/515/515 516/516/516
f 606/606/606 516/516/516 517/517/517
f 607/607/607 517/517/517 518/518/518
f 608/608/608 518/518/518 519/519/519
f 609/609/609 519/519/519 520/520/520
f 610/610/610 520/520/520 521/521/521
f 611/611/611 521/521/521 522/522/522
f 612/612/612 522/522/522 523/523/523
f 613/613/613 523/523/523 524/524/524
f 614/614/614 524/524/524 525/525/525
f 615/615/615 525/525/525 526/526/526
f 616/616/616 526/526/526 527/527/527
f 617/617/617 527/527/527 528/528/528
f 618/618/618 528/528/528 529/529/529
f 619/619/619 529/529/529 530/530/530
f 620/620/620 530/530/530 531/531/531
f 621/621/621 531/531/531 532/532/532
f 622/622/622 532/532/532 533/533/533
f 623/623/623 533/533/533 534/534/534
f 624/624/624 534/534/534 535/535/535
f 625/625/625 535/535/535 536/536/536
f 626/626/626 536/536/536 537/537/537
f 627/627/627 537/537/537 538/538/538
f 628/628/628 538/538/538 539/539/539
f 629/629/629 539/539/539 540/540/540
f 630/630/630 540/540/540 451/451/451
f 631/631/631 541/541/541 542/542/542
f 632/632/632 542/542/542 543/543/543
f 633/633/633 543/543/543 544/544/544
f 634/634/634 544/544/544 545/545/545
f 635/635/635 545/545/545 546/546/546
f 636/636/636 546/546/546 547/547/547
f 637/637/637 547/547/547 548/548/548
f 638/638/638 548/548/548 549/549/549
f 639/639/639 549/549/549 550/550/550
f 640/640/640 550/550/550 551/551/551
f 641/641/641 551/551/551 552/552/552
f 642/642/642 552/552/552 553/553/553
f 643/643/643 553/553/553 554/554/554
f 644/644/644 554/554/554 555/555/555
f 645/645/645 555/555/555 556/556/556
f 646/646/646 556/556/556 557/557/557
f 647/647/647 557/557/557 558/558/558
f 648/648/648 558/558/558 559/559/559
f 649/649/649 559/559/559 560/560/560
f 650/650/650 560/560/560 561/561/561
f 651/651/651 561/561/561 562/562/562
f 652/652/652 562/562/562 563/563/563
f 653/653/653 563/563/563 564/564/564
f 654/654/654 564/564/564 565/565/565
f 655/655/655 565/565/565 566/566/566
f 656/656/656 566/566/566 567/567/567
f 657/657/657 567/567/567 568/568/568
f 658/658/658 568/568/568 569/569/569
f 659/659/659 569/569/569 570/570/570
f 660/660/660 570/570/570 571/571/571
f 661/661/661 571/571/571 572/572/572
f 662/662/662 572/572/572 573/573/573
f 663/663/663 573/573/573 574/574/574
f 664/664/664 574/574/574 575/575/575
f 665/665/665 575/575/575 576/576/576
f 666/666/666 576/576/576 577/577/577
f 667/667/667 577/577/577 578/578/578
f 668/668/668 578/578/578 579/579/579
f 669/669/669 579/579/579 580/580/580
f 670/670/670 580/580/580 581/581/581
f 671/671/671 581/581/581 582/582/582
f 672/672/672 582/582/582 583/583/583
f 673/673/673 583/583/583 584/584/584
f 674/674/674 584/584/584 585/585/585
f 675/675/675 585/585/585 586/586/586
f 676/676/676 586/586/586 587/587/587
f 677/677/677 587/587/587 588/588/588
f 678/678/678 588/588/588 589/589/589
f 679/679/679 589/589/589 590/590/590
f 680/680/680 590/590/590 591/591/591
f 681/681/681 591/591/591 592/592/592
f 682/682/682 592/592/592 593/593/593
f 683/683/683 593/593/593 594/594/594
f 684/684/684 594/594/594 595/595/595
f 685/685/685 595/595/595 596/596/596
f 686/686/686 596/596/596 597/597/597
f 687/687/687 597/597/597 598/598/598
f 688/688/688 598/598/598 599/599/599
f 689/689/689 599/599/599 600/600/600
f 690/690/690 600/600/600 601/601/601
f 691/691/691 601/601/601 602/602/602
f 692/692/692 602/602/602 603/603/603
f 693/693/693 603/603/603 604/604/604
f 694/694/694 604/604/604 605/605/605
f 695/695/695 605/605/605 606/606/606
f 696/696/696 606/606/606 607/607/607
f 697/697/697 607/607/607 608/608/608
f 698/698/698 608/608/608 609/609/609
f 699/699/699 609/609/609 610/610/610
f 700/700/700 610/610/610 611/611/611
f 701/701/701 611/611/611 612/612/612
f 702/702/702 612/612/612 613/613/613
f 703/703/703 613/613/613 614/614/614
f 704/704/704 614/614/614 615/615/615
f 705/705/705 615/615/615 616/616/616
f 706/706/706 616/616/616 617/617/617
f 707/707/707 617/617/617 618/618/618
f 708/708/708 618/618/618 619/619/619
f 709/709/709 619/619/619 620/620/620
f 710/710/710 620/620/620 621/621/621
f 711/711/711 621/621/621 622/622/622
f 712/712/712 622/622/622 623/623/623
f 713/713/713 623/623/623 624/624/624
f 714/714/714 624/624/624 625/625/625
f 715/715/715 625/625/625 626/626/626
f 716/716/716 626/626/626 627/627/627
f 717/717/717 627/627/627 628/628/628
f 718/718/718 628/628/628 629/629/629
f 719/719/719 629/629/629 630/630/630
f 720/720/720 630/630/630 541/541/541
f 721/721/721 631/631/631 632/632/632
f 722/722/722 632/632/632 633/633/633
f 723/723/723 633/633/633 634/634/634
f 724/724/724 634/634/634 635/635/635
f 725/725/725 635/635/635 636/636/636
f 726/726/726 636/636/636 637/637/637
f 727/727/727 637/637/637 638/638/638
f 728/728/728 638/638/638 639/639/639
f 729/729/729 639/639/639 640/640/640
f 730/730/730 640/640/640 641/641/641
f 731/731/731 641/641/641 642/642/642
f 732/732/732 642/642/642 643/643/643
f 733/733/733 643/643/643 644/644/644
f 734/734/734 644/644/644 645/645/645
f 735/735/735 645/645/645 646/646/646
f 736/736/736 646/646/646 647/647/647
f 737/737/737 647/647/647 648/648/648
f 738/738/738 648/648/648 649/649/649
f 739/739/739 649/649/649 650/650/650
f 740/740/740 650/650/650 651/651/651
f 741/741/741 651/651/651 652/652/652
f 742/742/742 652/652/652 653/653/653
f 743/743/743 653/653/653 654/654/654
f 744/744/744 654/654/654 655/655/655
f 745/745/745 655/655/655 656/656/656
f 746/746/746 656/656/656 657/657/657
f 747/747/747 657/657/657 658/658/658
f 748/748/748 658/658/658 659/659/659
f 749/749/749 659/659/659 660/660/660
f 750/750/750 660/660/660 661/661/661
f 751/751/751 661/661/661 662/662/662
f 752/752/752 662/662/662 663/663/663
f 753/753/753 663/663/663 664/664/664
f 754/754/754 664/664/664 665/665/665
f 755/755/755 665/665/665 666/666/666
f 756/756/756 666/666/666 667/667/667
f 757/757/757 667/667/667 668/668/668
f 758/758/758 668/668/668 669/669/669
f 759/759/759 669/669/669 670/670/670
f 760/760/760 670/670/670 671/671/671
f 761/761/761 671/671/671 672/672/672
f 762/762/762 672/672/672 673/673/673
f 763/763/763 673/673/673 674/674/674
f 764/764/764 674/674/674 675/675/675
f 765/765/765 675/675/675 676/676/676
f 766/766/766 676/676/676 677/677/677
f 767/767/767 677/677/677 678/678/678
f 768/768/768 678/678/678 679/679/679
f 769/769/769 679/679/679 680/680/680
f 770/770/770 680/680/680 681/681/681
f 771/771/771 681/681/681 682/682/682
f 772/772/772 682/682/682 683/683/683
f 773/773/773 683/683/683 684/684/684
f 774/774/774 684/684/684 685/685/685
f 775/775/775 685/685/685 686/686/686
f 776/776/776 686/686/686 687/687/687
f 777/777/777 687/687/687 688/688/688
f 778/778/778 688/688/688 689/689/689
f 779/779/779 689/689/689 690/690/690
f 780/780/780 690/690/690 691/691/691
f 781/781/781 691/691/691 692/692/692
f 782/782/782 692/692/692 693/693/693
f 783/783/783 693/693/693 694/694/694
f 784/784/784 694/694/694 695/695/695
f 785/785/785 695/695/695 696/696/696
f 786/786/786 696/696/696 697/697/697
f 787/787/787 697/697/697 698/698/698
f 788/788/788 698/698/698 699/699/699
f 789/789/789 699/699/699 700/700/700
f 790/790/790 700/700/700 701/701/701
f 791/791/791 701/701/701 702/702/702
f 792/792/792 702/702/702 703/703/703
f 793/793/793 703/703/703 704/704/704
f 794/794/794 704/704/704 705/705/705
f 795/795/795 705/705/705 706/706/706
f 796/796/796 706/706/706 707/707/707
f 797/797/797 707/707/707 708/708/708
f 798/798/798 708/708/708 709/709/709
f 799/799/799 709/709/709 710/710/710
f 800/800/800 710/710/710 711/711/711
f 801/801/801 711/711/711 712/712/712
f 802/802/802 712/712/712 713/713/713
f 803/803/803 713/713/713 714/714/714
f 804/804/804 714/714/714 715/715/715
f 805/805/805 715/715/715 716/716/716
f 806/806/806 716/716/716 717/717/717
f 807/807/807 717/717/717 718/718/718
f 808/808/808 718/718/718 719/719/719
f 809/809/809 719/719/719 720/720/720
f 810/810/810 720/720/720 631/631/631
f 811/811/811 721/721/721 722/722/722
f 812/812/812 722/722/722 723/723/723
f 813/813/813 723/723/723 724/724/724
f 814/814/814 724/724/724 725/725/725
f 815/815/815 725/725/725 726/726/726
f 816/816/816 726/726/726 727/727/727
f 817/817/817 727/727/727 728/728/728
f 818/818/818 728/728/728 729/729/729
f 819/819/819 729/729/729 730/730/730
f 820/820/820 730/730/730 731/731/731
f 821/821/821 731/731/731 732/732/732
f 822/822/822 732/732/732 733/733/733
f 823/823/823 733/733/733 734/734/734
f 824/824/824 734/734/734 735/735/735
f 825/825/825 735/735/735 736/736/736
f 826/826/826 736/736/736 737/737/737
f 827/827/827 737/737/737 738/738/738
f 828/828/828 738/738/738 739/739/739
f 829/829/829 739/739/739 740/740/740
f 830/830/830 740/740/740 741/741/741
f 831/831/831 741/741/741 742/742/742
f 832/832/832 742/742/742 743/743/743
f 833/833/833 743/743/743 744/744/744
f 834/834/834 744/744/744 745/745/745
f 835/835/835 745/745/745 746/746/746
f 836/836/836 746/746/746 747/747/747
f 837/837/837 747/747/747 748/748/748
f 838/838/838 748/748/748 749/749/749
f 839/839/839 749/749/749 750/750/750
f 840/840/840 750/750/750 751/751/751
f 841/841/841 751/751/751 752/752/752
f 842/842/842 752/752/752 753/753/753
f 843/843/843 753/753/753 754/754/754
f 844/844/844 754/754/754 755/755/755
f 845/845/845 755/755/755 756/756/756
f 846/846/846 756/756/756 757/757/757
f 847/847/847 757/757/757 758/758/758
f 848/848/848 758/758/758 759/759/759
f 849/849/849 759/759/759 760/760/760
f 850/850/850 760/760/760 761/761/761
f 851/851/851 761/761/761 762/762/762
f 852/852/852 762/762/762 763/763/763
f 853/853/853 763/763/763 764/764/764
f 854/854/854 764/764/764 765/765/765
f 855/855/855 765/765/765 766/766/766
f 856/856/856 766/766/766 767/767/767
f 857/857/857 767/767/767 768/768/768
f 858/858/858 768/768/768 769/769/769
f 859/859/859 769/769/769 770/770/770
f 860/860/860 770/770/770 771/771/771
f 861/861/861 771/771/771 772/772/772
f 862/862/862 772/772/772 773/773/773
f 863/863/863 773/773/773 774/774/774
f 864/864/864 774/774/774 775/775/775
f 865/865/865 775/775/775 776/776/776
f 866/866/866 776/776/776 777/777/777
f 867/867/867 777/777/777 778/778/778
f 868/868/868 778/778/778 779/779/779
f 869/869/869 779/779/779 780/780/780
f 870/870/870 780/780/780 781/781/781
f 871/871/871 781/781/781 782/782/782
f 872/872/872 782/782/782 783/783/783
f 873/873/873 783/783/783 784/784/784
f 874/874/874 784/784/784 785/785/785
f 875/875/875 785/785/785 786/786/786
f 876/876/876 786/786/786 787/787/787
f 877/877/877 787/787/787 788/788/788
f 878/878/878 788/788/788 789/789/789
f 879/879/879 789/789/789 790/790/790
f 880/880/880 790/790/790 791/791/791
f 881/881/881 791/791/791 792/792/792
f 882/882/882 792/792/792 793/793/793
f 883/883/883 793/793/793 794/794/794
f 884/884/884 794/794/794 795/795/795
f 885/885/885 795/795/795 796/796/796
f 886/886/886 796/796/796 797/797/797
f 887/887/887 797/797/797 798/798/798
f 888/888/888 798/798/798 799/799/799
f 889/889/889 799/799/799 800/800/800
f 890/890/890 800/800/800 801/801/801
f 891/891/891 801/801/801 802/802/802
f 892/892/892 802/802/802 803/803/803
f 893/893/893 803/803/803 804/804/804
f 894/894/894 804/804/804 805/805/805
f 895/895/895 805/805/805 806/806/806
f 896/896/896 806/806/806 807/807/807
f 897/897/897 807/807/807 808/808/808
f 898/898/898 808/808/808 809/809/809
f 899/899/899 809/809/809 810/810/810
f 900/900/900 810/810/810 721/721/721
f 901/901/901 811/811/811 812/812/812
f 902/902/902 812/812/812 813/813/813
f 903/903/903 813/813/813 814/814/814
f 904/904/904 814/814/814 815/815/815
f 905/905/905 815/815/815 816/816/816
f 906/906/906 816/816/816 817/817/817
f 907/907/907 817/817/817 818/818/818
f 908/908/908 818/818/818 819/819/819
f 909/909/909 819/819/819 820/820/820
f 910/910/910 820/820/820 821/821/821
f 911/911/911 821/821/821 822/822/822
f 912/912/912 822/822/822 823/823/823
f 913/913/913 823/823/823 824/824/824
f 914/914/914 824/824/824 825/825/825
f 915/915/915 825/825/825 826/826/826
f 916/916/916 826/826/826 827/827/827
f 917/917/917 827/827/827 828/828/828
f 918/918/918 828/828/828 829/829/829
f 919/919/919 829/829/829 830/830/830
f 920/920/920 830/830/830 831/831/831
f 921/921/921 831/831/831 832/832/832
f 922/922/922 832/832/832 833/833/833
f 923/923/923 833/833/833 834/834/834
f 924/924/924 834/834/834 835/835/835
f 925/925/925 835/835/835 836/836/836
f 926/926/926 836/836/836 837/837/837
f 927/927/927 837/837/837 838/838/838
f 928/928/928 838/838/838 839/839/839
f 929/929/929 839/839/839 840/840/840
f 930/930/930 840/840/840 841/841/841
f 931/931/931 841/841/841 842/842/842
f 932/932/932 842/842/842 843/843/843
f 933/933/933 843/843/843 844/844/844
f 934/934/934 844/844/844 845/845/845
f 935/935/935 845/845/845 846/846/846
f 936/936/936 846/846/846 847/847/847
f 937/937/937 847/847/847 848/848/848
f 938/938/938 848/848/848 849/849/849
f 939/939/939 849/849/849 850/850/850
f 940/940/940 850/850/850 851/851/851
f 941/941/941 851/851/851 852/852/852
f 942/942/942 852/852/852 853/853/853
f 943/943/943 853/853/853 854/854/854
f 944/944/944 854/854/854 855/855/855
f 945/945/945 855/855/855 856/856/856
f 946/946/946 856/856/856 857/857/857
f 947/947/947 857/857/857 858/858/858
f 948/948/948 858/858/858 859/859/859
f 949/949/949 859/859/859 860/860/860
f 950/950/950 860/860/860 861/861/861
f 951/951/951 861/861/861 862/862/862
f 952/952/952 862/862/862 863/863/863
f 953/953/953 863/863/863 864/864/864
f 954/954/954 864/864/864 865/865/865
f 955/955/955 865/865/865 866/866/866
f 956/956/956 866/866/866 867/867/867
f 957/957/957 867/867/867 868/868/868
f 958/958/958 868/868/868 869/869/869
f 959/959/959 869/869/869 870/870/870
f 960/960/960 870/870/870 871/871/871
f 961/961/961 871/871/871 872/872/872
f 962/962/962 872/872/872 873/873/873
f 963/963/963 873/873/873 874/874/874
f 964/964/964 874/874/874 875/875/875
f 965/965/965 875/875/875 876/876/876
f 966/966/966 876/876/876 877/877/877
f 967/967/967 877/877/877 878/878/878
f 968/968/968 878/878/878 879/879/879
f 969/969/969 879/879/879 880/880/880
f 970/970/970 880/880/880 881/881/881
f 971/971/971 881/881/881 882/882/882
f 972/972/972 882/882/882 883/883/883
f 973/973/973 883/883/883 884/884/884
f 974/974/974 884/884/884 885/885/885
f 975/975/975 885/885/885 886/886/886
f 976/976/976 886/886/886 887/887/887
f 977/977/977 887/887/887 888/888/888
f 978/978/978 888/888/888 889/889/889
f 979/979/979 889/889/889 890/890/890
f 980/980/980 890/890/890 891/891/891
f 981/981/981 891/891/891 892/892/892
f 982/982/982 892/892/892 893/893/893
f 983/983/983 893/893/893 894/894/894
f 984/984/984 894/894/894 895/895/895
f 985/985/985 895/895/895 896/896/896
f 986/986/986 896/896/896 897/897/897
f 987/987/987 897/897/897 898/898/898
f 988/988/988 898/898/898 899/899/899
f 989/989/989 899/899/899 900/900/900
f 990/990/990 900/900/900 811/811/811
f 991/991/991 901/901/901 902/902/902
f 992/992/992 902/902/902 903/903/903
f 993/993/993 903/903/903 904/904/904
f 994/994/994 904/904/904 905/905/905
f 995/995/995 905/905/905 906/906/906
f 996/996/996 906/906/906 907/907/907
f 997/997/997 907/907/907 908/908/908
f 998/998/998 908/908/908 909/909/909
f 999/999/999 909/909/909 910/910/910
f 1000/1000/1000 910/910/910 911/911/911
f 1001/1001/1001 911/911/911 912/912/912
f 1002/1002/1002 912/912/912 913/913/913
f 1003/1003/1003 913/913/913 914/914/914
f 1004/1004/1004 914/914/914 915/915/915
f 1005/1005/1005 915/915/915 916/916/916
f 1006/1006/1006 916/916/916 917/917/917
f 1007/1007/1007 917/917/917 918/918/918
f 1008/1008/1008 918/918/918 919/919/919
f 1009/1009/1009 919/919/919 920/920/920
f 1010/1010/1010 920/920/920 921/921/921
f 1011/1011/1011 921/921/921 922/922/922
f 1012/1012/1012 922/922/922 923/923/923
f 1013/1013/1013 923/923/923 924/924/924
f 1014/1014/1014 924/924/924 925/925/925
f 1015/1015/1015 925/925/925 926/926/926
f 1016/1016/1016 926/926/926 927/927/927
f 1017/1017/1017 927/927/927 928/928/928
f 1018/1018/1018 928/928/928 929/929/929
f 1019/1019/1019 929/929/929 930/930/930
f 1020/1020/1020 930/930/930 931/931/931
f 1021/1021/1021 931/931/931 932/932/932
f 1022/1022/1022 932/932/932 933/933/933
f 1023/1023/1023 933/933/933 934/934/934
f 1024/1024/1024 934/934/934 935/935/935
f 1025/1025/1025 935/935/935 936/936/936
f 1026/1026/1026 936/936/936 937/937/937
f 1027/1027/1027 937/937/937 938/938/938
f 1028/1028/1028 938/938/938 939/939/939
f 1029/1029/1029 939/939/939 940/940/940
f 1030/1030/1030 940/940/940 941/941/941
f 1031/1031/1031 941/941/941 942/942/942
f 1032/1032/1032 942/942/942 943/943/943
f 1033/1033/1033 943/943/943 944/944/944
f 1034/1034/1034 944/944/944 945/945/945
f 1035/1035/1035 945/945/945 946/946/946
f 1036/1036/1036 946/946/946 947/947/947
f 1037/1037/1037 947/947/947 948/948/948
f 1038/1038/1038 948/948/948 949/949/949
f 1039/1039/1039 949/949/949 950/950/950
f 1040/1040/1040 950/950/950 951/951/951
f 1041/1041/1041 951/951/951 952/952/952
f 1042/1042/1042 952/952/952 953/953/953
f 1043/1043/1043 953/953/953 954/954/954
f 1044/1044/1044 954/954/954 955/955/955
f 1045/1045/1045 955/955/955 956/956/956
f 1046/1046/1046 956/956/956 957/957/957
f 1047/1047/1047 957/957/957 958/958/958
f 1048/1048/1048 958/958/958 959/959/959
f 1049/1049/1049 959/959/959 960/960/960
f 1050/1050/1050 960/960/960 961/961/961
f 1051/1051/1051 961/961/961 962/962/962
f 1052/1052/1052 962/962/962 963/963/963
f 1053/1053/1053 963/963/963 964/964/964
f 1054/1054/1054 964/964/964 965/965/965
f 1055/1055/1055 965/965/965 966/966/966
f 1056/1056/1056 966/966/966 967/967/967
f 1057/1057/1057 967/967/967 968/968/968
f 1058/1058/1058 968/968/968 969/969/969
f 1059/1059/1059 969/969/969 970/970/970
f 1060/1060/1060 970/970/970 971/971/971
f 1061/1061/1061 971/971/971 972/972/972
f 1062/1062/1062 972/972/972 973/973/973
f 1063/1063/1063 973/973/973 974/974/974
f 1064/1064/1064 974/974/974 975/975/975
f 1065/1065/1065 975/975/975 976/976/976
f 1066/1066/1066 976/976/976 977/977/977
f 1067/1067/1067 977/977/977 978/978/978
f 1068/1068/1068 978/978/978 979/979/979
f 1069/1069/1069 979/979/979 980/980/980
f 1070/1070/1070 980/980/980 981/981/981
f 1071/1071/1071 981/981/981 982/982/982
f 1072/1072/1072 982/982/982 983/983/983
f 1073/1073/1073 983/983/983 984/984/984
f 1074/1074/1074 984/984/984 985/985/985
f 1075/1075/1075 985/985/985 986/986/986
f 1076/1076/1076 986/986/986 987/987/987
f 1077/1077/1077 987/987/987 988/988/988
f 1078/1078/1078 988/988/988 989/989/989
f 1079/1079/1079 989/989/989 990/990/990
f 1080/1080/1080 990/990/990 901/901/901
f 1081/1081/1081 991/991/991 992/992/992
f 1082/1082/1082 992/992/992 993/993/993
f 1083/1083/1083 993/993/993 994/994/994
f 1084/1084/1084 994/994/994 995/995/995
f 1085/1085/1085 995/995/995 996/996/996
f 1086/1086/1086 996/996/996 997/997/997
f 1087/1087/1087 997/997/997 998/998/998
f 1088/1088/1088 998/998/998 999/999/999
f 1089/1089/1089 999/999/999 1000/1000/1000
f 1090/1090/1090 1000/1000/1000 1001/1001/1001
f 1091/1091/1091 1001/1001/1001 1002/1002/1002
f 1092/1092/1092 1002/1002/1002 1003/1003/1003
f 1093/1093/1093 1003/1003/1003 1004/1004/1004
f 1094/1094/1094 1004/1004/1004 1005/1005/1005
f 1095/1095/1095 1005/1005/1005 1006/1006/1006
f 1096/1096/1096 1006/1006/1006 1007/1007/1007
f 1097/1097/1097 1007/1007/1007 1008/1008/1008
f 1098/1098/1098 1008/1008/1008 1009/1009/1009
f 1099/1099/1099 1009/1009/1009 1010/1010/1010
f 1100/1100/1100 1010/1010/1010 1011/1011/1011
f 1101/1101/1101 1011/1011/1011 1012/1012/1012
f 1102/1102/1102 1012/1012/1012 1013/1013/1013
f 1103/1103/1103 1013/1013/1013 1014/1014/1014
f 1104/1104/1104 1014/1014/1014 1015/1015/1015
f 1105/1105/1105 1015/1015/1015 1016/1016/1016
f 1106/1106/1106 1016/1016/1016 1017/1017/1017
f 1107/1107/1107 1017/1017/1017 1018/1018/1018
f 1108/1108/1108 1018/1018/1018 1019/1019/1019
f 1109/1109/1109 1019/1019/1019 1020/1020/1020
f 1110/1110/1110 1020/1020/1020 1021/1021/1021
f 1111/1111/1111 1021/1021/1021 1022/1022/1022
f 1112/1112/1112 1022/1022/1022 1023/1023/1023
f 1113/1113/1113 1023/1023/1023 1024/1024/1024
f 1114/1114/1114 1024/1024/1024 1025/1025/1025
f 1115/1115/1115 1025/1025/1025 1026/1026/1026
f 1116/1116/1116 1026/1026/1026 1027/1027/1027
f 1117/1117/1117 1027/1027/1027 1028/1028/1028
f 1118/1118/1118 1028/1028/1028 1029/1029/1029
f 1119/1119/1119 1029/1029/1029 1030/1030/1030
f 1120/1120/1120 1030/1030/1030 1031/1031/1031
f 1121/1121/1121 1031/1031/1031 1032/1032/1032
f 1122/1122/1122 1032/1032/1032 1033/1033/1033
f 1123/1123/1123 1033/1033/1033 1034/1034/1034
f 1124/1124/1124 1034/1034/1034 1035/1035/1035
f 1125/1125/1125 1035/1035/1035 1036/1036/1036
f 1126/1126/1126 1036/1036/1036 1037/1037/1037
f 1127/1127/1127 1037/1037/1037 1038/1038/1038
f 1128/1128/1128 1038/1038/1038 1039/1039/1039
f 1129/1129/1129 1039/1039/1039 1040/1040/1040
f 1130/1130/1130 1040/1040/1040 1041/1041/1041
f 1131/1131/1131 1041/1041/1041 1042/1042/1042
f 1132/1132/1132 1042/1042/1042 1043/1043/1043
f 1133/1133/1133 1043/1043/1043 1044/1044/1044
f 1134/1134/1134 1044/1044/1044 1045/1045/1045
f 1135/1135/1135 1045/1045/1045 1046/1046/1046
f 1136/1136/1136 1046/1046/1046 1047/1047/1047
f 1137/1137/1137 1047/1047/1047 1048/1048/1048
f 1138/1138/1138 1048/1048/1048 1049/1049/1049
f 1139/1139/1139 1049/1049/1049 1050/1050/1050
f 1140/1140/1140 1050/1050/1050 1051/1051/1051
f 1141/1141/1141 1051/1051/1051 1052/1052/1052
f 1142/1142/1142 1052/1052/1052 1053/1053/1053
f 1143/1143/1143 1053/1053/1053 1054/1054/1054
f 1144/1144/1144 1054/1054/1054 1055/1055/1055
f 1145/1145/1145 1055/1055/1055 1056/1056/1056
f 1146/1146/1146 1056/1056/1056 1057/1057/1057
f 1147/1147/1147 1057/1057/1057 1058/1058/1058
f 1148/1148/1148 1058/1058/1058 1059/1059/1059
f 1149/1149/1149 1059/1059/1059 1060/1060/1060
f 1150/1150/1150 1060/1060/1060 1061/1061/1061
f 1151/1151/1151 1061/1061/1061 1062/1062/1062
f 1152/1152/1152 1062/1062/1062 1063/1063/1063
f 1153/1153/1153 1063/1063/1063 1064/1064/1064
f 1154/1154/1154 1064/1064/1064 1065/1065/1065
f 1155/1155/1155 1065/1065/1065 1066/1066/1066
f 1156/1156/1156 1066/1066/1066 1067/1067/1067
f 1157/1157/1157 1067/1067/1067 1068/1068/1068
f 1158/1158/1158 1068/1068/1068 1069/1069/1069
f 1159/1159/1159 1069/1069/1069 1070/1070/1070
f 1160/1160/1160 1070/1070/1070 1071/1071/1071
f 1161/1161/1161 1071/1071/1071 1072/1072/1072
f 1162/1162/1162 1072/1072/1072 1073/1073/1073
f 1163/1163/1163 1073/1073/1073 1074/1074/1074
f 1164/1164/1164 1074/1074/1074 1075/1075/1075
f 1165/1165/1165 1075/1075/1075 1076/1076/1076
f 1166/1166/1166 1076/1076/1076 1077/1077/1077
f 1167/1167/1167 1077/1077/1077 1078/1078/1078
f 1168/1168/1168 1078/1078/1078 1079/1079/1079
f 1169/1169/1169 1079/1079/1079 1080/1080/1080
f 1170/1170/1170 1080/1080/1080 991/991/991
f 1171/1171/1171 1081/1081/1081 1082/1082/1082
f 1172/1172/1172 1082/1082/1082 1083/1083/1083
f 1173/1173/1173 1083/1083/1083 1084/1084/1084
f 1174/1174/1174 1084/1084/1084 1085/1085/1085
f 1175/1175/1175 1085/1085/1085 1086/1086/1086
f 1176/1176/1176 1086/1086/1086 1087/1087/1087
f 1177/1177/1177 1087/1087/1087 1088/1088/1088
f 1178/1178/1178 1088/1088/1088 1089/1089/1089
f 1179/1179/1179 1089/1089/1089 1090/1090/1090
f 1180/1180/1180 1090/1090/1090 1091/1091/1091
f 1181/1181/1181 1091/1091/1091 1092/1092/1092
f 1182/1182/1182 1092/1092/1092 1093/1093/1093
f 1183/1183/1183 1093/1093/1093 1094/1094/1094
f 1184/1184/1184 1094/1094/1094 1095/1095/1095
f 1185/1185/1185 1095/1095/1095 1096/1096/1096
f 1186/1186/1186 1096/1096/1096 1097/1097/1097
f 1187/1187/1187 1097/1097/1097 1098/1098/1098
f 1188/1188/1188 1098/1098/1098 1099/1099/1099
f 1189/1189/1189 1099/1099/1099 1100/1100/1100
f 1190/1190/1190 1100/1100/1100 1101/1101/1101
f 1191/1191/1191 1101/1101/1101 1102/1102/1102
f 1192/1192/1192 1102/1102/1102 1103/1103/1103
f 1193/1193/1193 1103/1103/1103 1104/1104/1104
f 1194/1194/1194 1104/1104/1104 1105/1105/1105
f 1195/1195/1195 1105/1105/1105 1106/1106/1106
f 1196/1196/1196 1106/1106/1106 1107/1107/1107
f 1197/1197/1197 1107/1107/1107 1108/1108/1108
f 1198/1198/1198 1108/1108/1108 1109/1109/1109
f 1199/1199/1199 1109/1109/1109 1110/1110/1110
f 1200/1200/1200 1110/1110/1110 1111/1111/1111
f 1201/1201/1201 1111/1111/1111 1112/1112/1112
f 1202/1202/1202 1112/1112/1112 1113/1113/1113
f 1203/1203/1203 1113/1113/1113 1114/1114/1114
f 1204/1204/1204 1114/1114/1114 1115/1115/1115
f 1205/1205/1205 1115/1115/1115 1116/1116/1116
f 1206/1206/1206 1116/1116/1116 1117/1117/1117
f 1207/1207/1207 1117/1117/1117 1118/1118/1118
f 1208/1208/1208 1118/1118/1118 1119/1119/1119
f 1209/1209/1209 1119/1119/1119 1120/1120/1120
f 1210/1210/1210 1120/1120/1120 1121/1121/1121
f 1211/1211/1211 1121/1121/1121 1122/1122/1122
f 1212/1212/1212 1122/1122/1122 1123/1123/1123
f 1213/1213/1213 1123/1123/1123 1124/1124/1124
f 1214/1214/1214 1124/1124/1124 1125/1125/1125
f 1215/1215/1215 1125/1125/1125 1126/1126/1126
f 1216/1216/1216 1126/1126/1126 1127/1127/1127
f 1217/1217/1217 1127/1127/1127 1128/1128/1128
f 1218/1218/1218 1128/1128/1128 1129/1129/1129
f 1219/1219/1219 1129/1129/1129 1130/1130/1130
f 1220/1220/1220 1130/1130/1130 1131/1131/1131
f 1221/1221/1221 1131/1131/1131 1132/1132/1132
f 1222/1222/1222 1132/1132/1132 1133/1133/1133
f 1223/1223/1223 1133/1133/1133 1134/1134/1134
f 1224/1224/1224 1134/1134/1134 1135/1135/1135
f 1225/1225/1225 1135/1135/1135 1136/1136/1136
f 1226/1226/1226 1136/1136/1136 1137/1137/1137
f 1227/1227/1227 1137/1137/1137 1138/1138/1138
f 1228/1228/1228 1138/1138/1138 1139/1139/1139
f 1229/1229/1229 1139/1139/1139 1140/1140/1140
f 1230/1230/1230 1140/1140/1140 1141/1141/1141
f 1231/1231/1231 1141/1141/1141 1142/1142/1142
f 1232/1232/1232 1142/1142/1142 1143/1143/1143
f 1233/1233/1233 1143/1143/1143 1144/1144/1144
f 1234/1234/1234 1144/1144/1144 1145/1145/1145
f 1235/1235/1235 1145/1145/1145 1146/1146/1146
f 1236/1236/1236 1146/1146/1146 1147/1147/1147
f 1237/1237/1237 1147/1147/1147 1148/1148/1148
f 1238/1238/1238 1148/1148/1148 1149/1149/1149
f 1239/1239/1239 1149/1149/1149 1150/1150/1150
f 1240/1240/1240 1150/1150/1150 1151/1151/1151
f 1241/1241/1241 1151/1151/1151 1152/1152/1152
f 1242/1242/1242 1152/1152/1152 1153/1153/1153
f 1243/1243/1243 1153/1153/1153 1154/1154/1154
f 1244/1244/1244 1154/1154/1154 1155/1155/1155
f 1245/1245/1245 1155/1155/1155 1156/1156/1156
f 1246/1246/1246 1156/1156/1156 1157/1157/1157
f 1247/1247/1247 1157/1157/1157 1158/1158/1158
f 1248/1248/1248 1158/1158/1158 1159/1159/1159
f 1249/1249/1249 1159/1159/1159 1160/1160/1160
f 1250/1250/1250 1160/1160/1160 1161/1161/1161
f 1251/1251/1251 1161/1161/1161 1162/1162/1162
f 1252/1252/1252 1162/1162/1162 1163/1163/1163
f 1253/1253/1253 1163/1163/1163 1164/1164/1164
f 1254/1254/1254 1164/1164/1164 1165/1165/1165
f 1255/1255/1255 1165/1165/1165 1166/1166/1166
f 1256/1256/1256 1166/1166/1166 1167/1167/1167
f 1257/1257/1257 1167/1167/1167 1168/1168/1168
f 1258/1258/1258 1168/1168/1168 1169/1169/1169
f 1259/1259/1259 1169/1169/1169 1170/1170/1170
f 1260/1260/1260 1170/1170/1170 1081/1081/1081
f 1261/1261/1261 1171/1171/1171 1172/1172/1172
f 1262/1262/1262 1172/1172/1172 1173/1173/1173
f 1263/1263/1263 1173/1173/1173 1174/1174/1174
f 1264/1264/1264 1174/1174/1174 1175/1175/1175
f 1265/1265/1265 1175/1175/1175 1176/1176/1176
f 1266/1266/1266 1176/1176/1176 1177/1177/1177
f 1267/1267/1267 1177/1177/1177 1178/1178/1178
f 1268/1268/1268 1178/1178/1178 1179/1179/1179
f 1269/1269/1269 1179/1179/1179 1180/1180/1180
f 1270/1270/1270 1180/1180/1180 1181/1181/1181
f 1271/1271/1271 1181/1181/1181 1182/1182/1182
f 1272/1272/1272 1182/1182/1182 1183/1183/1183
f 1273/1273/1273 1183/1183/1183 1184/1184/1184
f 1274/1274/1274 1184/1184/1184 1185/1185/1185
f 1275/1275/1275 1185/1185/1185 1186/1186/1186
f 1276/1276/1276 1186/1186/1186 1187/1187/1187
f 1277/1277/1277 1187/1187/1187 1188/1188/1188
f 1278/1278/1278 1188/1188/1188 1189/1189/1189
f 1279/1279/1279 1189/1189/1189 1190/1190/1190
f 1280/1280/1280 1190/1190/1190 1191/1191/1191
f 1281/1281/1281 1191/1191/1191 1192/1192/1192
f 1282/1282/1282 1192/1192/1192 1193/1193/1193
f 1283/1283/1283 1193/1193/1193 1194/1194/1194
f 1284/1284/1284 1194/1194/1194 1195/1195/1195
f 1285/1285/1285 1195/1195/1195 1196/1196/1196
f 1286/1286/1286 1196/1196/1196 1197/1197/1197
f 1287/1287/1287 1197/1197/1197 1198/1198/1198
f 1288/1288/1288 1198/1198/1198 1199/1199/1199
f 1289/1289/1289 1199/1199/1199 1200/1200/1200
f 1290/1290/1290 1200/1200/1200 1201/1201/1201
f 1291/1291/1291 1201/1201/1201 1202/1202/1202
f 1292/1292/1292 1202/1202/1202 1203/1203/1203
f 1293/1293/1293 1203/1203/1203 1204/1204/1204
f 1294/1294/1294 1204/1204/1204 1205/1205/1205
f 1295/1295/1295 1205/1205/1205 1206/1206/1206
f 1296/1296/1296 1206/1206/1206 1207/1207/1207
f 1297/1297/1297 1207/1207/1207 1208/1208/1208
f 1298/1298/1298 1208/1208/1208 1209/1209/1209
f 1299/1299/1299 1209/1209/1209 1210/1210/1210
f 1300/1300/1300 1210/1210/1210 1211/1211/1211
f 1301/1301/1301 1211/1211/1211 1212/1212/1212
f 1302/1302/1302 1212/1212/1212 1213/1213/1213
f 1303/1303/1303 1213/1213/1213 1214/1214/1214
f 1304/1304/1304 1214/1214/1214 1215/1215/1215
f 1305/1305/1305 1215/1215/1215 1216/1216/1216
f 1306/1306/1306 1216/1216/1216 1217/1217/1217
f 1307/1307/1307 1217/1217/1217 1218/1218/1218
f 1308/1308/1308 1218/1218/1218 1219/1219/1219
f 1309/1309/1309 1219/1219/1219 1220/1220/1220
f 1310/1310/1310 1220/1220/1220 1221/1221/1221
f 1311/1311/1311 1221/1221/1221 1222/1222/1222
f 1312/1312/1312 1222/1222/1222 1223/1223/1223
f 1313/1313/1313 1223/1223/1223 1224/1224/1224
f 1314/1314/1314 1224/1224/1224 1225/1225/1225
f 1315/1315/1315 1225/1225/1225 1226/1226/1226
f 1316/1316/1316 1226/1226/1226 1227/1227/1227
f 1317/1317/1317 1227/1227/1227 1228/1228/1228
f 1318/1318/1318 1228/1228/1228 1229/1229/1229
f 1319/1319/1319 1229/1229/1229 1230/1230/1230
f 1320/1320/1320 1230/1230/1230 1231/1231/1231
f 1321/1321/1321 1231/1231/1231 1232/1232/1232
f 1322/1322/1322 1232/1232/1232 1233/1233/1233
f 1323/1323/1323 1233/1233/1233 1234/1234/1234
f 1324/1324/1324 1234/1234/1234 1235/1235/1235
f 1325/1325/1325 1235/1235/1235 1236/1236/1236
f 1326/1326/1326 1236/1236/1236 1237/1237/1237
f 1327/1327/1327 1237/1237/1237 1238/1238/1238
f 1328/1328/1328 1238/1238/1238 1239/1239/1239
f 1329/1329/1329 1239/1239/1239 1240/1240/1240
f 1330/1330/1330 1240/1240/1240 1241/1241/1241
f 1331/1331/1331 1241/1241/1241 1242/1242/1242
f 1332/1332/1332 1242/1242/1242 1243/1243/1243
f 1333/1333/1333 1243/1243/1243 1244/1244/1244
f 1334/1334/1334 1244/1244/1244 1245/1245/1245
f 1335/1335/1335 1245/1245/1245 1246/1246/1246
f 1336/1336/1336 1246/1246/1246 1247/1247/1247
f 1337/1337/1337 1247/1247/1247 1248/1248/1248
f 1338/1338/1338 1248/1248/1248 1249/1249/1249
f 1339/1339/1339 1249/1249/1249 1250/1250/1250
f 1340/1340/1340 1250/1250/1250 1251/1251/1251
f 1341/1341/1341 1251/1251/1251 1252/1252/1252
f 1342/1342/1342 1252/1252/1252 1253/1253/1253
f 1343/1343/1343 1253/1253/1253 1254/1254/1254
f 1344/1344/1344 1254/1254/1254 1255/1255/1255
f 1345/1345/1345 1255/1255/1255 1256/1256/1256
f 1346/1346/1346 1256/1256/1256 1257/1257/1257
f 1347/1347/1347 1257/1257/1257 1258/1258/1258
f 1348/1348/1348 1258/1258/1258 1259/1259/1259
f 1349/1349/1349 1259/1259/1259 1260/1260/1260
f 1350/1350/1350 1260/1260/1260 1171/1171/1171
f 1351/1351/1351 1261/1261/1261 1262/1262/1262
f 1352/1352/1352 1262/1262/1262 1263/1263/1263
f 1353/1353/1353 1263/1263/1263 1264/1264/1264
f 1354/1354/1354 1264/1264/1264 1265/1265/1265
f 1355/1355/1355 1265/1265/1265 1266/1266/1266
f 1356/1356/1356 1266/1266/1266 1267/1267/1267
f 1357/1357/1357 1267/1267/1267 1268/1268/1268
f 1358/1358/1358 1268/1268/1268 1269/1269/1269
f 1359/1359/1359 1269/1269/1269 1270/1270/1270
f 1360/1360/1360 1270/1270/1270 1271/1271/1271
f 1361/1361/1361 1271/1271/1271 1272/1272/1272
f 1362/1362/1362 1272/1272/1272 1273/1273/1273
f 1363/1363/1363 1273/1273/1273 1274/1274/1274
f 1364/1364/1364 1274/1274/1274 1275/1275/1275
f 1365/1365/1365 1275/1275/1275 1276/1276/1276
f 1366/1366/1366 1276/1276/1276 1277/1277/1277
f 1367/1367/1367 1277/1277/1277 1278/1278/1278
f 1368/1368/1368 1278/1278/1278 1279/1279/1279
f 1369/1369/1369 1279/1279/1279 1280/1280/1280
f 1370/1370/1370 1280/1280/1280 1281/1281/1281
f 1371/1371/1371 1281/1281/1281 1282/1282/1282
f 1372/1372/1372 1282/1282/1282 1283/1283/1283
f 1373/1373/1373 1283/1283/1283 1284/1284/1284
f 1374/1374/1374 1284/1284/1284 1285/1285/1285
f 1375/1375/1375 1285/1285/1285 1286/1286/1286
f 1376/1376/1376 1286/1286/1286 1287/1287/1287
f 1377/1377/1377 1287/1287/1287 1288/1288/1288
f 1378/1378/1378 1288/1288/1288 1289/1289/1289
f 1379/1379/1379 1289/1289/1289 1290/1290/1290
f 1380/1380/1380 1290/1290/1290 1291/1291/1291
f 1381/1381/1381 1291/1291/1291 1292/1292/1292
f 1382/1382/1382 1292/1292/1292 1293/1293/1293
f 1383/1383/1383 1293/1293/1293 1294/1294/1294
f 1384/1384/1384 1294/1294/1294 1295/1295/1295
f 1385/1385/1385 1295/1295/1295 1296/1296/1296
f 1386/1386/1386 1296/1296/1296 1297/1297/1297
f 1387/1387/1387 1297/1297/1297 1298/1298/1298
f 1388/1388/1388 1298/1298/1298 1299/1299/1299
f 1389/1389/1389 1299/1299/1299 1300/1300/1300
f 1390/1390/1390 1300/1300/1300 1301/1301/1301
f 1391/1391/1391 1301/1301/1301 1302/1302/1302
f 1392/1392/1392 1302/1302/1302 1303/1303/1303
f 1393/1393/1393 1303/1303/1303 1304/1304/1304
f 1394/1394/1394 1304/1304/1304 1305/1305/1305
f 1395/1395/1395 1305/1305/1305 1306/1306/1306
f 1396/1396/1396 1306/1306/1306 1307/1307/1307
f 1397/1397/1397 1307/1307/1307 1308/1308/1308
f 1398/1398/1398 1308/1308/1308 1309/1309/1309
f 1399/1399/1399 1309/1309/1309 1310/1310/1310
f 1400/1400/1400 1310/1310/1310 1311/1311/1311
f 1401/1401/1401 1311/1311/1311 1312/1312/1312
f 1402/1402/1402 1312/1312/1312 1313/1313/1313
f 1403/1403/1403 1313/1313/1313 1314/1314/1314
f 1404/1404/1404 1314/1314/1314 1315/1315/1315
f 1405/1405/1405 1315/1315/1315 1316/1316/1316
f 1406/1406/1406 1316/1316/1316 1317/1317/1317
f 1407/1407/1407 1317/1317/1317 1318/1318/1318
f 1408/1408/1408 1318/1318/1318 1319/1319/1319
f 1409/1409/1409 1319/1319/1319 1320/1320/1320
f 1410/1410/1410 1320/1320/1320 1321/1321/1321
f 1411/1411/1411 1321/1321/1321 1322/1322/1322
f 1412/1412/1412 1322/1322/1322 1323/1323/1323
f 1413/1413/1413 1323/1323/1323 1324/1324/1324
f 1414/1414/1414 1324/1324/1324 1325/1325/1325
f 1415/1415/1415 1325/1325/1325 1326/1326/1326
f 1416/1416/1416 1326/1326/1326 1327/1327/1327
f 1417/1417/1417 1327/1327/1327 1328/1328/1328
f 1418/1418/1418 1328/1328/1328 1329/1329/1329
f 1419/1419/1419 1329/1329/1329 1330/1330/1330
f 1420/1420/1420 1330/1330/1330 1331/1331/1331
f 1421/1421/1421 1331/1331/1331 1332/1332/1332
f 1422/1422/1422 1332/1332/1332 1333/1333/1333
f 1423/1423/1423 1333/1333/1333 1334/1334/1334
f 1424/1424/1424 1334/1334/1334 1335/1335/1335
f 1425/1425/1425 1335/1335/1335 1336/1336/1336
f 1426/1426/1426 1336/1336/1336 1337/1337/1337
f 1427/1427/1427 1337/1337/1337 1338/1338/1338
f 1428/1428/1428 1338/1338/1338 1339/1339/1339
f 1429/1429/1429 1339/1339/1339 1340/1340/1340
f 1430/1430/1430 1340/1340/1340 1341/1341/1341
f 1431/1431/1431 1341/1341/1341 1342/1342/1342
f 1432/1432/1432 1342/1342/1342 1343/1343/1343
f 1433/1433/1433 1343/1343/1343 1344/1344/1344
f 1434/1434/1434 1344/1344/1344 1345/1345/1345
f 1435/1435/1435 1345/1345/1345 1346/1346/1346
f 1436/1436/1436 1346/1346/1346 1347/1347/1347
f 1437/1437/1437 1347/1347/1347 1348/1348/1348
f 1438/1438/1438 1348/1348/1348 1349/1349/1349
f 1439/1439/1439 1349/1349/1349 1350/1350/1350
f 1440/1440/1440 1350/1350/1350 1261/1261/1261
f 1441/1441/1441 1351/1351/1351 1352/1352/1352
f 1442/1442/1442 1352/1352/1352 1353/1353/1353
f 1443/1443/1443 1353/1353/1353 1354/1354/1354
f 1444/1444/1444 1354/1354/1354 1355/1355/1355
f 1445/1445/1445 1355/1355/1355 1356/1356/1356
f 1446/1446/1446 1356/1356/1356 1357/1357/1357
f 1447/1447/1447 1357/1357/1357 1358/1358/1358
f 1448/1448/1448 1358/1358/1358 1359/1359/1359
f 1449/1449/1449 1359/1359/1359 1360/1360/1360
f 1450/1450/1450 1360/1360/1360 1361/1361/1361
f 1451/1451/1451 1361/1361/1361 1362/1362/1362
f 1452/1452/1452 1362/1362/1362 1363/1363/1363
f 1453/1453/1453 1363/1363/1363 1364/1364/1364
f 1454/1454/1454 1364/1364/1364 1365/1365/1365
f 1455/1455/1455 1365/1365/1365 1366/1366/1366
f 1456/1456/1456 1366/1366/1366 1367/1367/1367
f 1457/1457/1457 1367/1367/1367 1368/1368/1368
f 1458/1458/1458 1368/1368/1368 1369/1369/1369
f 1459/1459/1459 1369/1369/1369 1370/1370/1370
f 1460/1460/1460 1370/1370/1370 1371/1371/1371
f 1461/1461/1461 1371/1371/1371 1372/1372/1372
f 1462/1462/1462 1372/1372/1372 1373/1373/1373
f 1463/1463/1463 1373/1373/1373 1374/1374/1374
f 1464/1464/1464 1374/1374/1374 1375/1375/1375
f 1465/1465/1465 1375/1375/1375 1376/1376/1376
f 1466/1466/1466 1376/1376/1376 1377/1377/1377
f 1467/1467/1467 1377/1377/1377 1378/1378/1378
f 1468/1468/1468 1378/1378/1378 1379/1379/1379
f 1469/1469/1469 1379/1379/1379 1380/1380/1380
f 1470/1470/1470 1380/1380/1380 1381/1381/1381
f 1471/1471/1471 1381/1381/1381 1382/1382/1382
f 1472/1472/1472 1382/1382/1382 1383/1383/1383
f 1473/1473/1473 1383/1383/1383 1384/1384/1384
f 1474/1474/1474 1384/1384/1384 1385/1385/1385
f 1475/1475/1475 1385/1385/1385 1386/1386/1386
f 1476/1476/1476 1386/1386/1386 1387/1387/1387
f 1477/1477/1477 1387/1387/1387 1388/1388/1388
f 1478/1478/1478 1388/1388/1388 1389/1389/1389
f 1479/1479/1479 1389/1389/1389 1390/1390/1390
f 1480/1480/1480 1390/1390/1390 1391/1391/1391
f 1481/1481/1481 1391/1391/1391 1392/1392/1392
f 1482/1482/1482 1392/1392/1392 1393/1393/1393
f 1483/1483/1483 1393/1393/1393 1394/1394/1394
f 1484/1484/1484 1394/1394/1394 1395/1395/1395
f 1485/1485/1485 1395/1395/1395 1396/1396/1396
f 1486/1486/1486 1396/1396/1396 1397/1397/1397
f 1487/1487/1487 1397/1397/1397 1398/1398/1398
f 1488/1488/1488 1398/1398/1398 1399/1399/1399
f 1489/1489/1489 1399/1399/1399 1400/1400/1400
f 1490/1490/1490 1400/1400/1400 1401/1401/1401
f 1491/1491/1491 1401/1401/1401 1402/1402/1402
f 1492/1492/1492 1402/1402/1402 1403/1403/1403
f 1493/1493/1493 1403/1403/1403 1404/1404/1404
f 1494/1494/1494 1404/1404/1404 1405/1405/1405
f 1495/1495/1495 1405/1405/1405 1406/1406/1406
f 1496/1496/1496 1406/1406/1406 1407/1407/1407
f 1497/1497/1497 1407/1407/1407 1408/1408/1408
f 1498/1498/1498 1408/1408/1408 1409/1409/1409
f 1499/1499/1499 1409/1409/1409 1410/1410/1410
f 1500/1500/1500 1410/1410/1410 1411/1411/1411
f 1501/1501/1501 1411/1411/1411 1412/1412/1412
f 1502/1502/1502 1412/1412/1412 1413/1413/1413
f 1503/1503/1503 1413/1413/1413 1414/1414/1414
f 1504/1504/1504 1414/1414/1414 1415/1415/1415
f 1505/1505/1505 1415/1415/1415 1416/1416/1416
f 1506/1506/1506 1416/1416/1416 1417/1417/1417
f 1507/1507/1507 1417/1417/1417 1418/1418/1418
f 1508/1508/1508 1418/1418/1418 1419/1419/1419
f 1509/1509/1509 1419/1419/1419 1420/1420/1420
f 1510/1510/1510 1420/1420/1420 1421/1421/1421
f 1511/1511/1511 1421/1421/1421 1422/1422/1422
f 1512/1512/1512 1422/1422/1422 1423/1423/1423
f 1513/1513/1513 1423/1423/1423 1424/1424/1424
f 1514/1514/1514 1424/1424/1424 1425/1425/1425
f 1515/1515/1515 1425/1425/1425 1426/1426/1426
f 1516/1516/1516 1426/1426/1426 1427/1427/1427
f 1517/1517/1517 1427/1427/1427 1428/1428/1428
f 1518/1518/1518 1428/1428/1428 1429/1429/1429
f 1519/1519/1519 1429/1429/1429 1430/1430/1430
f 1520/1520/1520 1430/1430/1430 1431/1431/1431
f 1521/1521/1521 1431/1431/1431 1432/1432/1432
f 1522/1522/1522 1432/1432/1432 1433/1433/1433
f 1523/1523/1523 1433/1433/1433 1434/1434/1434
f 1524/1524/1524 1434/1434/1434 1435/1435/1435
f 1525/1525/1525 1435/1435/1435 1436/1436/1436
f 1526/1526/1526 1436/1436/1436 1437/1437/1437
f 1527/1527/1527 1437/1437/1437 1438/1438/1438
f 1528/1528/1528 1438/1438/1438 1439/1439/1439
f 1529/1529/1529 1439/1439/1439 1440/1440/1440
f 1530/1530/1530 1440/1440/1440 1351/1351/1351
f 1531/1531/1531 1441/1441/1441 1442/1442/1442
f 1532/1532/1532 1442/1442/1442 1443/1443/1443
f 1533/1533/1533 1443/1443/1443 1444/1444/1444
f 1534/1534/1534 1444/1444/1444 1445/1445/1445
f 1535/1535/1535 1445/1445/1445 1446/1446/1446
f 1536/1536/1536 1446/1446/1446 1447/1447/1447
f 1537/1537/1537 1447/1447/1447 1448/1448/1448
f 1538/1538/1538 1448/1448/1448 1449/1449/1449
f 1539/1539/1539 1449/1449/1449 1450/1450/1450
f 1540/1540/1540 1450/1450/1450 1451/1451/1451
f 1541/1541/1541 1451/1451/1451 1452/1452/1452
f 1542/1542/1542 1452/1452/1452 1453/1453/1453
f 1543/1543/1543 1453/1453/1453 1454/1454/1454
f 1544/1544/1544 1454/1454/1454 1455/1455/1455
f 1545/1545/1545 1455/1455/1455 1456/1456/1456
f 1546/1546/1546 1456/1456/1456 1457/1457/1457
f 1547/1547/1547 1457/1457/1457 1458/1458/1458
f 1548/1548/1548 1458/1458/1458 1459/1459/1459
f 1549/1549/1549 1459/1459/1459 1460/1460/1460
f 1550/1550/1550 1460/1460/1460 1461/1461/1461
f 1551/1551/1551 1461/1461/1461 1462/1462/1462
f 1552/1552/1552 1462/1462/1462 1463/1463/1463
f 1553/1553/1553 1463/1463/1463 1464/1464/1464
f 1554/1554/1554 1464/1464/1464 1465/1465/1465
f 1555/1555/1555 1465/1465/1465 1466/1466/1466
f 1556/1556/1556 1466/1466/1466 1467/1467/1467
f 1557/1557/1557 1467/1467/1467 1468/1468/1468
f 1558/1558/1558 1468/1468/1468 1469/1469/1469
f 1559/1559/1559 1469/1469/1469 1470/1470/1470
f 1560/1560/1560 1470/1470/1470 1471/1471/1471
f 1561/1561/1561 1471/1471/1471 1472/1472/1472
f 1562/1562/1562 1472/1472/1472 1473/1473/1473
f 1563/1563/1563 1473/1473/1473 1474/1474/1474
f 1564/1564/1564 1474/1474/1474 1475/1475/1475
f 1565/1565/1565 1475/1475/1475 1476/1476/1476
f 1566/1566/1566 1476/1476/1476 1477/1477/1477
f 1567/1567/1567 1477/1477/1477 1478/1478/1478
f 1568/1568/1568 1478/1478/1478 1479/1479/1479
f 1569/1569/1569 1479/1479/1479 1480/1480/1480
f 1570/1570/1570 1480/1480/1480 1481/1481/1481
f 1571/1571/1571 1481/1481/1481 1482/1482/1482
f 1572/1572/1572 1482/1482/1482 1483/1483/1483
f 1573/1573/1573 1483/1483/1483 1484/1484/1484
f 1574/1574/1574 1484/1484/1484 1485/1485/1485
f 1575/1575/1575 1485/1485/1485 1486/1486/1486
f 1576/1576/1576 1486/1486/1486 1487/1487/1487
f 1577/1577/1577 1487/1487/1487 1488/1488/1488
f 1578/1578/1578 1488/1488/1488 1489/1489/1489
f 1579/1579/1579 1489/1489/1489 1490/1490/1490
f 1580/1580/1580 1490/1490/1490 1491/1491/1491
f 1581/1581/1581 1491/1491/1491 1492/1492/1492
f 1582/1582/1582 1492/1492/1492 1493/1493/1493
f 1583/1583/1583 1493/1493/1493 1494/1494/1494
f 1584/1584/1584 1494/1494/1494 1495/1495/1495
f 1585/1585/1585 1495/1495/1495 1496/1496/1496
f 1586/1586/1586 1496/1496/1496 1497/1497/1497
f 1587/1587/1587 1497/1497/1497 1498/1498/1498
f 1588/1588/1588 1498/1498/1498 1499/1499/1499
f 1589/1589/1589 1499/1499/1499 1500/1500/1500
f 1590/1590/1590 1500/1500/1500 1501/1501/1501
f 1591/1591/1591 1501/1501/1501 1502/1502/1502
f 1592/1592/1592 1502/1502/1502 1503/1503/1503
f 1593/1593/1593 1503/1503/1503 1504/1504/1504
f 1594/1594/1594 1504/1504/1504 1505/1505/1505
f 1595/1595/1595 1505/1505/1505 1506/1506/1506
f 1596/1596/1596 1506/1506/1506 1507/1507/1507
f 1597/1597/1597 1507/1507/1507 1508/1508/1508
f 1598/1598/1598 1508/1508/1508 1509/1509/1509
f 1599/1599/1599 1509/1509/1509 1510/1510/1510
f 1600/1600/1600 1510/1510/1510 1511/1511/1511
f 1601/1601/1601 1511/1511/1511 1512/1512/1512
f 1602/1602/1602 1512/1512/1512 1513/1513/1513
f 1603/1603/1603 1513/1513/1513 1514/1514/1514
f 1604/1604/1604 1514/1514/1514 1515/1515/1515
f 1605/1605/1605 1515/1515/1515 1516/1516/1516
f 1606/1606/1606 1516/1516/1516 1517/1517/1517
f 1607/1607/1607 1517/1517/1517 1518/1518/1518
f 1608/1608/1608 1518/1518/1518 1519/1519/1519
f 1609/1609/1609 1519/1519/1519 1520/1520/1520
f 1610/1610/1610 1520/1520/1520 1521/1521/1521
f 1611/1611/1611 1521/1521/1521 1522/1522/1522
f 1612/1612/1612 1522/1522/1522 1523/1523/1523
f 1613/1613/1613 1523/1523/1523 1524/1524/1524
f 1614/1614/1614 1524/1524/1524 1525/1525/1525
f 1615/1615/1615 1525/1525/1525 1526/1526/1526
f 1616/1616/1616 1526/1526/1526 1527/1527/1527
f 1617/1617/1617 1527/1527/1527 1528/1528/1528
f 1618/1618/1618 1528/1528/1528 1529/1529/1529
f 1619/1619/1619 1529/1529/1529 1530/1530/1530
f 1620/1620/1620 1530/1530/1530 1441/1441/1441
f 1621/1621/1621 1531/1531/1531 1532/1532/1532
f 1622/1622/1622 1532/1532/1532 1533/1533/1533
f 1623/1623/1623 1533/1533/1533 1534/1534/1534
f 1624/1624/1624 1534/1534/1534 1535/1535/1535
f 1625/1625/1625 1535/1535/1535 1536/1536/1536
f 1626/1626/1626 1536/1536/1536 1537/1537/1537
f 1627/1627/1627 1537/1537/1537 1538/1538/1538
f 1628/1628/1628 1538/1538/1538 1539/1539/1539
f 1629/1629/1629 1539/1539/1539 1540/1540/1540
f 1630/1630/1630 1540/1540/1540 1541/1541/1541
f 1631/1631/1631 1541/1541/1541 1542/1542/1542
f 1632/1632/1632 1542/1542/1542 1543/1543/1543
f 1633/1633/1633 1543/1543/1543 1544/1544/1544
f 1634/1634/1634 1544/1544/1544 1545/1545/1545
f 1635/1635/1635 1545/1545/1545 1546/1546/1546
f 1636/1636/1636 1546/1546/1546 1547/1547/1547
f 1637/1637/1637 1547/1547/1547 1548/1548/1548
f 1638/1638/1638 1548/1548/1548 1549/1549/1549
f 1639/1639/1639 1549/1549/1549 1550/1550/1550
f 1640/1640/1640 1550/1550/1550 1551/1551/1551
f 1641/1641/1641 1551/1551/1551 1552/1552/1552
f 1642/1642/1642 1552/1552/1552 1553/1553/1553
f 1643/1643/1643 1553/1553/1553 1554/1554/1554
f 1644/1644/1644 1554/1554/1554 1555/1555/1555
f 1645/1645/1645 1555/1555/1555 1556/1556/1556
f 1646/1646/1646 1556/1556/1556 1557/1557/1557
f 1647/1647/1647 1557/1557/1557 1558/1558/1558
f 1648/1648/1648 1558/1558/1558 1559/1559/1559
f 1649/1649/1649 1559/1559/1559 1560/1560/1560
f 1650/1650/1650 1560/1560/1560 1561/1561/1561
f 1651/1651/1651 1561/1561/1561 1562/1562/1562
f 1652/1652/1652 1562/1562/1562 1563/1563/1563
f 1653/1653/1653 1563/1563/1563 1564/1564/1564
f 1654/1654/1654 1564/1564/1564 1565/1565/1565
f 1655/1655/1655 1565/1565/1565 1566/1566/1566
f 1656/1656/1656 1566/1566/1566 1567/1567/1567
f 1657/1657/1657 1567/1567/1567 1568/1568/1568
f 1658/1658/1658 1568/1568/1568 1569/1569/1569
f 1659/1659/1659 1569/1569/1569 1570/1570/1570
f 1660/1660/1660 1570/1570/1570 1571/1571/1571
f 1661/1661/1661 1571/1571/1571 1572/1572/1572
f 1662/1662/1662 1572/1572/1572 1573/1573/1573
f 1663/1663/1663 1573/1573/1573 1574/1574/1574
f 1664/1664/1664 1574/1574/1574 1575/1575/1575
f 1665/1665/1665 1575/1575/1575 1576/1576/1576
f 1666/1666/1666 1576/1576/1576 1577/1577/1577
f 1667/1667/1667 1577/1577/1577 1578/1578/1578
f 1668/1668/1668 1578/1578/1578 1579/1579/1579
f 1669/1669/1669 1579/1579/1579 1580/1580/1580
f 1670/1670/1670 1580/1580/1580 1581/1581/1581
f 1671/1671/1671 1581/1581/1581 1582/1582/1582
f 1672/1672/1672 1582/1582/1582 1583/1583/1583
f 1673/1673/1673 1583/1583/1583 1584/1584/1584
f 1674/1674/1674 1584/1584/1584 1585/1585/1585
f 1675/1675/1675 1585/1585/1585 1586/1586/1586
f 1676/1676/1676 1586/1586/1586 1587/1587/1587
f 1677/1677/1677 1587/1587/1587 1588/1588/1588
f 1678/1678/1678 1588/1588/1588 1589/1589/1589
f 1679/1679/1679 1589/1589/1589 1590/1590/1590
f 1680/1680/1680 1590/1590/1590 1591/1591/1591
f 1681/1681/1681 1591/1591/1591 1592/1592/1592
f 1682/1682/1682 1592/1592/1592 1593/1593/1593
f 1683/1683/1683 1593/1593/1593 1594/1594/1594
f 1684/1684/1684 1594/1594/1594 1595/1595/1595
f 1685/1685/1685 1595/1595/1595 1596/1596/1596
f 1686/1686/1686 1596/1596/1596 1597/1597/1597
f 1687/1687/1687 1597/1597/1597 1598/1598/1598
f 1688/1688/1688 1598/1598/1598 1599/1599/1599
f 1689/1689/1689 1599/1599/1599 1600/1600/1600
f 1690/1690/1690 1600/1600/1600 1601/1601/1601
f 1691/1691/1691 1601/1601/1601 1602/1602/1602
f 1692/1692/1692 1602/1602/1602 1603/1603/1603
f 1693/1693/1693 1603/1603/1603 1604/1604/1604
f 1694/1694/1694 1604/1604/1604 1605/1605/1605
f 1695/1695/1695 1605/1605/1605 1606/1606/1606
f 1696/1696/1696 1606/1606/1606 1607/1607/1607
f 1697/1697/1697 1607/1607/1607 1608/1608/1608
f 1698/1698/1698 1608/1608/1608 1609/1609/1609
f 1699/1699/1699 1609/1609/1609 1610/1610/1610
f 1700/1700/1700 1610/1610/1610 1611/1611/1611
f 1701/1701/1701 1611/1611/1611 1612/1612/1612
f 1702/1702/1702 1612/1612/1612 1613/1613/1613
f 1703/1703/1703 1613/1613/1613 1614/1614/1614
f 1704/1704/1704 1614/1614/1614 1615/1615/1615
f 1705/1705/1705 1615/1615/1615 1616/1616/1616
f 1706/1706/1706 1616/1616/1616 1617/1617/1617
f 1707/1707/1707 1617/1617/1617 1618/1618/1618
f 1708/1708/1708 1618/1618/1618 1619/1619/1619
f 1709/1709/1709 1619/1619/1619 1620/1620/1620
f 1710/1710/1710 1620/1620/1620 1531/1531/1531
f 1711/1711/1711 1621/1621/1621 1622/1622/1622
f 1712/1712/1712 1622/1622/1622 1623/1623/1623
f 1713/1713/1713 1623/1623/1623 1624/1624/1624
f 1714/1714/1714 1624/1624/1624 1625/1625/1625
f 1715/1715/1715 1625/1625/1625 1626/1626/1626
f 1716/1716/1716 1626/1626/1626 1627/1627/1627
f 1717/1717/1717 1627/1627/1627 1628/1628/1628
f 1718/1718/1718 1628/1628/1628 1629/1629/1629
f 1719/1719/1719 1629/1629/1629 1630/1630/1630
f 1720/1720/1720 1630/1630/1630 1631/1631/1631
f 1721/1721/1721 1631/1631/1631 1632/1632/1632
f 1722/1722/1722 1632/1632/1632 1633/1633/1633
f 1723/1723/1723 1633/1633/1633 1634/1634/1634
f 1724/1724/1724 1634/1634/1634 1635/1635/1635
f 1725/1725/1725 1635/1635/1635 1636/1636/1636
f 1726/1726/1726 1636/1636/1636 1637/1637/1637
f 1727/1727/1727 1637/1637/1637 1638/1638/1638
f 1728/1728/1728 1638/1638/1638 1639/1639/1639
f 1729/1729/1729 1639/1639/1639 1640/1640/1640
f 1730/1730/1730 1640/1640/1640 1641/1641/1641
f 1731/1731/1731 1641/1641/1641 1642/1642/1642
f 1732/1732/1732 1642/1642/1642 1643/1643/1643
f 1733/1733/1733 1643/1643/1643 1644/1644/1644
f 1734/1734/1734 1644/1644/1644 1645/1645/1645
f 1735/1735/1735 1645/1645/1645 1646/1646/1646
f 1736/1736/1736 1646/1646/1646 1647/1647/1647
f 1737/1737/1737 1647/1647/1647 1648/1648/1648
f 1738/1738/1738 1648/1648/1648 1649/1649/1649
f 1739/1739/1739 1649/1649/1649 1650/1650/1650
f 1740/1740/1740 1650/1650/1650 1651/1651/1651
f 1741/1741/1741 1651/1651/1651 1652/1652/1652
f 1742/1742/1742 1652/1652/1652 1653/1653/1653
f 1743/1743/1743 1653/1653/1653 1654/1654/1654
f 1744/1744/1744 1654/1654/1654 1655/1655/1655
f 1745/1745/1745 1655/1655/1655 1656/1656/1656
f 1746/1746/1746 1656/1656/1656 1657/1657/1657
f 1747/1747/1747 1657/1657/1657 1658/1658/1658
f 1748/1748/1748 1658/1658/1658 1659/1659/1659
f 1749/1749/1749 1659/1659/1659 1660/1660/1660
f 1750/1750/1750 1660/1660/1660 1661/1661/1661
f 1751/1751/1751 1661/1661/1661 1662/1662/1662
f 1752/1752/1752 1662/1662/1662 1663/1663/1663
f 1753/1753/1753 1663/1663/1663 1664/1664/1664
f 1754/1754/1754 1664/1664/1664 1665/1665/1665
f 1755/1755/1755 1665/1665/1665 1666/1666/1666
f 1756/1756/1756 1666/1666/1666 1667/1667/1667
f 1757/1757/1757 1667/1667/1667 1668/1668/1668
f 1758/1758/1758 1668/1668/1668 1669/1669/1669
f 1759/1759/1759 1669/1669/1669 1670/1670/1670
f 1760/1760/1760 1670/1670/1670 1671/1671/1671
f 1761/1761/1761 1671/1671/1671 1672/1672/1672
f 1762/1762/1762 1672/1672/1672 1673/1673/1673
f 1763/1763/1763 1673/1673/1673 1674/1674/1674
f 1764/1764/1764 1674/1674/1674 1675/1675/1675
f 1765/1765/1765 1675/1675/1675 1676/1676/1676
f 1766/1766/1766 1676/1676/1676 1677/1677/1677
f 1767/1767/1767 1677/1677/1677 1678/1678/1678
f 1768/1768/1768 1678/1678/1678 1679/1679/1679
f 1769/1769/1769 1679/1679/1679 1680/1680/1680
f 1770/1770/1770 1680/1680/1680 1681/1681/1681
f 1771/1771/1771 1681/1681/1681 1682/1682/1682
f 1772/1772/1772 1682/1682/1682 1683/1683/1683
f 1773/1773/1773 1683/1683/1683 1684/1684/1684
f 1774/1774/1774 1684/1684/1684 1685/1685/1685
f 1775/1775/1775 1685/1685/1685 1686/1686/1686
f 1776/1776/1776 1686/1686/1686 1687/1687/1687
f 1777/1777/1777 1687/1687/1687 1688/1688/1688
f 1778/1778/1778 1688/1688/1688 1689/1689/1689
f 1779/1779/1779 1689/1689/1689 1690/1690/1690
f 1780/1780/1780 1690/1690/1690 1691/1691/1691
f 1781/1781/1781 1691/1691/1691 1692/1692/1692
f 1782/1782/1782 1692/1692/1692 1693/1693/1693
f 1783/1783/1783 1693/1693/1693 1694/1694/1694
f 1784/1784/1784 1694/1694/1694 1695/1695/1695
f 1785/1785/1785 1695/1695/1695 1696/1696/1696
f 1786/1786/1786 1696/1696/1696 1697/1697/1697
f 1787/1787/1787 1697/1697/1697 1698/1698/1698
f 1788/1788/1788 1698/1698/1698 1699/1699/1699
f 1789/1789/1789 1699/1699/1699 1700/1700/1700
f 1790/1790/1790 1700/1700/1700 1701/1701/1701
f 1791/1791/1791 1701/1701/1701 1702/1702/1702
f 1792/1792/1792 1702/1702/1702 1703/1703/1703
f 1793/1793/1793 1703/1703/1703 1704/1704/1704
f 1794/1794/1794 1704/1704/1704 1705/1705/1705
f 1795/1795/1795 1705/1705/1705 1706/1706/1706
f 1796/1796/1796 1706/1706/1706 1707/1707/1707
f 1797/1797/1797 1707/1707/1707 1708/1708/1708
f 1798/1798/1798 1708/1708/1708 1709/1709/1709
f 1799/1799/1799 1709/1709/1709 1710/1710/1710
f 1800/1800/1800 1710/1710/1710 1621/1621/1621
f 1801/1801/1801 1711/1711/1711 1712/1712/1712
f 1802/1802/1802 1712/1712/1712 1713/1713/1713
f 1803/1803/1803 1713/1713/1713 1714/1714/1714
f 1804/1804/1804 1714/1714/1714 1715/1715/1715
f 1805/1805/1805 1715/1715/1715 1716/1716/1716
f 1806/1806/1806 1716/1716/1716 1717/1717/1717
f 1807/1807/1807 1717/1717/1717 1718/1718/1718
f 1808/1808/1808 1718/1718/1718 1719/1719/1719
f 1809/1809/1809 1719/1719/1719 1720/1720/1720
f 1810/1810/1810 1720/1720/1720 1721/1721/1721
f 1811/1811/1811 1721/1721/1721 1722/1722/1722
f 1812/1812/1812 1722/1722/1722 1723/1723/1723
f 1813/1813/1813 1723/1723/1723 1724/1724/1724
f 1814/1814/1814 1724/1724/1724 1725/1725/1725
f 1815/1815/1815 1725/1725/1725 1726/1726/1726
f 1816/1816/1816 1726/1726/1726 1727/1727/1727
f 1817/1817/1817 1727/1727/1727 1728/1728/1728
f 1818/1818/1818 1728/1728/1728 1729/1729/1729
f 1819/1819/1819 1729/1729/1729 1730/1730/1730
f 1820/1820/1820 1730/1730/1730 1731/1731/1731
f 1821/1821/1821 1731/1731/1731 1732/1732/1732
f 1822/1822/1822 1732/1732/1732 1733/1733/1733
f 1823/1823/1823 1733/1733/1733 1734/1734/1734
f 1824/1824/1824 1734/1734/1734 1735/1735/1735
f 1825/1825/1825 1735/1735/1735 1736/1736/1736
f 1826/1826/1826 1736/1736/1736 1737/1737/1737
f 1827/1827/1827 1737/1737/1737 1738/1738/1738
f 1828/1828/1828 1738/1738/1738 1739/1739/1739
f 1829/1829/1829 1739/1739/1739 1740/1740/1740
f 1830/1830/1830 1740/1740/1740 1741/1741/1741
f 1831/1831/1831 1741/1741/1741 1742/1742/1742
f 1832/1832/1832 1742/1742/1742 1743/1743/1743
f 1833/1833/1833 1743/1743/1743 1744/1744/1744
f 1834/1834/1834 1744/1744/1744 1745/1745/1745
f 1835/1835/1835 1745/1745/1745 1746/1746/1746
f 1836/1836/1836 1746/1746/1746 1747/1747/1747
f 1837/1837/1837 1747/1747/1747 1748/1748/1748
f 1838/1838/1838 1748/1748/1748 1749/1749/1749
f 1839/1839/1839 1749/1749/1749 1750/1750/1750
f 1840/1840/1840 1750/1750/1750 1751/1751/1751
f 1841/1841/1841 1751/1751/1751 1752/1752/1752
f 1842/1842/1842 1752/1752/1752 1753/1753/1753
f 1843/1843/1843 1753/1753/1753 1754/1754/1754
f 1844/1844/1844 1754/1754/1754 1755/1755/1755
f 1845/1845/1845 1755/1755/1755 1756/1756/1756
f 1846/1846/1846 1756/1756/1756 1757/1757/1757
f 1847/1847/1847 1757/1757/1757 1758/1758/1758
f 1848/1848/1848 1758/1758/1758 1759/1759/1759
f 1849/1849/1849 1759/1759/1759 1760/1760/1760
f 1850/1850/1850 1760/1760/1760 1761/1761/1761
f 1851/1851/1851 1761/1761/1761 1762/1762/1762
f 1852/1852/1852 1762/1762/1762 1763/1763/1763
f 1853/1853/1853 1763/1763/1763 1764/1764/1764
f 1854/1854/1854 1764/1764/1764 1765/1765/1765
f 1855/1855/1855 1765/1765/1765 1766/1766/1766
f 1856/1856/1856 1766/1766/1766 1767/1767/1767
f 1857/1857/1857 1767/1767/1767 1768/1768/1768
f 1858/1858/1858 1768/1768/1768 1769/1769/1769
f 1859/1859/1859 1769/1769/1769 1770/1770/1770
f 1860/1860/1860 1770/1770/1770 1771/1771/1771
f 1861/1861/1861 1771/1771/1771 1772/1772/1772
f 1862/1862/1862 1772/1772/1772 1773/1773/1773
f 1863/1863/1863 1773/1773/1773 1774/1774/1774
f 1864/1864/1864 1774/1774/1774 1775/1775/1775
f 1865/1865/1865 1775/1775/1775 1776/1776/1776
f 1866/1866/1866 1776/1776/1776 1777/1777/1777
f 1867/1867/1867 1777/1777/1777 1778/1778/1778
f 1868/1868/1868 1778/1778/1778 1779/1779/1779
f 1869/1869/1869 1779/1779/1779 1780/1780/1780
f 1870/1870/1870 1780/1780/1780 1781/1781/1781
f 1871/1871/1871 1781/1781/1781 1782/1782/1782
f 1872/1872/1872 1782/1782/1782 1783/1783/1783
f 1873/1873/1873 1783/1783/1783 1784/1784/1784
f 1874/1874/1874 1784/1784/1784 1785/1785/1785
f 1875/1875/1875 1785/1785/1785 1786/1786/1786
f 1876/1876/1876 1786/1786/1786 1787/1787/1787
f 1877/1877/1877 1787/1787/1787 1788/1788/1788
f 1878/1878/1878 1788/1788/1788 1789/1789/1789
f 1879/1879/1879 1789/1789/1789 1790/1790/1790
f 1880/1880/1880 1790/1790/1790 1791/1791/1791
f 1881/1881/1881 1791/1791/1791 1792/1792/1792
f 1882/1882/1882 1792/1792/1792 1793/1793/1793
f 1883/1883/1883 1793/1793/1793 1794/1794/1794
f 1884/1884/1884 1794/1794/1794 1795/1795/1795
f 1885/1885/1885 1795/1795/1795 1796/1796/1796
f 1886/1886/1886 1796/1796/1796 1797/1797/1797
f 1887/1887/1887 1797/1797/1797 1798/1798/1798
f 1888/1888/1888 1798/1798/1798 1799/1799/1799
f 1889/1889/1889 1799/1799/1799 1800/1800/1800
f 1890/1890/1890 1800/1800/1800 1711/1711/1711
f 1891/1891/1891 1801/1801/1801 1802/1802/1802
f 1892/1892/1892 1802/1802/1802 1803/1803/1803
f 1893/1893/1893 1803/1803/1803 1804/1804/1804
f 1894/1894/1894 1804/1804/1804 1805/1805/1805
f 1895/1895/1895 1805/1805/1805 1806/1806/1806
f 1896/1896/1896 1806/1806/1806 1807/1807/1807
f 1897/1897/1897 1807/1807/1807 1808/1808/1808
f 1898/1898/1898 1808/1808/1808 1809/1809/1809
f 1899/1899/1899 1809/1809/1809 1810/1810/1810
f 1900/1900/1900 1810/1810/1810 1811/1811/1811
f 1901/1901/1901 1811/1811/1811 1812/1812/1812
f 1902/1902/1902 1812/1812/1812 1813/1813/1813
f 1903/1903/1903 1813/1813/1813 1814/1814/1814
f 1904/1904/1904 1814/1814/1814 1815/1815/1815
f 1905/1905/1905 1815/1815/1815 1816/1816/1816
f 1906/1906/1906 1816/1816/1816 1817/1817/1817
f 1907/1907/1907 1817/1817/1817 1818/1818/1818
f 1908/1908/1908 1818/1818/1818 1819/1819/1819
f 1909/1909/1909 1819/1819/1819 1820/1820/1820
f 1910/1910/1910 1820/1820/1820 1821/1821/1821
f 1911/1911/1911 1821/1821/1821 1822/1822/1822
f 1912/1912/1912 1822/1822/1822 1823/1823/1823
f 1913/1913/1913 1823/1823/1823 1824/1824/1824
f 1914/1914/1914 1824/1824/1824 1825/1825/1825
f 1915/1915/1915 1825/1825/1825 1826/1826/1826
f 1916/1916/1916 1826/1826/1826 1827/1827/1827
f 1917/1917/1917 1827/1827/1827 1828/1828/1828
f 1918/1918/1918 1828/1828/1828 1829/1829/1829
f 1919/1919/1919 1829/1829/1829 1830/1830/1830
f 1920/1920/1920 1830/1830/1830 1831/1831/1831
f 1921/1921/1921 1831/1831/1831 1832/1832/1832
f 1922/1922/1922 1832/1832/1832 1833/1833/1833
f 1923/1923/1923 1833/1833/1833 1834/1834/1834
f 1924/1924/1924 1834/1834/1834 1835/1835/1835
f 1925/1925/1925 1835/1835/1835 1836/1836/1836
f 1926/1926/1926 1836/1836/1836 1837/1837/1837
f 1927/1927/1927 1837/1837/1837 1838/1838/1838
f 1928/1928/1928 1838/1838/1838 1839/1839/1839
f 1929/1929/1929 1839/1839/1839 1840/1840/1840
f 1930/1930/1930 1840/1840/1840 1841/1841/1841
f 1931/1931/1931 1841/1841/1841 1842/1842/1842
f 1932/1932/1932 1842/1842/1842 1843/1843/1843
f 1933/1933/1933 1843/1843/1843 1844/1844/1844
f 1934/1934/1934 1844/1844/1844 1845/1845/1845
f 1935/1935/1935 1845/1845/1845 1846/1846/1846
f 1936/1936/1936 1846/1846/1846 1847/1847/1847
f 1937/1937/1937 1847/1847/1847 1848/1848/1848
f 1938/1938/1938 1848/1848/1848 1849/1849/1849
f 1939/1939/1939 1849/1849/1849 1850/1850/1850
f 1940/1940/1940 1850/1850/1850 1851/1851/1851
f 1941/1941/1941 1851/1851/1851 1852/1852/1852
f 1942/1942/1942 1852/1852/1852 1853/1853/1853
f 1943/1943/1943 1853/1853/1853 1854/1854/1854
f 1944/1944/1944 1854/1854/1854 1855/1855/1855
f 1945/1945/1945 1855/1855/1855 1856/1856/1856
f 1946/1946/1946 1856/1856/1856 1857/1857/1857
f 1947/1947/1947 1857/1857/1857 1858/1858/1858
f 1948/1948/1948 1858/1858/1858 1859/1859/1859
f 1949/1949/1949 1859/1859/1859 1860/1860/1860
f 1950/1950/1950 1860/1860/1860 1861/1861/1861
f 1951/1951/1951 1861/1861/1861 1862/1862/1862
f 1952/1952/1952 1862/1862/1862 1863/1863/1863
f 1953/1953/1953 1863/1863/1863 1864/1864/1864
f 1954/1954/1954 1864/1864/1864 1865/1865/1865
f 1955/1955/1955 1865/1865/1865 1866/1866/1866
f 1956/1956/1956 1866/1866/1866 1867/1867/1867
f 1957/1957/1957 1867/1867/1867 1868/1868/1868
f 1958/1958/1958 1868/1868/1868 1869/1869/1869
f 1959/1959/1959 1869/1869/1869 1870/1870/1870
f 1960/1960/1960 1870/1870/1870 1871/1871/1871
f 1961/1961/1961 1871/1871/1871 1872/1872/1872
f 1962/1962/1962 1872/1872/1872 1873/1873/1873
f 1963/1963/1963 1873/1873/1873 1874/1874/1874
f 1964/1964/1964 1874/1874/1874 1875/1875/1875
f 1965/1965/1965 1875/1875/1875 1876/1876/1876
f 1966/1966/1966 1876/1876/1876 1877/1877/1877
f 1967/1967/1967 1877/1877/1877 1878/1878/1878
f 1968/1968/1968 1878/1878/1878 1879/1879/1879
f 1969/1969/1969 1879/1879/1879 1880/1880/1880
f 1970/1970/1970 1880/1880/1880 1881/1881/1881
f 1971/1971/1971 1881/1881/1881 1882/1882/1882
f 1972/1972/1972 1882/1882/1882 1883/1883/1883
f 1973/1973/1973 1883/1883/1883 1884/1884/1884
f 1974/1974/1974 1884/1884/1884 1885/1885/1885
f 1975/1975/1975 1885/1885/1885 1886/1886/1886
f 1976/1976/1976 1886/1886/1886 1887/1887/1887
f 1977/1977/1977 1887/1887/1887 1888/1888/1888
f 1978/1978/1978 1888/1888/1888 1889/1889/1889
f 1979/1979/1979 1889/1889/1889 1890/1890/1890
f 1980/1980/1980 1890/1890/1890 1801/1801/1801
f 1981/1981/1981 1891/1891/1891 1892/1892/1892
f 1982/1982/1982 1892/1892/1892 1893/1893/1893
f 1983/1983/1983 1893/1893/1893 1894/1894/1894
f 1984/1984/1984 1894/1894/1894 1895/1895/1895
f 1985/1985/1985 1895/1895/1895 1896/1896/1896
f 1986/1986/1986 1896/1896/1896 1897/1897/1897
f 1987/1987/1987 1897/1897/1897 1898/1898/1898
f 1988/1988/1988 1898/1898/1898 1899/1899/1899
f 1989/1989/1989 1899/1899/1899 1900/1900/1900
f 1990/1990/1990 1900/1900/1900 1901/1901/1901
f 1991/1991/1991 1901/1901/1901 1902/1902/1902
f 1992/1992/1992 1902/1902/1902 1903/1903/1903
f 1993/1993/1993 1903/1903/1903 1904/1904/1904
f 1994/1994/1994 1904/1904/1904 1905/1905/1905
f 1995/1995/1995 1905/1905/1905 1906/1906/1906
f 1996/1996/1996 1906/1906/1906 1907/1907/1907
f 1997/1997/1997 1907/1907/1907 1908/1908/1908
f 1998/1998/1998 1908/1908/1908 1909/1909/1909
f 1999/1999/1999 1909/1909/1909 1910/1910/1910
f 2000/2000/2000 1910/1910/1910 1911/1911/1911
f 2001/2001/2001 1911/1911/1911 1912/1912/1912
f 2002/2002/2002 1912/1912/1912 1913/1913/1913
f 2003/2003/2003 1913/1913/1913 1914/1914/1914
f 2004/2004/2004 1914/1914/1914 1915/1915/1915
f 2005/2005/2005 1915/1915/1915 1916/1916/1916
f 2006/2006/2006 1916/1916/1916 1917/1917/1917
f 2007/2007/2007 1917/1917/1917 1918/1918/1918
f 2008/2008/2008 1918/1918/1918 1919/1919/1919
f 2009/2009/2009 1919/1919/1919 1920/1920/1920
f 2010/2010/2010 1920/1920/1920 1921/1921/1921
f 2011/2011/2011 1921/1921/1921 1922/1922/1922
f 2012/2012/2012 1922/1922/1922 1923/1923/1923
f 2013/2013/2013 1923/1923/1923 1924/1924/1924
f 2014/2014/2014 1924/1924/1924 1925/1925/1925
f 2015/2015/2015 1925/1925/1925 1926/1926/1926
f 2016/2016/2016 1926/1926/1926 1927/1927/1927
f 2017/2017/2017 1927/1927/1927 1928/1928/1928
f 2018/2018/2018 1928/1928/1928 1929/1929/1929
f 2019/2019/2019 1929/1929/1929 1930/1930/1930
f 2020/2020/2020 1930/1930/1930 1931/1931/1931
f 2021/2021/2021 1931/1931/1931 1932/1932/1932
f 2022/2022/2022 1932/1932/1932 1933/1933/1933
f 2023/2023/2023 1933/1933/1933 1934/1934/1934
f 2024/2024/2024 1934/1934/1934 1935/1935/1935
f 2025/2025/2025 1935/1935/1935 1936/1936/1936
f 2026/2026/2026 1936/1936/1936 1937/1937/1937
f 2027/2027/2027 1937/1937/1937 1938/1938/1938
f 2028/2028/2028 1938/1938/1938 1939/1939/1939
f 2029/2029/2029 1939/1939/1939 1940/1940/1940
f 2030/2030/2030 1940/1940/1940 1941/1941/1941
f 2031/2031/2031 1941/1941/1941 1942/1942/1942
f 2032/2032/2032 1942/1942/1942 1943/1943/1943
f 2033/2033/2033 1943/1943/1943 1944/1944/1944
f 2034/2034/2034 1944/1944/1944 1945/1945/1945
f 2035/2035/2035 1945/1945/1945 1946/1946/1946
f 2036/2036/2036 1946/1946/1946 1947/1947/1947
f 2037/2037/2037 1947/1947/1947 1948/1948/1948
f 2038/2038/2038 1948/1948/1948 1949/1949/1949
f 2039/2039/2039 1949/1949/1949 1950/1950/1950
f 2040/2040/2040 1950/1950/1950 1951/1951/1951
f 2041/2041/2041 1951/1951/1951 1952/1952/1952
f 2042/2042/2042 1952/1952/1952 1953/1953/1953
f 2043/2043/2043 1953/1953/1953 1954/1954/1954
f 2044/2044/2044 1954/1954/1954 1955/1955/1955
f 2045/2045/2045 1955/1955/1955 1956/1956/1956
f 2046/2046/2046 1956/1956/1956 1957/1957/1957
f 2047/2047/2047 1957/1957/1957 1958/1958/1958
f 2048/2048/2048 1958/1958/1958 1959/1959/1959
f 2049/2049/2049 1959/1959/1959 1960/1960/1960
f 2050/2050/2050 1960/1960/1960 1961/1961/1961
f 2051/2051/2051 1961/1961/1961 1962/1962/1962
f 2052/2052/2052 1962/1962/1962 1963/1963/1963
f 2053/2053/2053 1963/1963/1963 1964/1964/1964
f 2054/2054/2054 1964/1964/1964 1965/1965/1965
f 2055/2055/2055 1965/1965/1965 1966/1966/1966
f 2056/2056/2056 1966/1966/1966 1967/1967/1967
f 2057/2057/2057 1967/1967/1967 1968/1968/1968
f 2058/2058/2058 1968/1968/1968 1969/1969/1969
f 2059/2059/2059 1969/1969/1969 1970/1970/1970
f 2060/2060/2060 1970/1970/1970 1971/1971/1971
f 2061/2061/2061 1971/1971/1971 1972/1972/1972
f 2062/2062/2062 1972/1972/1972 1973/1973/1973
f 2063/2063/2063 1973/1973/1973 1974/1974/1974
f 2064/2064/2064 1974/1974/1974 1975/1975/1975
f 2065/2065/2065 1975/1975/1975 1976/1976/1976
f 2066/2066/2066 1976/1976/1976 1977/1977/1977
f 2067/2067/2067 1977/1977/1977 1978/1978/1978
f 2068/2068/2068 1978/1978/1978 1979/1979/1979
f 2069/2069/2069 1979/1979/1979 1980/1980/1980
f 2070/2070/2070 1980/1980/1980 1891/1891/1891
f 2071/2071/2071 2070/2070/2070 1981/1981/1981
f 2071/2072/2071 2069/2069/2069 2070/2070/2070
f 2071/2073/2071 2068/2068/2068 2069/2069/2069
f 2071/2074/2071 2067/2067/2067 2068/2068/2068
f 2071/2075/2071 2066/2066/2066 2067/2067/2067
f 2071/2076/2071 2065/2065/2065 2066/2066/2066
f 2071/2077/2071 2064/2064/2064 2065/2065/2065
f 2071/2078/2071 2063/2063/2063 2064/2064/2064
f 2071/2079/2071 2062/2062/2062 2063/2063/2063
f 2071/2080/2071 2061/2061/2061 2062/2062/2062
f 2071/2081/2071 2060/2060/2060 2061/2061/2061
f 2071/2082/2071 2059/2059/2059 2060/2060/2060
f 2071/2083/2071 2058/2058/2058 2059/2059/2059
f 2071/2084/2071 2057/2057/2057 2058/2058/2058
f 2071/2085/2071 2056/2056/2056 2057/2057/2057
f 2071/2086/2071 2055/2055/2055 2056/2056/2056
f 2071/2087/2071 2054/2054/2054 2055/2055/2055
f 2071/2088/2071 2053/2053/2053 2054/2054/2054
f 2071/2089/2071 2052/2052/2052 2053/2053/2053
f 2071/2090/2071 2051/2051/2051 2052/2052/2052
f 2071/2091/2071 2050/2050/2050 2051/2051/2051
f 2071/2092/2071 2049/2049/2049 2050/2050/2050
f 2071/2093/2071 2048/2048/2048 2049/2049/2049
f 2071/2094/2071 2047/2047/2047 2048/2048/2048
f 2071/2095/2071 2046/2046/2046 2047/2047/2047
f 2071/2096/2071 2045/2045/2045 2046/2046/2046
f 2071/2097/2071 2044/2044/2044 2045/2045/2045
f 2071/2098/2071 2043/2043/2043 2044/2044/2044
f 2071/2099/2071 2042/2042/2042 2043/2043/2043
f 2071/2100/2071 2041/2041/2041 2042/2042/2042
f 2071/2101/2071 2040/2040/2040 2041/2041/2041
f 2071/2102/2071 2039/2039/2039 2040/2040/2040
f 2071/2103/2071 2038/2038/2038 2039/2039/2039
f 2071/2104/2071 2037/2037/2037 2038/2038/2038
f 2071/2105/2071 2036/2036/2036 2037/2037/2037
f 2071/2106/2071 2035/2035/2035 2036/2036/2036
f 2071/2107/2071 2034/2034/2034 2035/2035/2035
f 2071/2108/2071 2033/2033/2033 2034/2034/2034
f 2071/2109/2071 2032/2032/2032 2033/2033/2033
f 2071/2110/2071 2031/2031/2031 2032/2032/2032
f 2071/2111/2071 2030/2030/2030 2031/2031/2031
f 2071/2112/2071 2029/2029/2029 2030/2030/2030
f 2071/2113/2071 2028/2028/2028 2029/2029/2029
f 2071/2114/2071 2027/2027/2027 2028/2028/2028
f 2071/2115/2071 2026/2026/2026 2027/2027/2027
f 2071/2116/2071 2025/2025/2025 2026/2026/2026
f 2071/2117/2071 2024/2024/2024 2025/2025/2025
f 2071/2118/2071 2023/2023/2023 2024/2024/2024
f 2071/2119/2071 2022/2022/2022 2023/2023/2023
f 2071/2120/2071 2021/2021/2021 2022/2022/2022
f 2071/2121/2071 2020/2020/2020 2021/2021/2021
f 2071/2122/2071 2019/2019/2019 2020/2020/2020
f 2071/2123/2071 2018/2018/2018 2019/2019/2019
f 2071/2124/2071 2017/2017/2017 2018/2018/2018
f 2071/2125/2071 2016/2016/2016 2017/2017/2017
f 2071/2126/2071 2015/2015/2015 2016/2016/2016
f 2071/2127/2071 2014/2014/2014 2015/2015/2015
f 2071/2128/2071 2013/2013/2013 2014/2014/2014
f 2071/2129/2071 2012/2012/2012 2013/2013/2013
f 2071/2130/2071 2011/2011/2011 2012/2012/2012
f 2071/2131/2071 2010/2010/2010 2011/2011/2011
f 2071/2132/2071 2009/2009/2009 2010/2010/2010
f 2071/2133/2071 2008/2008/2008 2009/2009/2009
f 2071/2134/2071 2007/2007/2007 2008/2008/2008
f 2071/2135/2071 2006/2006/2006 2007/2007/2007
f 2071/2136/2071 2005/2005/2005 2006/2006/2006
f 2071/2137/2071 2004/2004/2004 2005/2005/2005
f 2071/2138/2071 2003/2003/2003 2004/2004/2004
f 2071/2139/2071 2002/2002/2002 2003/2003/2003
f 2071/2140/2071 2001/2001/2001 2002/2002/2002
f 2071/2141/2071 2000/2000/2000 2001/2001/2001
f 2071/2142/2071 1999/1999/1999 2000/2000/2000
f 2071/2143/2071 1998/1998/1998 1999/1999/1999
f 2071/2144/2071 1997/1997/1997 1998/1998/1998
f 2071/2145/2071 1996/1996/1996 1997/1997/1997
f 2071/2146/2071 1995/1995/1995 1996/1996/1996
f 2071/2147/2071 1994/1994/1994 1995/1995/1995
f 2071/2148/2071 1993/1993/1993 1994/1994/1994
f 2071/2149/2071 1992/1992/1992 1993/1993/1993
f 2071/2150/2071 1991/1991/1991 1992/1992/1992
f 2071/2151/2071 1990/1990/1990 1991/1991/1991
f 2071/2152/2071 1989/1989/1989 1990/1990/1990
f 2071/2153/2071 1988/1988/1988 1989/1989/1989
f 2071/2154/2071 1987/1987/1987 1988/1988/1988
f 2071/2155/2071 1986/1986/1986 1987/1987/1987
f 2071/2156/2071 1985/1985/1985 1986/1986/1986
f 2071/2157/2071 1984/1984/1984 1985/1985/1985
f 2071/2158/2071 1983/1983/1983 1984/1984/1984
f 2071/2159/2071 1982/1982/1982 1983/1983/1983
f 2071/2160/2071 1981/1981/1981 1982/1982/1982
f 1891/1891/1891 1981/1981/1981 2070/2070/2070
f 1980/1980/1980 2070/2070/2070 2069/2069/2069
f 1979/1979/1979 2069/2069/2069 2068/2068/2068
f 1978/1978/1978 2068/2068/2068 2067/2067/2067
f 1977/1977/1977 2067/2067/2067 2066/2066/2066
f 1976/1976/1976 2066/2066/2066 2065/2065/2065
f 1975/1975/1975 2065/2065/2065 2064/2064/2064
f 1974/1974/1974 2064/2064/2064 2063/2063/2063
f 1973/1973/1973 2063/2063/2063 2062/2062/2062
f 1972/1972/1972 2062/2062/2062 2061/2061/2061
f 1971/1971/1971 2061/2061/2061 2060/2060/2060
f 1970/1970/1970 2060/2060/2060 2059/2059/2059
f 1969/1969/1969 2059/2059/2059 2058/2058/2058
f 1968/1968/1968 2058/2058/2058 2057/2057/2057
f 1967/1967/1967 2057/2057/2057 2056/2056/2056
f 1966/1966/1966 2056/2056/2056 2055/2055/2055
f 1965/1965/1965 2055/2055/2055 2054/2054/2054
f 1964/1964/1964 2054/2054/2054 2053/2053/2053
f 1963/1963/1963 2053/2053/2053 2052/2052/2052
f 1962/1962/1962 2052/2052/2052 2051/2051/2051
f 1961/1961/1961 2051/2051/2051 2050/2050/2050
f 1960/1960/1960 2050/2050/2050 2049/2049/2049
f 1959/1959/1959 2049/2049/2049 2048/2048/2048
f 1958/1958/1958 2048/2048/2048 2047/2047/2047
f 1957/1957/1957 2047/2047/2047 2046/2046/2046
f 1956/1956/1956 2046/2046/2046 2045/2045/2045
f 1955/1955/1955 2045/2045/2045 2044/2044/2044
f 1954/1954/1954 2044/2044/2044 2043/2043/2043
f 1953/1953/1953 2043/2043/2043 2042/2042/2042
f 1952/1952/1952 2042/2042/2042 2041/2041/2041
f 1951/1951/1951 2041/2041/2041 2040/2040/2040
f 1950/1950/1950 2040/2040/2040 2039/2039/2039
f 1949/1949/1949 2039/2039/2039 2038/2038/2038
f 1948/1948/1948 2038/2038/2038 2037/2037/2037
f 1947/1947/1947 2037/2037/2037 2036/2036/2036
f 1946/1946/1946 2036/2036/2036 2035/2035/2035
f 1945/1945/1945 2035/2035/2035 2034/2034/2034
f 1944/1944/1944 2034/2034/2034 2033/2033/2033
f 1943/1943/1943 2033/2033/2033 2032/2032/2032
f 1942/1942/1942 2032/2032/2032 2031/2031/2031
f 1941/1941/1941 2031/2031/2031 2030/2030/2030
f 1940/1940/1940 2030/2030/2030 2029/2029/2029
f 1939/1939/1939 2029/2029/2029 2028/2028/2028
f 1938/1938/1938 2028/2028/2028 2027/2027/2027
f 1937/1937/1937 2027/2027/2027 2026/2026/2026
f 1936/1936/1936 2026/2026/2026 2025/2025/2025
f 1935/1935/1935 2025/2025/2025 2024/2024/2024
f 1934/1934/1934 2024/2024/2024 2023/2023/2023
f 1933/1933/1933 2023/2023/2023 2022/2022/2022
f 1932/1932/1932 2022/2022/2022 2021/2021/2021
f 1931/1931/1931 2021/2021/2021 2020/2020/2020
f 1930/1930/1930 2020/2020/2020 2019/2019/2019
f 1929/1929/1929 2019/2019/2019 2018/2018/2018
f 1928/1928/1928 2018/2018/2018 2017/2017/2017
f 1927/1927/1927 2017/2017/2017 2016/2016/2016
f 1926/1926/1926 2016/2016/2016 2015/2015/2015
f 1925/1925/1925 2015/2015/2015 2014/2014/2014
f 1924/1924/1924 2014/2014/2014 2013/2013/2013
f 1923/1923/1923 2013/2013/2013 2012/2012/2012
f 1922/1922/1922 2012/2012/2012 2011/2011/2011
f 1921/1921/1921 2011/2011/2011 2010/2010/2010
f 1920/1920/1920 2010/2010/2010 2009/2009/2009
f 1919/1919/1919 2009/2009/2009 2008/2008/2008
f 1918/1918/1918 2008/2008/2008 2007/2007/2007
f 1917/1917/1917 2007/2007/2007 2006/2006/2006
f 1916/1916/1916 2006/2006/2006 2005/2005/2005
f 1915/1915/1915 2005/2005/2005 2004/2004/2004
f 1914/1914/1914 2004/2004/2004 2003/2003/2003
f 1913/1913/1913 2003/2003/2003 2002/2002/2002
f 1912/1912/1912 2002/2002/2002 2001/2001/2001
f 1911/1911/1911 2001/2001/2001 2000/2000/2000
f 1910/1910/1910 2000/2000/2000 1999/1999/1999
f 1909/1909/1909 1999/1999/1999 1998/1998/1998
f 1908/1908/1908 1998/1998/1998 1997/1997/1997
f 1907/1907/1907 1997/1997/1997 1996/1996/1996
f 1906/1906/1906 1996/1996/1996 1995/1995/1995
f 1905/1905/1905 1995/1995/1995 1994/1994/1994
f 1904/1904/1904 1994/1994/1994 1993/1993/1993
f 1903/1903/1903 1993/1993/1993 1992/1992/1992
f 1902/1902/1902 1992/1992/1992 1991/1991/1991
f 1901/1901/1901 1991/1991/1991 1990/1990/1990
f 1900/1900/1900 1990/1990/1990 1989/1989/1989
f 1899/1899/1899 1989/1989/1989 1988/1988/1988
f 1898/1898/1898 1988/1988/1988 1987/1987/1987
f 1897/1897/1897 1987/1987/1987 1986/1986/1986
f 1896/1896/1896 1986/1986/1986 1985/1985/1985
f 1895/1895/1895 1985/1985/1985 1984/1984/1984
f 1894/1894/1894 1984/1984/1984 1983/1983/1983
f 1893/1893/1893 1983/1983/1983 1982/1982/1982
f 1892/1892/1892 1982/1982/1982 1981/1981/1981
f 1801/1801/1801 1891/1891/1891 1980/1980/1980
f 1890/1890/1890 1980/1980/1980 1979/1979/1979
f 1889/1889/1889 1979/1979/1979 1978/1978/1978
f 1888/1888/1888 1978/1978/1978 1977/1977/1977
f 1887/1887/1887 1977/1977/1977 1976/1976/1976
f 1886/1886/1886 1976/1976/1976 1975/1975/1975
f 1885/1885/1885 1975/1975/1975 1974/1974/1974
f 1884/1884/1884 1974/1974/1974 1973/1973/1973
f 1883/1883/1883 1973/1973/1973 1972/1972/1972
f 1882/1882/1882 1972/1972/1972 1971/1971/1971
f 1881/1881/1881 1971/1971/1971 1970/1970/1970
f 1880/1880/1880 1970/1970/1970 1969/1969/1969
f 1879/1879/1879 1969/1969/1969 1968/1968/1968
f 1878/1878/1878 1968/1968/1968 1967/1967/1967
f 1877/1877/1877 1967/1967/1967 1966/1966/1966
f 1876/1876/1876 1966/1966/1966 1965/1965/1965
f 1875/1875/1875 1965/1965/1965 1964/1964/1964
f 1874/1874/1874 1964/1964/1964 1963/1963/1963
f 1873/1873/1873 1963/1963/1963 1962/1962/1962
f 1872/1872/1872 1962/1962/1962 1961/1961/1961
f 1871/1871/1871 1961/1961/1961 1960/1960/1960
f 1870/1870/1870 1960/1960/1960 1959/1959/1959
f 1869/1869/1869 1959/1959/1959 1958/1958/1958
f 1868/1868/1868 1958/1958/1958 1957/1957/1957
f 1867/1867/1867 1957/1957/1957 1956/1956/1956
f 1866/1866/1866 1956/1956/1956 1955/1955/1955
f 1865/1865/1865 1955/1955/1955 1954/1954/1954
f 1864/1864/1864 1954/1954/1954 1953/1953/1953
f 1863/1863/1863 1953/1953/1953 1952/1952/1952
f 1862/1862/1862 1952/1952/1952 1951/1951/1951
f 1861/1861/1861 1951/1951/1951 1950/1950/1950
f 1860/1860/1860 1950/1950/1950 1949/1949/1949
f 1859/1859/1859 1949/1949/1949 1948/1948/1948
f 1858/1858/1858 1948/1948/1948 1947/1947/1947
f 1857/1857/1857 1947/1947/1947 1946/1946/1946
f 1856/1856/1856 1946/1946/1946 1945/1945/1945
f 1855/1855/1855 1945/1945/1945 1944/1944/1944
f 1854/1854/1854 1944/1944/1944 1943/1943/1943
f 1853/1853/1853 1943/1943/1943 1942/1942/1942
f 1852/1852/1852 1942/1942/1942 1941/1941/1941
f 1851/1851/1851 1941/1941/1941 1940/1940/1940
f 1850/1850/1850 1940/1940/1940 1939/1939/1939
f 1849/1849/1849 1939/1939/1939 1938/1938/1938
f 1848/1848/1848 1938/1938/1938 1937/1937/1937
f 1847/1847/1847 1937/1937/1937 1936/1936/1936
f 1846/1846/1846 1936/1936/1936 1935/1935/1935
f 1845/1845/1845 1935/1935/1935 1934/1934/1934
f 1844/1844/1844 1934/1934/1934 1933/1933/1933
f 1843/1843/1843 1933/1933/1933 1932/1932/1932
f 1842/1842/1842 1932/1932/1932 1931/1931/1931
f 1841/1841/1841 1931/1931/1931 1930/1930/1930
f 1840/1840/1840 1930/1930/1930 1929/1929/1929
f 1839/1839/1839 1929/1929/1929 1928/1928/1928
f 1838/1838/1838 1928/1928/1928 1927/1927/1927
f 1837/1837/1837 1927/1927/1927 1926/1926/1926
f 1836/1836/1836 1926/1926/1926 1925/1925/1925
f 1835/1835/1835 1925/1925/1925 1924/1924/1924
f 1834/1834/1834 1924/1924/1924 1923/1923/1923
f 1833/1833/1833 1923/1923/1923 1922/1922/1922
f 1832/1832/1832 1922/1922/1922 1921/1921/1921
f 1831/1831/1831 1921/1921/1921 1920/1920/1920
f 1830/1830/1830 1920/1920/1920 1919/1919/1919
f 1829/1829/1829 1919/1919/1919 1918/1918/1918
f 1828/1828/1828 1918/1918/1918 1917/1917/1917
f 1827/1827/1827 1917/1917/1917 1916/1916/1916
f 1826/1826/1826 1916/1916/1916 1915/1915/1915
f 1825/1825/1825 1915/1915/1915 1914/1914/1914
f 1824/1824/1824 1914/1914/1914 1913/1913/1913
f 1823/1823/1823 1913/1913/1913 1912/1912/1912
f 1822/1822/1822 1912/1912/1912 1911/1911/1911
f 1821/1821/1821 1911/1911/1911 1910/1910/1910
f 1820/1820/1820 1910/1910/1910 1909/1909/1909
f 1819/1819/1819 1909/1909/1909 1908/1908/1908
f 1818/1818/1818 1908/1908/1908 1907/1907/1907
f 1817/1817/1817 1907/1907/1907 1906/1906/1906
f 1816/1816/1816 1906/1906/1906 1905/1905/1905
f 1815/1815/1815 1905/1905/1905 1904/1904/1904
f 1814/1814/1814 1904/1904/1904 1903/1903/1903
f 1813/1813/1813 1903/1903/1903 1902/1902/1902
f 1812/1812/1812 1902/1902/1902 1901/1901/1901
f 1811/1811/1811 1901/1901/1901 1900/1900/1900
f 1810/1810/1810 1900/1900/1900 1899/1899/1899
f 1809/1809/1809 1899/1899/1899 1898/1898/1898
f 1808/1808/1808 1898/1898/1898 1897/1897/1897
f 1807/1807/1807 1897/1897/1897 1896/1896/1896
f 1806/1806/1806 1896/1896/1896 1895/1895/1895
f 1805/1805/1805 1895/1895/1895 1894/1894/1894
f 1804/1804/1804 1894/1894/1894 1893/1893/1893
f 1803/1803/1803 1893/1893/1893 1892/1892/1892
f 1802/1802/1802 1892/1892/1892 1891/1891/1891
f 1711/1711/1711 1801/1801/1801 1890/1890/1890
f 1800/1800/1800 1890/1890/1890 1889/1889/1889
f 1799/1799/1799 1889/1889/1889 1888/1888/1888
f 1798/1798/1798 1888/1888/1888 1887/1887/1887
f 1797/1797/1797 1887/1887/1887 1886/1886/1886
f 1796/1796/1796 1886/1886/1886 1885/1885/1885
f 1795/1795/1795 1885/1885/1885 1884/1884/1884
f 1794/1794/1794 1884/1884/1884 1883/1883/1883
f 1793/1793/1793 1883/1883/1883 1882/1882/1882
f 1792/1792/1792 1882/1882/1882 1881/1881/1881
f 1791/1791/1791 1881/1881/1881 1880/1880/1880
f 1790/1790/1790 1880/1880/1880 1879/1879/1879
f 1789/1789/1789 1879/1879/1879 1878/1878/1878
f 1788/1788/1788 1878/1878/1878 1877/1877/1877
f 1787/1787/1787 1877/1877/1877 1876/1876/1876
f 1786/1786/1786 1876/1876/1876 1875/1875/1875
f 1785/1785/1785 1875/1875/1875 1874/1874/1874
f 1784/1784/1784 1874/1874/1874 1873/1873/1873
f 1783/1783/1783 1873/1873/1873 1872/1872/1872
f 1782/1782/1782 1872/1872/1872 1871/1871/1871
f 1781/1781/1781 1871/1871/1871 1870/1870/1870
f 1780/1780/1780 1870/1870/1870 1869/1869/1869
f 1779/1779/1779 1869/1869/1869 1868/1868/1868
f 1778/1778/1778 1868/1868/1868 1867/1867/1867
f 1777/1777/1777 1867/1867/1867 1866/1866/1866
f 1776/1776/1776 1866/1866/1866 1865/1865/1865
f 1775/1775/1775 1865/1865/1865 1864/1864/1864
f 1774/1774/1774 1864/1864/1864 1863/1863/1863
f 1773/1773/1773 1863/1863/1863 1862/1862/1862
f 1772/1772/1772 1862/1862/1862 1861/1861/1861
f 1771/1771/1771 1861/1861/1861 1860/1860/1860
f 1770/1770/1770 1860/1860/1860 1859/1859/1859
f 1769/1769/1769 1859/1859/1859 1858/1858/1858
f 1768/1768/1768 1858/1858/1858 1857/1857/1857
f 1767/1767/1767 1857/1857/1857 1856/1856/1856
f 1766/1766/1766 1856/1856/1856 1855/1855/1855
f 1765/1765/1765 1855/1855/1855 1854/1854/1854
f 1764/1764/1764 1854/1854/1854 1853/1853/1853
f 1763/1763/1763 1853/1853/1853 1852/1852/1852
f 1762/1762/1762 1852/1852/1852 1851/1851/1851
f 1761/1761/1761 1851/1851/1851 1850/1850/1850
f 1760/1760/1760 1850/1850/1850 1849/1849/1849
f 1759/1759/1759 1849/1849/1849 1848/1848/1848
f 1758/1758/1758 1848/1848/1848 1847/1847/1847
f 1757/1757/1757 1847/1847/1847 1846/1846/1846
f 1756/1756/1756 1846/1846/1846 1845/1845/1845
f 1755/1755/1755 1845/1845/1845 1844/1844/1844
f 1754/1754/1754 1844/1844/1844 1843/1843/1843
f 1753/1753/1753 1843/1843/1843 1842/1842/1842
f 1752/1752/1752 1842/1842/1842 1841/1841/1841
f 1751/1751/1751 1841/1841/1841 1840/1840/1840
f 1750/1750/1750 1840/1840/1840 1839/1839/1839
f 1749/1749/1749 1839/1839/1839 1838/1838/1838
f 1748/1748/1748 1838/1838/1838 1837/1837/1837
f 1747/1747/1747 1837/1837/1837 1836/1836/1836
f 1746/1746/1746 1836/1836/1836 1835/1835/1835
f 1745/1745/1745 1835/1835/1835 1834/1834/1834
f 1744/1744/1744 1834/1834/1834 1833/1833/1833
f 1743/1743/1743 1833/1833/1833 1832/1832/1832
f 1742/1742/1742 1832/1832/1832 1831/1831/1831
f 1741/1741/1741 1831/1831/1831 1830/1830/1830
f 1740/1740/1740 1830/1830/1830 1829/1829/1829
f 1739/1739/1739 1829/1829/1829 1828/1828/1828
f 1738/1738/1738 1828/1828/1828 1827/1827/1827
f 1737/1737/1737 1827/1827/1827 1826/1826/1826
f 1736/1736/1736 1826/1826/1826 1825/1825/1825
f 1735/1735/1735 1825/1825/1825 1824/1824/1824
f 1734/1734/1734 1824/1824/1824 1823/1823/1823
f 1733/1733/1733 1823/1823/1823 1822/1822/1822
f 1732/1732/1732 1822/1822/1822 1821/1821/1821
f 1731/1731/1731 1821/1821/1821 1820/1820/1820
f 1730/1730/1730 1820/1820/1820 1819/1819/1819
f 1729/1729/1729 1819/1819/1819 1818/1818/1818
f 1728/1728/1728 1818/1818/1818 1817/1817/1817
f 1727/1727/1727 1817/1817/1817 1816/1816/1816
f 1726/1726/1726 1816/1816/1816 1815/1815/1815
f 1725/1725/1725 1815/1815/1815 1814/1814/1814
f 1724/1724/1724 1814/1814/1814 1813/1813/1813
f 1723/1723/1723 1813/1813/1813 1812/1812/1812
f 1722/1722/1722 1812/1812/1812 1811/1811/1811
f 1721/1721/1721 1811/1811/1811 1810/1810/1810
f 1720/1720/1720 1810/1810/1810 1809/1809/1809
f 1719/1719/1719 1809/1809/1809 1808/1808/1808
f 1718/1718/1718 1808/1808/1808 1807/1807/1807
f 1717/1717/1717 1807/1807/1807 1806/1806/1806
f 1716/1716/1716 1806/1806/1806 1805/1805/1805
f 1715/1715/1715 1805/1805/1805 1804/1804/1804
f 1714/1714/1714 1804/1804/1804 1803/1803/1803
f 1713/1713/1713 1803/1803/1803 1802/1802/1802
f 1712/1712/1712 1802/1802/1802 1801/1801/1801
f 1621/1621/1621 1711/1711/1711 1800/1800/1800
f 1710/1710/1710 1800/1800/1800 1799/1799/1799
f 1709/1709/1709 1799/1799/1799 1798/1798/1798
f 1708/1708/1708 1798/1798/1798 1797/1797/1797
f 1707/1707/1707 1797/1797/1797 1796/1796/1796
f 1706/1706/1706 1796/1796/1796 1795/1795/1795
f 1705/1705/1705 1795/1795/1795 1794/1794/1794
f 1704/1704/1704 1794/1794/1794 1793/1793/1793
f 1703/1703/1703 1793/1793/1793 1792/1792/1792
f 1702/1702/1702 1792/1792/1792 1791/1791/1791
f 1701/1701/1701 1791/1791/1791 1790/1790/1790
f 1700/1700/1700 1790/1790/1790 1789/1789/1789
f 1699/1699/1699 1789/1789/1789 1788/1788/1788
f 1698/1698/1698 1788/1788/1788 1787/1787/1787
f 1697/1697/1697 1787/1787/1787 1786/1786/1786
f 1696/1696/1696 1786/1786/1786 1785/1785/1785
f 1695/1695/1695 1785/1785/1785 1784/1784/1784
f 1694/1694/1694 1784/1784/1784 1783/1783/1783
f 1693/1693/1693 1783/1783/1783 1782/1782/1782
f 1692/1692/1692 1782/1782/1782 1781/1781/1781
f 1691/1691/1691 1781/1781/1781 1780/1780/1780
f 1690/1690/1690 1780/1780/1780 1779/1779/1779
f 1689/1689/1689 1779/1779/1779 1778/1778/1778
f 1688/1688/1688 1778/1778/1778 1777/1777/1777
f 1687/1687/1687 1777/1777/1777 1776/1776/1776
f 1686/1686/1686 1776/1776/1776 1775/1775/1775
f 1685/1685/1685 1775/1775/1775 1774/1774/1774
f 1684/1684/1684 1774/1774/1774 1773/1773/1773
f 1683/1683/1683 1773/1773/1773 1772/1772/1772
f 1682/1682/1682 1772/1772/1772 1771/1771/1771
f 1681/1681/1681 1771/1771/1771 1770/1770/1770
f 1680/1680/1680 1770/1770/1770 1769/1769/1769
f 1679/1679/1679 1769/1769/1769 1768/1768/1768
f 1678/1678/1678 1768/1768/1768 1767/1767/1767
f 1677/1677/1677 1767/1767/1767 1766/1766/1766
f 1676/1676/1676 1766/1766/1766 1765/1765/1765
f 1675/1675/1675 1765/1765/1765 1764/1764/1764
f 1674/1674/1674 1764/1764/1764 1763/1763/1763
f 1673/1673/1673 1763/1763/1763 1762/1762/1762
f 1672/1672/1672 1762/1762/1762 1761/1761/1761
f 1671/1671/1671 1761/1761/1761 1760/1760/1760
f 1670/1670/1670 1760/1760/1760 1759/1759/1759
f 1669/1669/1669 1759/1759/1759 1758/1758/1758
f 1668/1668/1668 1758/1758/1758 1757/1757/1757
f 1667/1667/1667 1757/1757/1757 1756/1756/1756
f 1666/1666/1666 1756/1756/1756 1755/1755/1755
f 1665/1665/1665 1755/1755/1755 1754/1754/1754
f 1664/1664/1664 1754/1754/1754 1753/1753/1753
f 1663/1663/1663 1753/1753/1753 1752/1752/1752
f 1662/1662/1662 1752/1752/1752 1751/1751/1751
f 1661/1661/1661 1751/1751/1751 1750/1750/1750
f 1660/1660/1660 1750/1750/1750 1749/1749/1749
f 1659/1659/1659 1749/1749/1749 1748/1748/1748
f 1658/1658/1658 1748/1748/1748 1747/1747/1747
f 1657/1657/1657 1747/1747/1747 1746/1746/1746
f 1656/1656/1656 1746/1746/1746 1745/1745/1745
f 1655/1655/1655 1745/1745/1745 1744/1744/1744
f 1654/1654/1654 1744/1744/1744 1743/1743/1743
f 1653/1653/1653 1743/1743/1743 1742/1742/1742
f 1652/1652/1652 1742/1742/1742 1741/1741/1741
f 1651/1651/1651 1741/1741/1741 1740/1740/1740
f 1650/1650/1650 1740/1740/1740 1739/1739/1739
f 1649/1649/1649 1739/1739/1739 1738/1738/1738
f 1648/1648/1648 1738/1738/1738 1737/1737/1737
f 1647/1647/1647 1737/1737/1737 1736/1736/1736
f 1646/1646/1646 1736/1736/1736 1735/1735/1735
f 1645/1645/1645 1735/1735/1735 1734/1734/1734
f 1644/1644/1644 1734/1734/1734 1733/1733/1733
f 1643/1643/1643 1733/1733/1733 1732/1732/1732
f 1642/1642/1642 1732/1732/1732 1731/1731/1731
f 1641/1641/1641 1731/1731/1731 1730/1730/1730
f 1640/1640/1640 1730/1730/1730 1729/1729/1729
f 1639/1639/1639 1729/1729/1729 1728/1728/1728
f 1638/1638/1638 1728/1728/1728 1727/1727/1727
f 1637/1637/1637 1727/1727/1727 1726/1726/1726
f 1636/1636/1636 1726/1726/1726 1725/1725/1725
f 1635/1635/1635 1725/1725/1725 1724/1724/1724
f 1634/1634/1634 1724/1724/1724 1723/1723/1723
f 1633/1633/1633 1723/1723/1723 1722/1722/1722
f 1632/1632/1632 1722/1722/1722 1721/1721/1721
f 1631/1631/1631 1721/1721/1721 1720/1720/1720
f 1630/1630/1630 1720/1720/1720 1719/1719/1719
f 1629/1629/1629 1719/1719/1719 1718/1718/1718
f 1628/1628/1628 1718/1718/1718 1717/1717/1717
f 1627/1627/1627 1717/1717/1717 1716/1716/1716
f 1626/1626/1626 1716/1716/1716 1715/1715/1715
f 1625/1625/1625 1715/1715/1715 1714/1714/1714
f 1624/1624/1624 1714/1714/1714 1713/1713/1713
f 1623/1623/1623 1713/1713/1713 1712/1712/1712
f 1622/1622/1622 1712/1712/1712 1711/1711/1711
f 1531/1531/1531 1621/1621/1621 1710/1710/1710
f 1620/1620/1620 1710/1710/1710 1709/1709/1709
f 1619/1619/1619 1709/1709/1709 1708/1708/1708
f 1618/1618/1618 1708/1708/1708 1707/1707/1707
f 1617/1617/1617 1707/1707/1707 1706/1706/1706
f 1616/1616/1616 1706/1706/1706 1705/1705/1705
f 1615/1615/1615 1705/1705/1705 1704/1704/1704
f 1614/1614/1614 1704/1704/1704 1703/1703/1703
f 1613/1613/1613 1703/1703/1703 1702/1702/1702
f 1612/1612/1612 1702/1702/1702 1701/1701/1701
f 1611/1611/1611 1701/1701/1701 1700/1700/1700
f 1610/1610/1610 1700/1700/1700 1699/1699/1699
f 1609/1609/1609 1699/1699/1699 1698/1698/1698
f 1608/1608/1608 1698/1698/1698 1697/1697/1697
f 1607/1607/1607 1697/1697/1697 1696/1696/1696
f 1606/1606/1606 1696/1696/1696 1695/1695/1695
f 1605/1605/1605 1695/1695/1695 1694/1694/1694
f 1604/1604/1604 1694/1694/1694 1693/1693/1693
f 1603/1603/1603 1693/1693/1693 1692/1692/1692
f 1602/1602/1602 1692/1692/1692 1691/1691/1691
f 1601/1601/1601 1691/1691/1691 1690/1690/1690
f 1600/1600/1600 1690/1690/1690 1689/1689/1689
f 1599/1599/1599 1689/1689/1689 1688/1688/1688
f 1598/1598/1598 1688/1688/1688 1687/1687/1687
f 1597/1597/1597 1687/1687/1687 1686/1686/1686
f 1596/1596/1596 1686/1686/1686 1685/1685/1685
f 1595/1595/1595 1685/1685/1685 1684/1684/1684
f 1594/1594/1594 1684/1684/1684 1683/1683/1683
f 1593/1593/1593 1683/1683/1683 1682/1682/1682
f 1592/1592/1592 1682/1682/1682 1681/1681/1681
f 1591/1591/1591 1681/1681/1681 1680/1680/1680
f 1590/1590/1590 1680/1680/1680 1679/1679/1679
f 1589/1589/1589 1679/1679/1679 1678/1678/1678
f 1588/1588/1588 1678/1678/1678 1677/1677/1677
f 1587/1587/1587 1677/1677/1677 1676/1676/1676
f 1586/1586/1586 1676/1676/1676 1675/1675/1675
f 1585/1585/1585 1675/1675/1675 1674/1674/1674
f 1584/1584/1584 1674/1674/1674 1673/1673/1673
f 1583/1583/1583 1673/1673/1673 1672/1672/1672
f 1582/1582/1582 1672/1672/1672 1671/1671/1671
f 1581/1581/1581 1671/1671/1671 1670/1670/1670
f 1580/1580/1580 1670/1670/1670 1669/1669/1669
f 1579/1579/1579 1669/1669/1669 1668/1668/1668
f 1578/1578/1578 1668/1668/1668 1667/1667/1667
f 1577/1577/1577 1667/1667/1667 1666/1666/1666
f 1576/1576/1576 1666/1666/1666 1665/1665/1665
f 1575/1575/1575 1665/1665/1665 1664/1664/1664
f 1574/1574/1574 1664/1664/1664 1663/1663/1663
f 1573/1573/1573 1663/1663/1663 1662/1662/1662
f 1572/1572/1572 1662/1662/1662 1661/1661/1661
f 1571/1571/1571 1661/1661/1661 1660/1660/1660
f 1570/1570/1570 1660/1660/1660 1659/1659/1659
f 1569/1569/1569 1659/1659/1659 1658/1658/1658
f 1568/1568/1568 1658/1658/1658 1657/1657/1657
f 1567/1567/1567 1657/1657/1657 1656/1656/1656
f 1566/1566/1566 1656/1656/1656 1655/1655/1655
f 1565/1565/1565 1655/1655/1655 1654/1654/1654
f 1564/1564/1564 1654/1654/1654 1653/1653/1653
f 1563/1563/1563 1653/1653/1653 1652/1652/1652
f 1562/1562/1562 1652/1652/1652 1651/1651/1651
f 1561/1561/1561 1651/1651/1651 1650/1650/1650
f 1560/1560/1560 1650/1650/1650 1649/1649/1649
f 1559/1559/1559 1649/1649/1649 1648/1648/1648
f 1558/1558/1558 1648/1648/1648 1647/1647/1647
f 1557/1557/1557 1647/1647/1647 1646/1646/1646
f 1556/1556/1556 1646/1646/1646 1645/1645/1645
f 1555/1555/1555 1645/1645/1645 1644/1644/1644
f 1554/1554/1554 1644/1644/1644 1643/1643/1643
f 1553/1553/1553 1643/1643/1643 1642/1642/1642
f 1552/1552/1552 1642/1642/1642 1641/1641/1641
f 1551/1551/1551 1641/1641/1641 1640/1640/1640
f 1550/1550/1550 1640/1640/1640 1639/1639/1639
f 1549/1549/1549 1639/1639/1639 1638/1638/1638
f 1548/1548/1548 1638/1638/1638 1637/1637/1637
f 1547/1547/1547 1637/1637/1637 1636/1636/1636
f 1546/1546/1546 1636/1636/1636 1635/1635/1635
f 1545/1545/1545 1635/1635/1635 1634/1634/1634
f 1544/1544/1544 1634/1634/1634 1633/1633/1633
f 1543/1543/1543 1633/1633/1633 1632/1632/1632
f 1542/1542/1542 1632/1632/1632 1631/1631/1631
f 1541/1541/1541 1631/1631/1631 1630/1630/1630
f 1540/1540/1540 1630/1630/1630 1629/1629/1629
f 1539/1539/1539 1629/1629/1629 1628/1628/1628
f 1538/1538/1538 1628/1628/1628 1627/1627/1627
f 1537/1537/1537 1627/1627/1627 1626/1626/1626
f 1536/1536/1536 1626/1626/1626 1625/1625/1625
f 1535/1535/1535 1625/1625/1625 1624/1624/1624
f 1534/1534/1534 1624/1624/1624 1623/1623/1623
f 1533/1533/1533 1623/1623/1623 1622/1622/1622
f 1532/1532/1532 1622/1622/1622 1621/1621/1621
f 1441/1441/1441 1531/1531/1531 1620/1620/1620
f 1530/1530/1530 1620/1620/1620 1619/1619/1619
f 1529/1529/1529 1619/1619/1619 1618/1618/1618
f 1528/1528/1528 1618/1618/1618 1617/1617/1617
f 1527/1527/1527 1617/1617/1617 1616/1616/1616
f 1526/1526/1526 1616/1616/1616 1615/1615/1615
f 1525/1525/1525 1615/1615/1615 1614/1614/1614
f 1524/1524/1524 1614/1614/1614 1613/1613/1613
f 1523/1523/1523 1613/1613/1613 1612/1612/1612
f 1522/1522/1522 1612/1612/1612 1611/1611/1611
f 1521/1521/1521 1611/1611/1611 1610/1610/1610
f 1520/1520/1520 1610/1610/1610 1609/1609/1609
f 1519/1519/1519 1609/1609/1609 1608/1608/1608
f 1518/1518/1518 1608/1608/1608 1607/1607/1607
f 1517/1517/1517 1607/1607/1607 1606/1606/1606
f 1516/1516/1516 1606/1606/1606 1605/1605/1605
f 1515/1515/1515 1605/1605/1605 1604/1604/1604
f 1514/1514/1514 1604/1604/1604 1603/1603/1603
f 1513/1513/1513 1603/1603/1603 1602/1602/1602
f 1512/1512/1512 1602/1602/1602 1601/1601/1601
f 1511/1511/1511 1601/1601/1601 1600/1600/1600
f 1510/1510/1510 1600/1600/1600 1599/1599/1599
f 1509/1509/1509 1599/1599/1599 1598/1598/1598
f 1508/1508/1508 1598/1598/1598 1597/1597/1597
f 1507/1507/1507 1597/1597/1597 1596/1596/1596
f 1506/1506/1506 1596/1596/1596 1595/1595/1595
f 1505/1505/1505 1595/1595/1595 1594/1594/1594
f 1504/1504/1504 1594/1594/1594 1593/1593/1593
f 1503/1503/1503 1593/1593/1593 1592/1592/1592
f 1502/1502/1502 1592/1592/1592 1591/1591/1591
f 1501/1501/1501 1591/1591/1591 1590/1590/1590
f 1500/1500/1500 1590/1590/1590 1589/1589/1589
f 1499/1499/1499 1589/1589/1589 1588/1588/1588
f 1498/1498/1498 1588/1588/1588 1587/1587/1587
f 1497/1497/1497 1587/1587/1587 1586/1586/1586
f 1496/1496/1496 1586/1586/1586 1585/1585/1585
f 1495/1495/1495 1585/1585/1585 1584/1584/1584
f 1494/1494/1494 1584/1584/1584 1583/1583/1583
f 1493/1493/1493 1583/1583/1583 1582/1582/1582
f 1492/1492/1492 1582/1582/1582 1581/1581/1581
f 1491/1491/1491 1581/1581/1581 1580/1580/1580
f 1490/1490/1490 1580/1580/1580 1579/1579/1579
f 1489/1489/1489 1579/1579/1579 1578/1578/1578
f 1488/1488/1488 1578/1578/1578 1577/1577/1577
f 1487/1487/1487 1577/1577/1577 1576/1576/1576
f 1486/1486/1486 1576/1576/1576 1575/1575/1575
f 1485/1485/1485 1575/1575/1575 1574/1574/1574
f 1484/1484/1484 1574/1574/1574 1573/1573/1573
f 1483/1483/1483 1573/1573/1573 1572/1572/1572
f 1482/1482/1482 1572/1572/1572 1571/1571/1571
f 1481/1481/1481 1571/1571/1571 1570/1570/1570
f 1480/1480/1480 1570/1570/1570 1569/1569/1569
f 1479/1479/1479 1569/1569/1569 1568/1568/1568
f 1478/1478/1478 1568/1568/1568 1567/1567/1567
f 1477/1477/1477 1567/1567/1567 1566/1566/1566
f 1476/1476/1476 1566/1566/1566 1565/1565/1565
f 1475/1475/1475 1565/1565/1565 1564/1564/1564
f 1474/1474/1474 1564/1564/1564 1563/1563/1563
f 1473/1473/1473 1563/1563/1563 1562/1562/1562
f 1472/1472/1472 1562/1562/1562 1561/1561/1561
f 1471/1471/1471 1561/1561/1561 1560/1560/1560
f 1470/1470/1470 1560/1560/1560 1559/1559/1559
f 1469/1469/1469 1559/1559/1559 1558/1558/1558
f 1468/1468/1468 1558/1558/1558 1557/1557/1557
f 1467/1467/1467 1557/1557/1557 1556/1556/1556
f 1466/1466/1466 1556/1556/1556 1555/1555/1555
f 1465/1465/1465 1555/1555/1555 1554/1554/1554
f 1464/1464/1464 1554/1554/1554 1553/1553/1553
f 1463/1463/1463 1553/1553/1553 1552/1552/1552
f 1462/1462/1462 1552/1552/1552 1551/1551/1551
f 1461/1461/1461 1551/1551/1551 1550/1550/1550
f 1460/1460/1460 1550/1550/1550 1549/1549/1549
f 1459/1459/1459 1549/1549/1549 1548/1548/1548
f 1458/1458/1458 1548/1548/1548 1547/1547/1547
f 1457/1457/1457 1547/1547/1547 1546/1546/1546
f 1456/1456/1456 1546/1546/1546 1545/1545/1545
f 1455/1455/1455 1545/1545/1545 1544/1544/1544
f 1454/1454/1454 1544/1544/1544 1543/1543/1543
f 1453/1453/1453 1543/1543/1543 1542/1542/1542
f 1452/1452/1452 1542/1542/1542 1541/1541/1541
f 1451/1451/1451 1541/1541/1541 1540/1540/1540
f 1450/1450/1450 1540/1540/1540 1539/1539/1539
f 1449/1449/1449 1539/1539/1539 1538/1538/1538
f 1448/1448/1448 1538/1538/1538 1537/1537/1537
f 1447/1447/1447 1537/1537/1537 1536/1536/1536
f 1446/1446/1446 1536/1536/1536 1535/1535/1535
f 1445/1445/1445 1535/1535/1535 1534/1534/1534
f 1444/1444/1444 1534/1534/1534 1533/1533/1533
f 1443/1443/1443 1533/1533/1533 1532/1532/1532
f 1442/1442/1442 1532/1532/1532 1531/1531/1531
f 1351/1351/1351 1441/1441/1441 1530/1530/1530
f 1440/1440/1440 1530/1530/1530 1529/1529/1529
f 1439/1439/1439 1529/1529/1529 1528/1528/1528
f 1438/1438/1438 1528/1528/1528 1527/1527/1527
f 1437/1437/1437 1527/1527/1527 1526/1526/1526
f 1436/1436/1436 1526/1526/1526 1525/1525/1525
f 1435/1435/1435 1525/1525/1525 1524/1524/1524
f 1434/1434/1434 1524/1524/1524 1523/1523/1523
f 1433/1433/1433 1523/1523/1523 1522/1522/1522
f 1432/1432/1432 1522/1522/1522 1521/1521/1521
f 1431/1431/1431 1521/1521/1521 1520/1520/1520
f 1430/1430/1430 1520/1520/1520 1519/1519/1519
f 1429/1429/1429 1519/1519/1519 1518/1518/1518
f 1428/1428/1428 1518/1518/1518 1517/1517/1517
f 1427/1427/1427 1517/1517/1517 1516/1516/1516
f 1426/1426/1426 1516/1516/1516 1515/1515/1515
f 1425/1425/1425 1515/1515/1515 1514/1514/1514
f 1424/1424/1424 1514/1514/1514 1513/1513/1513
f 1423/1423/1423 1513/1513/1513 1512/1512/1512
f 1422/1422/1422 1512/1512/1512 1511/1511/1511
f 1421/1421/1421 1511/1511/1511 1510/1510/1510
f 1420/1420/1420 1510/1510/1510 1509/1509/1509
f 1419/1419/1419 1509/1509/1509 1508/1508/1508
f 1418/1418/1418 1508/1508/1508 1507/1507/1507
f 1417/1417/1417 1507/1507/1507 1506/1506/1506
f 1416/1416/1416 1506/1506/1506 1505/1505/1505
f 1415/1415/1415 1505/1505/1505 1504/1504/1504
f 1414/1414/1414 1504/1504/1504 1503/1503/1503
f 1413/1413/1413 1503/1503/1503 1502/1502/1502
f 1412/1412/1412 1502/1502/1502 1501/1501/1501
f 1411/1411/1411 1501/1501/1501 1500/1500/1500
f 1410/1410/1410 1500/1500/1500 1499/1499/1499
f 1409/1409/1409 1499/1499/1499 1498/1498/1498
f 1408/1408/1408 1498/1498/1498 1497/1497/1497
f 1407/1407/1407 1497/1497/1497 1496/1496/1496
f 1406/1406/1406 1496/1496/1496 1495/1495/1495
f 1405/1405/1405 1495/1495/1495 1494/1494/1494
f 1404/1404/1404 1494/1494/1494 1493/1493/1493
f 1403/1403/1403 1493/1493/1493 1492/1492/1492
f 1402/1402/1402 1492/1492/1492 1491/1491/1491
f 1401/1401/1401 1491/1491/1491 1490/1490/1490
f 1400/1400/1400 1490/1490/1490 1489/1489/1489
f 1399/1399/1399 1489/1489/1489 1488/1488/1488
f 1398/1398/1398 1488/1488/1488 1487/1487/1487
f 1397/1397/1397 1487/1487/1487 1486/1486/1486
f 1396/1396/1396 1486/1486/1486 1485/1485/1485
f 1395/1395/1395 1485/1485/1485 1484/1484/1484
f 1394/1394/1394 1484/1484/1484 1483/1483/1483
f 1393/1393/1393 1483/1483/1483 1482/1482/1482
f 1392/1392/1392 1482/1482/1482 1481/1481/1481
f 1391/1391/1391 1481/1481/1481 1480/1480/1480
f 1390/1390/1390 1480/1480/1480 1479/1479/1479
f 1389/1389/1389 1479/1479/1479 1478/1478/1478
f 1388/1388/1388 1478/1478/1478 1477/1477/1477
f 1387/1387/1387 1477/1477/1477 1476/1476/1476
f 1386/1386/1386 1476/1476/1476 1475/1475/1475
f 1385/1385/1385 1475/1475/1475 1474/1474/1474
f 1384/1384/1384 1474/1474/1474 1473/1473/1473
f 1383/1383/1383 1473/1473/1473 1472/1472/1472
f 1382/1382/1382 1472/1472/1472 1471/1471/1471
f 1381/1381/1381 1471/1471/1471 1470/1470/1470
f 1380/1380/1380 1470/1470/1470 1469/1469/1469
f 1379/1379/1379 1469/1469/1469 1468/1468/1468
f 1378/1378/1378 1468/1468/1468 1467/1467/1467
f 1377/1377/1377 1467/1467/1467 1466/1466/1466
f 1376/1376/1376 1466/1466/1466 1465/1465/1465
f 1375/1375/1375 1465/1465/1465 1464/1464/1464
f 1374/1374/1374 1464/1464/1464 1463/1463/1463
f 1373/1373/1373 1463/1463/1463 1462/1462/1462
f 1372/1372/1372 1462/1462/1462 1461/1461/1461
f 1371/1371/1371 1461/1461/1461 1460/1460/1460
f 1370/1370/1370 1460/1460/1460 1459/1459/1459
f 1369/1369/1369 1459/1459/1459 1458/1458/1458
f 1368/1368/1368 1458/1458/1458 1457/1457/1457
f 1367/1367/1367 1457/1457/1457 1456/1456/1456
f 1366/1366/1366 1456/1456/1456 1455/1455/1455
f 1365/1365/1365 1455/1455/1455 1454/1454/1454
f 1364/1364/1364 1454/1454/1454 1453/1453/1453
f 1363/1363/1363 1453/1453/1453 1452/1452/1452
f 1362/1362/1362 1452/1452/1452 1451/1451/1451
f 1361/1361/1361 1451/1451/1451 1450/1450/1450
f 1360/1360/1360 1450/1450/1450 1449/1449/1449
f 1359/1359/1359 1449/1449/1449 1448/1448/1448
f 1358/1358/1358 1448/1448/1448 1447/1447/1447
f 1357/1357/1357 1447/1447/1447 1446/1446/1446
f 1356/1356/1356 1446/1446/1446 1445/1445/1445
f 1355/1355/1355 1445/1445/1445 1444/1444/1444
f 1354/1354/1354 1444/1444/1444 1443/1443/1443
f 1353/1353/1353 1443/1443/1443 1442/1442/1442
f 1352/1352/1352 1442/1442/1442 1441/1441/1441
f 1261/1261/1261 1351/1351/1351 1440/1440/1440
f 1350/1350/1350 1440/1440/1440 1439/1439/1439
f 1349/1349/1349 1439/1439/1439 1438/1438/1438
f 1348/1348/1348 1438/1438/1438 1437/1437/1437
f 1347/1347/1347 1437/1437/1437 1436/1436/1436
f 1346/1346/1346 1436/1436/1436 1435/1435/1435
f 1345/1345/1345 1435/1435/1435 1434/1434/1434
f 1344/1344/1344 1434/1434/1434 1433/1433/1433
f 1343/1343/1343 1433/1433/1433 1432/1432/1432
f 1342/1342/1342 1432/1432/1432 1431/1431/1431
f 1341/1341/1341 1431/1431/1431 1430/1430/1430
f 1340/1340/1340 1430/1430/1430 1429/1429/1429
f 1339/1339/1339 1429/1429/1429 1428/1428/1428
f 1338/1338/1338 1428/1428/1428 1427/1427/1427
f 1337/1337/1337 1427/1427/1427 1426/1426/1426
f 1336/1336/1336 1426/1426/1426 1425/1425/1425
f 1335/1335/1335 1425/1425/1425 1424/1424/1424
f 1334/1334/1334 1424/1424/1424 1423/1423/1423
f 1333/1333/1333 1423/1423/1423 1422/1422/1422
f 1332/1332/1332 1422/1422/1422 1421/1421/1421
f 1331/1331/1331 1421/1421/1421 1420/1420/1420
f 1330/1330/1330 1420/1420/1420 1419/1419/1419
f 1329/1329/1329 1419/1419/1419 1418/1418/1418
f 1328/1328/1328 1418/1418/1418 1417/1417/1417
f 1327/1327/1327 1417/1417/1417 1416/1416/1416
f 1326/1326/1326 1416/1416/1416 1415/1415/1415
f 1325/1325/1325 1415/1415/1415 1414/1414/1414
f 1324/1324/1324 1414/1414/1414 1413/1413/1413
f 1323/1323/1323 1413/1413/1413 1412/1412/1412
f 1322/1322/1322 1412/1412/1412 1411/1411/1411
f 1321/1321/1321 1411/1411/1411 1410/1410/1410
f 1320/1320/1320 1410/1410/1410 1409/1409/1409
f 1319/1319/1319 1409/1409/1409 1408/1408/1408
f 1318/1318/1318 1408/1408/1408 1407/1407/1407
f 1317/1317/1317 1407/1407/1407 1406/1406/1406
f 1316/1316/1316 1406/1406/1406 1405/1405/1405
f 1315/1315/1315 1405/1405/1405 1404/1404/1404
f 1314/1314/1314 1404/1404/1404 1403/1403/1403
f 1313/1313/1313 1403/1403/1403 1402/1402/1402
f 1312/1312/1312 1402/1402/1402 1401/1401/1401
f 1311/1311/1311 1401/1401/1401 1400/1400/1400
f 1310/1310/1310 1400/1400/1400 1399/1399/1399
f 1309/1309/1309 1399/1399/1399 1398/1398/1398
f 1308/1308/1308 1398/1398/1398 1397/1397/1397
f 1307/1307/1307 1397/1397/1397 1396/1396/1396
f 1306/1306/1306 1396/1396/1396 1395/1395/1395
f 1305/1305/1305 1395/1395/1395 1394/1394/1394
f 1304/1304/1304 1394/1394/1394 1393/1393/1393
f 1303/1303/1303 1393/1393/1393 1392/1392/1392
f 1302/1302/1302 1392/1392/1392 1391/1391/1391
f 1301/1301/1301 1391/1391/1391 1390/1390/1390
f 1300/1300/1300 1390/1390/1390 1389/1389/1389
f 1299/1299/1299 1389/1389/1389 1388/1388/1388
f 1298/1298/1298 1388/1388/1388 1387/1387/1387
f 1297/1297/1297 1387/1387/1387 1386/1386/1386
f 1296/1296/1296 1386/1386/1386 1385/1385/1385
f 1295/1295/1295 1385/1385/1385 1384/1384/1384
f 1294/1294/1294 1384/1384/1384 1383/1383/1383
f 1293/1293/1293 1383/1383/1383 1382/1382/1382
f 1292/1292/1292 1382/1382/1382 1381/1381/1381
f 1291/1291/1291 1381/1381/1381 1380/1380/1380
f 1290/1290/1290 1380/1380/1380 1379/1379/1379
f 1289/1289/1289 1379/1379/1379 1378/1378/1378
f 1288/1288/1288 1378/1378/1378 1377/1377/1377
f 1287/1287/1287 1377/1377/1377 1376/1376/1376
f 1286/1286/1286 1376/1376/1376 1375/1375/1375
f 1285/1285/1285 1375/1375/1375 1374/1374/1374
f 1284/1284/1284 1374/1374/1374 1373/1373/1373
f 1283/1283/1283 1373/1373/1373 1372/1372/1372
f 1282/1282/1282 1372/1372/1372 1371/1371/1371
f 1281/1281/1281 1371/1371/1371 1370/1370/1370
f 1280/1280/1280 1370/1370/1370 1369/1369/1369
f 1279/1279/1279 1369/1369/1369 1368/1368/1368
f 1278/1278/1278 1368/1368/1368 1367/1367/1367
f 1277/1277/1277 1367/1367/1367 1366/1366/1366
f 1276/1276/1276 1366/1366/1366 1365/1365/1365
f 1275/1275/1275 1365/1365/1365 1364/1364/1364
f 1274/1274/1274 1364/1364/1364 1363/1363/1363
f 1273/1273/1273 1363/1363/1363 1362/1362/1362
f 1272/1272/1272 1362/1362/1362 1361/1361/1361
f 1271/1271/1271 1361/1361/1361 1360/1360/1360
f 1270/1270/1270 1360/1360/1360 1359/1359/1359
f 1269/1269/1269 1359/1359/1359 1358/1358/1358
f 1268/1268/1268 1358/1358/1358 1357/1357/1357
f 1267/1267/1267 1357/1357/1357 1356/1356/1356
f 1266/1266/1266 1356/1356/1356 1355/1355/1355
f 1265/1265/1265 1355/1355/1355 1354/1354/1354
f 1264/1264/1264 1354/1354/1354 1353/1353/1353
f 1263/1263/1263 1353/1353/1353 1352/1352/1352
f 1262/1262/1262 1352/1352/1352 1351/1351/1351
f 1171/1171/1171 1261/1261/1261 1350/1350/1350
f 1260/1260/1260 1350/1350/1350 1349/1349/1349
f 1259/1259/1259 1349/1349/1349 1348/1348/1348
f 1258/1258/1258 1348/1348/1348 1347/1347/1347
f 1257/1257/1257 1347/1347/1347 1346/1346/1346
f 1256/1256/1256 1346/1346/1346 1345/1345/1345
f 1255/1255/1255 1345/1345/1345 1344/1344/1344
f 1254/1254/1254 1344/1344/1344 1343/1343/1343
f 1253/1253/1253 1343/1343/1343 1342/1342/1342
f 1252/1252/1252 1342/1342/1342 1341/1341/1341
f 1251/1251/1251 1341/1341/1341 1340/1340/1340
f 1250/1250/1250 1340/1340/1340 1339/1339/1339
f 1249/1249/1249 1339/1339/1339 1338/1338/1338
f 1248/1248/1248 1338/1338/1338 1337/1337/1337
f 1247/1247/1247 1337/1337/1337 1336/1336/1336
f 1246/1246/1246 1336/1336/1336 1335/1335/1335
f 1245/1245/1245 1335/1335/1335 1334/1334/1334
f 1244/1244/1244 1334/1334/1334 1333/1333/1333
f 1243/1243/1243 1333/1333/1333 1332/1332/1332
f 1242/1242/1242 1332/1332/1332 1331/1331/1331
f 1241/1241/1241 1331/1331/1331 1330/1330/1330
f 1240/1240/1240 1330/1330/1330 1329/1329/1329
f 1239/1239/1239 1329/1329/1329 1328/1328/1328
f 1238/1238/1238 1328/1328/1328 1327/1327/1327
f 1237/1237/1237 1327/1327/1327 1326/1326/1326
f 1236/1236/1236 1326/1326/1326 1325/1325/1325
f 1235/1235/1235 1325/1325/1325 1324/1324/1324
f 1234/1234/1234 1324/1324/1324 1323/1323/1323
f 1233/1233/1233 1323/1323/1323 1322/1322/1322
f 1232/1232/1232 1322/1322/1322 1321/1321/1321
f 1231/1231/1231 1321/1321/1321 1320/1320/1320
f 1230/1230/1230 1320/1320/1320 1319/1319/1319
f 1229/1229/1229 1319/1319/1319 1318/1318/1318
f 1228/1228/1228 1318/1318/1318 1317/1317/1317
f 1227/1227/1227 1317/1317/1317 1316/1316/1316
f 1226/1226/1226 1316/1316/1316 1315/1315/1315
f 1225/1225/1225 1315/1315/1315 1314/1314/1314
f 1224/1224/1224 1314/1314/1314 1313/1313/1313
f 1223/1223/1223 1313/1313/1313 1312/1312/1312
f 1222/1222/1222 1312/1312/1312 1311/1311/1311
f 1221/1221/1221 1311/1311/1311 1310/1310/1310
f 1220/1220/1220 1310/1310/1310 1309/1309/1309
f 1219/1219/1219 1309/1309/1309 1308/1308/1308
f 1218/1218/1218 1308/1308/1308 1307/1307/1307
f 1217/1217/1217 1307/1307/1307 1306/1306/1306
f 1216/1216/1216 1306/1306/1306 1305/1305/1305
f 1215/1215/1215 1305/1305/1305 1304/1304/1304
f 1214/1214/1214 1304/1304/1304 1303/1303/1303
f 1213/1213/1213 1303/1303/1303 1302/1302/1302
f 1212/1212/1212 1302/1302/1302 1301/1301/1301
f 1211/1211/1211 1301/1301/1301 1300/1300/1300
f 1210/1210/1210 1300/1300/1300 1299/1299/1299
f 1209/1209/1209 1299/1299/1299 1298/1298/1298
f 1208/1208/1208 1298/1298/1298 1297/1297/1297
f 1207/1207/1207 1297/1297/1297 1296/1296/1296
f 1206/1206/1206 1296/1296/1296 1295/1295/1295
f 1205/1205/1205 1295/1295/1295 1294/1294/1294
f 1204/1204/1204 1294/1294/1294 1293/1293/1293
f 1203/1203/1203 1293/1293/1293 1292/1292/1292
f 1202/1202/1202 1292/1292/1292 1291/1291/1291
f 1201/1201/1201 1291/1291/1291 1290/1290/1290
f 1200/1200/1200 1290/1290/1290 1289/1289/1289
f 1199/1199/1199 1289/1289/1289 1288/1288/1288
f 1198/1198/1198 1288/1288/1288 1287/1287/1287
f 1197/1197/1197 1287/1287/1287 1286/1286/1286
f 1196/1196/1196 1286/1286/1286 1285/1285/1285
f 1195/1195/1195 1285/1285/1285 1284/1284/1284
f 1194/1194/1194 1284/1284/1284 1283/1283/1283
f 1193/1193/1193 1283/1283/1283 1282/1282/1282
f 1192/1192/1192 1282/1282/1282 1281/1281/1281
f 1191/1191/1191 1281/1281/1281 1280/1280/1280
f 1190/1190/1190 1280/1280/1280 1279/1279/1279
f 1189/1189/1189 1279/1279/1279 1278/1278/1278
f 1188/1188/1188 1278/1278/1278 1277/1277/1277
f 1187/1187/1187 1277/1277/1277 1276/1276/1276
f 1186/1186/1186 1276/1276/1276 1275/1275/1275
f 1185/1185/1185 1275/1275/1275 1274/1274/1274
f 1184/1184/1184 1274/1274/1274 1273/1273/1273
f 1183/1183/1183 1273/1273/1273 1272/1272/1272
f 1182/1182/1182 1272/1272/1272 1271/1271/1271
f 1181/1181/1181 1271/1271/1271 1270/1270/1270
f 1180/1180/1180 1270/1270/1270 1269/1269/1269
f 1179/1179/1179 1269/1269/1269 1268/1268/1268
f 1178/1178/1178 1268/1268/1268 1267/1267/1267
f 1177/1177/1177 1267/1267/1267 1266/1266/1266
f 1176/1176/1176 1266/1266/1266 1265/1265/1265
f 1175/1175/1175 1265/1265/1265 1264/1264/1264
f 1174/1174/1174 1264/1264/1264 1263/1263/1263
f 1173/1173/1173 1263/1263/1263 1262/1262/1262
f 1172/1172/1172 1262/1262/1262 1261/1261/1261
f 1081/1081/1081 1171/1171/1171 1260/1260/1260
f 1170/1170/1170 1260/1260/1260 1259/1259/1259
f 1169/1169/1169 1259/1259/1259 1258/1258/1258
f 1168/1168/1168 1258/1258/1258 1257/1257/1257
f 1167/1167/1167 1257/1257/1257 1256/1256/1256
f 1166/1166/1166 1256/1256/1256 1255/1255/1255
f 1165/1165/1165 1255/1255/1255 1254/1254/1254
f 1164/1164/1164 1254/1254/1254 1253/1253/1253
f 1163/1163/1163 1253/1253/1253 1252/1252/1252
f 1162/1162/1162 1252/1252/1252 1251/1251/1251
f 1161/1161/1161 1251/1251/1251 1250/1250/1250
f 1160/1160/1160 1250/1250/1250 1249/1249/1249
f 1159/1159/1159 1249/1249/1249 1248/1248/1248
f 1158/1158/1158 1248/1248/1248 1247/1247/1247
f 1157/1157/1157 1247/1247/1247 1246/1246/1246
f 1156/1156/1156 1246/1246/1246 1245/1245/1245
f 1155/1155/1155 1245/1245/1245 1244/1244/1244
f 1154/1154/1154 1244/1244/1244 1243/1243/1243
f 1153/1153/1153 1243/1243/1243 1242/1242/1242
f 1152/1152/1152 1242/1242/1242 1241/1241/1241
f 1151/1151/1151 1241/1241/1241 1240/1240/1240
f 1150/1150/1150 1240/1240/1240 1239/1239/1239
f 1149/1149/1149 1239/1239/1239 1238/1238/1238
f 1148/1148/1148 1238/1238/1238 1237/1237/1237
f 1147/1147/1147 1237/1237/1237 1236/1236/1236
f 1146/1146/1146 1236/1236/1236 1235/1235/1235
f 1145/1145/1145 1235/1235/1235 1234/1234/1234
f 1144/1144/1144 1234/1234/1234 1233/1233/1233
f 1143/1143/1143 1233/1233/1233 1232/1232/1232
f 1142/1142/1142 1232/1232/1232 1231/1231/1231
f 1141/1141/1141 1231/1231/1231 1230/1230/1230
f 1140/1140/1140 1230/1230/1230 1229/1229/1229
f 1139/1139/1139 1229/1229/1229 1228/1228/1228
f 1138/1138/1138 1228/1228/1228 1227/1227/1227
f 1137/1137/1137 1227/1227/1227 1226/1226/1226
f 1136/1136/1136 1226/1226/1226 1225/1225/1225
f 1135/1135/1135 1225/1225/1225 1224/1224/1224
f 1134/1134/1134 1224/1224/1224 1223/1223/1223
f 1133/1133/1133 1223/1223/1223 1222/1222/1222
f 1132/1132/1132 1222/1222/1222 1221/1221/1221
f 1131/1131/1131 1221/1221/1221 1220/1220/1220
f 1130/1130/1130 1220/1220/1220 1219/1219/1219
f 1129/1129/1129 1219/1219/1219 1218/1218/1218
f 1128/1128/1128 1218/1218/1218 1217/1217/1217
f 1127/1127/1127 1217/1217/1217 1216/1216/1216
f 1126/1126/1126 1216/1216/1216 1215/1215/1215
f 1125/1125/1125 1215/1215/1215 1214/1214/1214
f 1124/1124/1124 1214/1214/1214 1213/1213/1213
f 1123/1123/1123 1213/1213/1213 1212/1212/1212
f 1122/1122/1122 1212/1212/1212 1211/1211/1211
f 1121/1121/1121 1211/1211/1211 1210/1210/1210
f 1120/1120/1120 1210/1210/1210 1209/1209/1209
f 1119/1119/1119 1209/1209/1209 1208/1208/1208
f 1118/1118/1118 1208/1208/1208 1207/1207/1207
f 1117/1117/1117 1207/1207/1207 1206/1206/1206
f 1116/1116/1116 1206/1206/1206 1205/1205/1205
f 1115/1115/1115 1205/1205/1205 1204/1204/1204
f 1114/1114/1114 1204/1204/1204 1203/1203/1203
f 1113/1113/1113 1203/1203/1203 1202/1202/1202
f 1112/1112/1112 1202/1202/1202 1201/1201/1201
f 1111/1111/1111 1201/1201/1201 1200/1200/1200
f 1110/1110/1110 1200/1200/1200 1199/1199/1199
f 1109/1109/1109 1199/1199/1199 1198/1198/1198
f 1108/1108/1108 1198/1198/1198 1197/1197/1197
f 1107/1107/1107 1197/1197/1197 1196/1196/1196
f 1106/1106/1106 1196/1196/1196 1195/1195/1195
f 1105/1105/1105 1195/1195/1195 1194/1194/1194
f 1104/1104/1104 1194/1194/1194 1193/1193/1193
f 1103/1103/1103 1193/1193/1193 1192/1192/1192
f 1102/1102/1102 1192/1192/1192 1191/1191/1191
f 1101/1101/1101 1191/1191/1191 1190/1190/1190
f 1100/1100/1100 1190/1190/1190 1189/1189/1189
f 1099/1099/1099 1189/1189/1189 1188/1188/1188
f 1098/1098/1098 1188/1188/1188 1187/1187/1187
f 1097/1097/1097 1187/1187/1187 1186/1186/1186
f 1096/1096/1096 1186/1186/1186 1185/1185/1185
f 1095/1095/1095 1185/1185/1185 1184/1184/1184
f 1094/1094/1094 1184/1184/1184 1183/1183/1183
f 1093/1093/1093 1183/1183/1183 1182/1182/1182
f 1092/1092/1092 1182/1182/1182 1181/1181/1181
f 1091/1091/1091 1181/1181/1181 1180/1180/1180
f 1090/1090/1090 1180/1180/1180 1179/1179/1179
f 1089/1089/1089 1179/1179/1179 1178/1178/1178
f 1088/1088/1088 1178/1178/1178 1177/1177/1177
f 1087/1087/1087 1177/1177/1177 1176/1176/1176
f 1086/1086/1086 1176/1176/1176 1175/1175/1175
f 1085/1085/1085 1175/1175/1175 1174/1174/1174
f 1084/1084/1084 1174/1174/1174 1173/1173/1173
f 1083/1083/1083 1173/1173/1173 1172/1172/1172
f 1082/1082/1082 1172/1172/1172 1171/1171/1171
f 991/991/991 1081/1081/1081 1170/1170/1170
f 1080/1080/1080 1170/1170/1170 1169/1169/1169
f 1079/1079/1079 1169/1169/1169 1168/1168/1168
f 1078/1078/1078 1168/1168/1168 1167/1167/1167
f 1077/1077/1077 1167/1167/1167 1166/1166/1166
f 1076/1076/1076 1166/1166/1166 1165/1165/1165
f 1075/1075/1075 1165/1165/1165 1164/1164/1164
f 1074/1074/1074 1164/1164/1164 1163/1163/1163
f 1073/1073/1073 1163/1163/1163 1162/1162/1162
f 1072/1072/1072 1162/1162/1162 1161/1161/1161
f 1071/1071/1071 1161/1161/1161 1160/1160/1160
f 1070/1070/1070 1160/1160/1160 1159/1159/1159
f 1069/1069/1069 1159/1159/1159 1158/1158/1158
f 1068/1068/1068 1158/1158/1158 1157/1157/1157
f 1067/1067/1067 1157/1157/1157 1156/1156/1156
f 1066/1066/1066 1156/1156/1156 1155/1155/1155
f 1065/1065/1065 1155/1155/1155 1154/1154/1154
f 1064/1064/1064 1154/1154/1154 1153/1153/1153
f 1063/1063/1063 1153/1153/1153 1152/1152/1152
f 1062/1062/1062 1152/1152/1152 1151/1151/1151
f 1061/1061/1061 1151/1151/1151 1150/1150/1150
f 1060/1060/1060 1150/1150/1150 1149/1149/1149
f 1059/1059/1059 1149/1149/1149 1148/1148/1148
f 1058/1058/1058 1148/1148/1148 1147/1147/1147
f 1057/1057/1057 1147/1147/1147 1146/1146/1146
f 1056/1056/1056 1146/1146/1146 1145/1145/1145
f 1055/1055/1055 1145/1145/1145 1144/1144/1144
f 1054/1054/1054 1144/1144/1144 1143/1143/1143
f 1053/1053/1053 1143/1143/1143 1142/1142/1142
f 1052/1052/1052 1142/1142/1142 1141/1141/1141
f 1051/1051/1051 1141/1141/1141 1140/1140/1140
f 1050/1050/1050 1140/1140/1140 1139/1139/1139
f 1049/1049/1049 1139/1139/1139 1138/1138/1138
f 1048/1048/1048 1138/1138/1138 1137/1137/1137
f 1047/1047/1047 1137/1137/1137 1136/1136/1136
f 1046/1046/1046 1136/1136/1136 1135/1135/1135
f 1045/1045/1045 1135/1135/1135 1134/1134/1134
f 1044/1044/1044 1134/1134/1134 1133/1133/1133
f 1043/1043/1043 1133/1133/1133 1132/1132/1132
f 1042/1042/1042 1132/1132/1132 1131/1131/1131
f 1041/1041/1041 1131/1131/1131 1130/1130/1130
f 1040/1040/1040 1130/1130/1130 1129/1129/1129
f 1039/1039/1039 1129/1129/1129 1128/1128/1128
f 1038/1038/1038 1128/1128/1128 1127/1127/1127
f 1037/1037/1037 1127/1127/1127 1126/1126/1126
f 1036/1036/1036 1126/1126/1126 1125/1125/1125
f 1035/1035/1035 1125/1125/1125 1124/1124/1124
f 1034/1034/1034 1124/1124/1124 1123/1123/1123
f 1033/1033/1033 1123/1123/1123 1122/1122/1122
f 1032/1032/1032 1122/1122/1122 1121/1121/1121
f 1031/1031/1031 1121/1121/1121 1120/1120/1120
f 1030/1030/1030 1120/1120/1120 1119/1119/1119
f 1029/1029/1029 1119/1119/1119 1118/1118/1118
f 1028/1028/1028 1118/1118/1118 1117/1117/1117
f 1027/1027/1027 1117/1117/1117 1116/1116/1116
f 1026/1026/1026 1116/1116/1116 1115/1115/1115
f 1025/1025/1025 1115/1115/1115 1114/1114/1114
f 1024/1024/1024 1114/1114/1114 1113/1113/1113
f 1023/1023/1023 1113/1113/1113 1112/1112/1112
f 1022/1022/1022 1112/1112/1112 1111/1111/1111
f 1021/1021/1021 1111/1111/1111 1110/1110/1110
f 1020/1020/1020 1110/1110/1110 1109/1109/1109
f 1019/1019/1019 1109/1109/1109 1108/1108/1108
f 1018/1018/1018 1108/1108/1108 1107/1107/1107
f 1017/1017/1017 1107/1107/1107 1106/1106/1106
f 1016/1016/1016 1106/1106/1106 1105/1105/1105
f 1015/1015/1015 1105/1105/1105 1104/1104/1104
f 1014/1014/1014 1104/1104/1104 1103/1103/1103
f 1013/1013/1013 1103/1103/1103 1102/1102/1102
f 1012/1012/1012 1102/1102/1102 1101/1101/1101
f 1011/1011/1011 1101/1101/1101 1100/1100/1100
f 1010/1010/1010 1100/1100/1100 1099/1099/1099
f 1009/1009/1009 1099/1099/1099 1098/1098/1098
f 1008/1008/1008 1098/1098/1098 1097/1097/1097
f 1007/1007/1007 1097/1097/1097 1096/1096/1096
f 1006/1006/1006 1096/1096/1096 1095/1095/1095
f 1005/1005/1005 1095/1095/1095 1094/1094/1094
f 1004/1004/1004 1094/1094/1094 1093/1093/1093
f 1003/1003/1003 1093/1093/1093 1092/1092/1092
f 1002/1002/1002 1092/1092/1092 1091/1091/1091
f 1001/1001/1001 1091/1091/1091 1090/1090/1090
f 1000/1000/1000 1090/1090/1090 1089/1089/1089
f 999/999/999 1089/1089/1089 1088/1088/1088
f 998/998/998 1088/1088/1088 1087/1087/1087
f 997/997/997 1087/1087/1087 1086/1086/1086
f 996/996/996 1086/1086/1086 1085/1085/1085
f 995/995/995 1085/1085/1085 1084/1084/1084
f 994/994/994 1084/1084/1084 1083/1083/1083
f 993/993/993 1083/1083/1083 1082/1082/1082
f 992/992/992 1082/1082/1082 1081/1081/1081
f 901/901/901 991/991/991 1080/1080/1080
f 990/990/990 1080/1080/1080 1079/1079/1079
f 989/989/989 1079/1079/1079 1078/1078/1078
f 988/988/988 1078/1078/1078 1077/1077/1077
f 987/987/987 1077/1077/1077 1076/1076/1076
f 986/986/986 1076/1076/1076 1075/1075/1075
f 985/985/985 1075/1075/1075 1074/1074/1074
f 984/984/984 1074/1074/1074 1073/1073/1073
f 983/983/983 1073/1073/1073 1072/1072/1072
f 982/982/982 1072/1072/1072 1071/1071/1071
f 981/981/981 1071/1071/1071 1070/1070/1070
f 980/980/980 1070/1070/1070 1069/1069/1069
f 979/979/979 1069/1069/1069 1068/1068/1068
f 978/978/978 1068/1068/1068 1067/1067/1067
f 977/977/977 1067/1067/1067 1066/1066/1066
f 976/976/976 1066/1066/1066 1065/1065/1065
f 975/975/975 1065/1065/1065 1064/1064/1064
f 974/974/974 1064/1064/1064 1063/1063/1063
f 973/973/973 1063/1063/1063 1062/1062/1062
f 972/972/972 1062/1062/1062 1061/1061/1061
f 971/971/971 1061/1061/1061 1060/1060/1060
f 970/970/970 1060/1060/1060 1059/1059/1059
f 969/969/969 1059/1059/1059 1058/1058/1058
f 968/968/968 1058/1058/1058 1057/1057/1057
f 967/967/967 1057/1057/1057 1056/1056/1056
f 966/966/966 1056/1056/1056 1055/1055/1055
f 965/965/965 1055/1055/1055 1054/1054/1054
f 964/964/964 1054/1054/1054 1053/1053/1053
f 963/963/963 1053/1053/1053 1052/1052/1052
f 962/962/962 1052/1052/1052 1051/1051/1051
f 961/961/961 1051/1051/1051 1050/1050/1050
f 960/960/960 1050/1050/1050 1049/1049/1049
f 959/959/959 1049/1049/1049 1048/1048/1048
f 958/958/958 1048/1048/1048 1047/1047/1047
f 957/957/957 1047/1047/1047 1046/1046/1046
f 956/956/956 1046/1046/1046 1045/1045/1045
f 955/955/955 1045/1045/1045 1044/1044/1044
f 954/954/954 1044/1044/1044 1043/1043/1043
f 953/953/953 1043/1043/1043 1042/1042/1042
f 952/952/952 1042/1042/1042 1041/1041/1041
f 951/951/951 1041/1041/1041 1040/1040/1040
f 950/950/950 1040/1040/1040 1039/1039/1039
f 949/949/949 1039/1039/1039 1038/1038/1038
f 948/948/948 1038/1038/1038 1037/1037/1037
f 947/947/947 1037/1037/1037 1036/1036/1036
f 946/946/946 1036/1036/1036 1035/1035/1035
f 945/945/945 1035/1035/1035 1034/1034/1034
f 944/944/944 1034/1034/1034 1033/1033/1033
f 943/943/943 1033/1033/1033 1032/1032/1032
f 942/942/942 1032/1032/1032 1031/1031/1031
f 941/941/941 1031/1031/1031 1030/1030/1030
f 940/940/940 1030/1030/1030 1029/1029/1029
f 939/939/939 1029/1029/1029 1028/1028/1028
f 938/938/938 1028/1028/1028 1027/1027/1027
f 937/937/937 1027/1027/1027 1026/1026/1026
f 936/936/936 1026/1026/1026 1025/1025/1025
f 935/935/935 1025/1025/1025 1024/1024/1024
f 934/934/934 1024/1024/1024 1023/1023/1023
f 933/933/933 1023/1023/1023 1022/1022/1022
f 932/932/932 1022/1022/1022 1021/1021/1021
f 931/931/931 1021/1021/1021 1020/1020/1020
f 930/930/930 1020/1020/1020 1019/1019/1019
f 929/929/929 1019/1019/1019 1018/1018/1018
f 928/928/928 1018/1018/1018 1017/1017/1017
f 927/927/927 1017/1017/1017 1016/1016/1016
f 926/926/926 1016/1016/1016 1015/1015/1015
f 925/925/925 1015/1015/1015 1014/1014/1014
f 924/924/924 1014/1014/1014 1013/1013/1013
f 923/923/923 1013/1013/1013 1012/1012/1012
f 922/922/922 1012/1012/1012 1011/1011/1011
f 921/921/921 1011/1011/1011 1010/1010/1010
f 920/920/920 1010/1010/1010 1009/1009/1009
f 919/919/919 1009/1009/1009 1008/1008/1008
f 918/918/918 1008/1008/1008 1007/1007/1007
f 917/917/917 1007/1007/1007 1006/1006/1006
f 916/916/916 1006/1006/1006 1005/1005/1005
f 915/915/915 1005/1005/1005 1004/1004/1004
f 914/914/914 1004/1004/1004 1003/1003/1003
f 913/913/913 1003/1003/1003 1002/1002/1002
f 912/912/912 1002/1002/1002 1001/1001/1001
f 911/911/911 1001/1001/1001 1000/1000/1000
f 910/910/910 1000/1000/1000 999/999/999
f 909/909/909 999/999/999 998/998/998
f 908/908/908 998/998/998 997/997/997
f 907/907/907 997/997/997 996/996/996
f 906/906/906 996/996/996 995/995/995
f 905/905/905 995/995/995 994/994/994
f 904/904/904 994/994/994 993/993/993
f 903/903/903 993/993/993 992/992/992
f 902/902/902 992/992/992 991/991/991
f 811/811/811 901/901/901 990/990/990
f 900/900/900 990/990/990 989/989/989
f 899/899/899 989/989/989 988/988/988
f 898/898/898 988/988/988 987/987/987
f 897/897/897 987/987/987 986/986/986
f 896/896/896 986/986/986 985/985/985
f 895/895/895 985/985/985 984/984/984
f 894/894/894 984/984/984 983/983/983
f 893/893/893 983/983/983 982/982/982
f 892/892/892 982/982/982 981/981/981
f 891/891/891 981/981/981 980/980/980
f 890/890/890 980/980/980 979/979/979
f 889/889/889 979/979/979 978/978/978
f 888/888/888 978/978/978 977/977/977
f 887/887/887 977/977/977 976/976/976
f 886/886/886 976/976/976 975/975/975
f 885/885/885 975/975/975 974/974/974
f 884/884/884 974/974/974 973/973/973
f 883/883/883 973/973/973 972/972/972
f 882/882/882 972/972/972 971/971/971
f 881/881/881 971/971/971 970/970/970
f 880/880/880 970/970/970 969/969/969
f 879/879/879 969/969/969 968/968/968
f 878/878/878 968/968/968 967/967/967
f 877/877/877 967/967/967 966/966/966
f 876/876/876 966/966/966 965/965/965
f 875/875/875 965/965/965 964/964/964
f 874/874/874 964/964/964 963/963/963
f 873/873/873 963/963/963 962/962/962
f 872/872/872 962/962/962 961/961/961
f 871/871/871 961/961/961 960/960/960
f 870/870/870 960/960/960 959/959/959
f 869/869/869 959/959/959 958/958/958
f 868/868/868 958/958/958 957/957/957
f 867/867/867 957/957/957 956/956/956
f 866/866/866 956/956/956 955/955/955
f 865/865/865 955/955/955 954/954/954
f 864/864/864 954/954/954 953/953/953
f 863/863/863 953/953/953 952/952/952
f 862/862/862 952/952/952 951/951/951
f 861/861/861 951/951/951 950/950/950
f 860/860/860 950/950/950 949/949/949
f 859/859/859 949/949/949 948/948/948
f 858/858/858 948/948/948 947/947/947
f 857/857/857 947/947/947 946/946/946
f 856/856/856 946/946/946 945/945/945
f 855/855/855 945/945/945 944/944/944
f 854/854/854 944/944/944 943/943/943
f 853/853/853 943/943/943 942/942/942
f 852/852/852 942/942/942 941/941/941
f 851/851/851 941/941/941 940/940/940
f 850/850/850 940/940/940 939/939/939
f 849/849/849 939/939/939 938/938/938
f 848/848/848 938/938/938 937/937/937
f 847/847/847 937/937/937 936/936/936
f 846/846/846 936/936/936 935/935/935
f 845/845/845 935/935/935 934/934/934
f 844/844/844 934/934/934 933/933/933
f 843/843/843 933/933/933 932/932/932
f 842/842/842 932/932/932 931/931/931
f 841/841/841 931/931/931 930/930/930
f 840/840/840 930/930/930 929/929/929
f 839/839/839 929/929/929 928/928/928
f 838/838/838 928/928/928 927/927/927
f 837/837/837 927/927/927 926/926/926
f 836/836/836 926/926/926 925/925/925
f 835/835/835 925/925/925 924/924/924
f 834/834/834 924/924/924 923/923/923
f 833/833/833 923/923/923 922/922/922
f 832/832/832 922/922/922 921/921/921
f 831/831/831 921/921/921 920/920/920
f 830/830/830 920/920/920 919/919/919
f 829/829/829 919/919/919 918/918/918
f 828/828/828 918/918/918 917/917/917
f 827/827/827 917/917/917 916/916/916
f 826/826/826 916/916/916 915/915/915
f 825/825/825 915/915/915 914/914/914
f 824/824/824 914/914/914 913/913/913
f 823/823/823 913/913/913 912/912/912
f 822/822/822 912/912/912 911/911/911
f 821/821/821 911/911/911 910/910/910
f 820/820/820 910/910/910 909/909/909
f 819/819/819 909/909/909 908/908/908
f 818/818/818 908/908/908 907/907/907
f 817/817/817 907/907/907 906/906/906
f 816/816/816 906/906/906 905/905/905
f 815/815/815 905/905/905 904/904/904
f 814/814/814 904/904/904 903/903/903
f 813/813/813 903/903/903 902/902/902
f 812/812/812 902/902/902 901/901/901
f 721/721/721 811/811/811 900/900/900
f 810/810/810 900/900/900 899/899/899
f 809/809/809 899/899/899 898/898/898
f 808/808/808 898/898/898 897/897/897
f 807/807/807 897/897/897 896/896/896
f 806/806/806 896/896/896 895/895/895
f 805/805/805 895/895/895 894/894/894
f 804/804/804 894/894/894 893/893/893
f 803/803/803 893/893/893 892/892/892
f 802/802/802 892/892/892 891/891/891
f 801/801/801 891/891/891 890/890/890
f 800/800/800 890/890/890 889/889/889
f 799/799/799 889/889/889 888/888/888
f 798/798/798 888/888/888 887/887/887
f 797/797/797 887/887/887 886/886/886
f 796/796/796 886/886/886 885/885/885
f 795/795/795 885/885/885 884/884/884
f 794/794/794 884/884/884 883/883/883
f 793/793/793 883/883/883 882/882/882
f 792/792/792 882/882/882 881/881/881
f 791/791/791 881/881/881 880/880/880
f 790/790/790 880/880/880 879/879/879
f 789/789/789 879/879/879 878/878/878
f 788/788/788 878/878/878 877/877/877
f 787/787/787 877/877/877 876/876/876
f 786/786/786 876/876/876 875/875/875
f 785/785/785 875/875/875 874/874/874
f 784/784/784 874/874/874 873/873/873
f 783/783/783 873/873/873 872/872/872
f 782/782/782 872/872/872 871/871/871
f 781/781/781 871/871/871 870/870/870
f 780/780/780 870/870/870 869/869/869
f 779/779/779 869/869/869 868/868/868
f 778/778/778 868/868/868 867/867/867
f 777/777/777 867/867/867 866/866/866
f 776/776/776 866/866/866 865/865/865
f 775/775/775 865/865/865 864/864/864
f 774/774/774 864/864/864 863/863/863
f 773/773/773 863/863/863 862/862/862
f 772/772/772 862/862/862 861/861/861
f 771/771/771 861/861/861 860/860/860
f 770/770/770 860/860/860 859/859/859
f 769/769/769 859/859/859 858/858/858
f 768/768/768 858/858/858 857/857/857
f 767/767/767 857/857/857 856/856/856
f 766/766/766 856/856/856 855/855/855
f 765/765/765 855/855/855 854/854/854
f 764/764/764 854/854/854 853/853/853
f 763/763/763 853/853/853 852/852/852
f 762/762/762 852/852/852 851/851/851
f 761/761/761 851/851/851 850/850/850
f 760/760/760 850/850/850 849/849/849
f 759/759/759 849/849/849 848/848/848
f 758/758/758 848/848/848 847/847/847
f 757/757/757 847/847/847 846/846/846
f 756/756/756 846/846/846 845/845/845
f 755/755/755 845/845/845 844/844/844
f 754/754/754 844/844/844 843/843/843
f 753/753/753 843/843/843 842/842/842
f 752/752/752 842/842/842 841/841/841
f 751/751/751 841/841/841 840/840/840
f 750/750/750 840/840/840 839/839/839
f 749/749/749 839/839/839 838/838/838
f 748/748/748 838/838/838 837/837/837
f 747/747/747 837/837/837 836/836/836
f 746/746/746 836/836/836 835/835/835
f 745/745/745 835/835/835 834/834/834
f 744/744/744 834/834/834 833/833/833
f 743/743/743 833/833/833 832/832/832
f 742/742/742 832/832/832 831/831/831
f 741/741/741 831/831/831 830/830/830
f 740/740/740 830/830/830 829/829/829
f 739/739/739 829/829/829 828/828/828
f 738/738/738 828/828/828 827/827/827
f 737/737/737 827/827/827 826/826/826
f 736/736/736 826/826/826 825/825/825
f 735/735/735 825/825/825 824/824/824
f 734/734/734 824/824/824 823/823/823
f 733/733/733 823/823/823 822/822/822
f 732/732/732 822/822/822 821/821/821
f 731/731/731 821/821/821 820/820/820
f 730/730/730 820/820/820 819/819/819
f 729/729/729 819/819/819 818/818/818
f 728/728/728 818/818/818 817/817/817
f 727/727/727 817/817/817 816/816/816
f 726/726/726 816/816/816 815/815/815
f 725/725/725 815/815/815 814/814/814
f 724/724/724 814/814/814 813/813/813
f 723/723/723 813/813/813 812/812/812
f 722/722/722 812/812/812 811/811/811
f 631/631/631 721/721/721 810/810/810
f 720/720/720 810/810/810 809/809/809
f 719/719/719 809/809/809 808/808/808
f 718/718/718 808/808/808 807/807/807
f 717/717/717 807/807/807 806/806/806
f 716/716/716 806/806/806 805/805/805
f 715/715/715 805/805/805 804/804/804
f 714/714/714 804/804/804 803/803/803
f 713/713/713 803/803/803 802/802/802
f 712/712/712 802/802/802 801/801/801
f 711/711/711 801/801/801 800/800/800
f 710/710/710 800/800/800 799/799/799
f 709/709/709 799/799/799 798/798/798
f 708/708/708 798/798/798 797/797/797
f 707/707/707 797/797/797 796/796/796
f 706/706/706 796/796/796 795/795/795
f 705/705/705 795/795/795 794/794/794
f 704/704/704 794/794/794 793/793/793
f 703/703/703 793/793/793 792/792/792
f 702/702/702 792/792/792 791/791/791
f 701/701/701 791/791/791 790/790/790
f 700/700/700 790/790/790 789/789/789
f 699/699/699 789/789/789 788/788/788
f 698/698/698 788/788/788 787/787/787
f 697/697/697 787/787/787 786/786/786
f 696/696/696 786/786/786 785/785/785
f 695/695/695 785/785/785 784/784/784
f 694/694/694 784/784/784 783/783/783
f 693/693/693 783/783/783 782/782/782
f 692/692/692 782/782/782 781/781/781
f 691/691/691 781/781/781 780/780/780
f 690/690/690 780/780/780 779/779/779
f 689/689/689 779/779/779 778/778/778
f 688/688/688 778/778/778 777/777/777
f 687/687/687 777/777/777 776/776/776
f 686/686/686 776/776/776 775/775/775
f 685/685/685 775/775/775 774/774/774
f 684/684/684 774/774/774 773/773/773
f 683/683/683 773/773/773 772/772/772
f 682/682/682 772/772/772 771/771/771
f 681/681/681 771/771/771 770/770/770
f 680/680/680 770/770/770 769/769/769
f 679/679/679 769/769/769 768/768/768
f 678/678/678 768/768/768 767/767/767
f 677/677/677 767/767/767 766/766/766
f 676/676/676 766/766/766 765/765/765
f 675/675/675 765/765/765 764/764/764
f 674/674/674 764/764/764 763/763/763
f 673/673/673 763/763/763 762/762/762
f 672/672/672 762/762/762 761/761/761
f 671/671/671 761/761/761 760/760/760
f 670/670/670 760/760/760 759/759/759
f 669/669/669 759/759/759 758/758/758
f 668/668/668 758/758/758 757/757/757
f 667/667/667 757/757/757 756/756/756
f 666/666/666 756/756/756 755/755/755
f 665/665/665 755/755/755 754/754/754
f 664/664/664 754/754/754 753/753/753
f 663/663/663 753/753/753 752/752/752
f 662/662/662 752/752/752 751/751/751
f 661/661/661 751/751/751 750/750/750
f 660/660/660 750/750/750 749/749/749
f 659/659/659 749/749/749 748/748/748
f 658/658/658 748/748/748 747/747/747
f 657/657/657 747/747/747 746/746/746
f 656/656/656 746/746/746 745/745/745
f 655/655/655 745/745/745 744/744/744
f 654/654/654 744/744/744 743/743/743
f 653/653/653 743/743/743 742/742/742
f 652/652/652 742/742/742 741/741/741
f 651/651/651 741/741/741 740/740/740
f 650/650/650 740/740/740 739/739/739
f 649/649/649 739/739/739 738/738/738
f 648/648/648 738/738/738 737/737/737
f 647/647/647 737/737/737 736/736/736
f 646/646/646 736/736/736 735/735/735
f 645/645/645 735/735/735 734/734/734
f 644/644/644 734/734/734 733/733/733
f 643/643/643 733/733/733 732/732/732
f 642/642/642 732/732/732 731/731/731
f 641/641/641 731/731/731 730/730/730
f 640/640/640 730/730/730 729/729/729
f 639/639/639 729/729/729 728/728/728
f 638/638/638 728/728/728 727/727/727
f 637/637/637 727/727/727 726/726/726
f 636/636/636 726/726/726 725/725/725
f 635/635/635 725/725/725 724/724/724
f 634/634/634 724/724/724 723/723/723
f 633/633/633 723/723/723 722/722/722
f 632/632/632 722/722/722 721/721/721
f 541/541/541 631/631/631 720/720/720
f 630/630/630 720/720/720 719/719/719
f 629/629/629 719/719/719 718/718/718
f 628/628/628 718/718/718 717/717/717
f 627/627/627 717/717/717 716/716/716
f 626/626/626 716/716/716 715/715/715
f 625/625/625 715/715/715 714/714/714
f 624/624/624 714/714/714 713/713/713
f 623/623/623 713/713/713 712/712/712
f 622/622/622 712/712/712 711/711/711
f 621/621/621 711/711/711 710/710/710
f 620/620/620 710/710/710 709/709/709
f 619/619/619 709/709/709 708/708/708
f 618/618/618 708/708/708 707/707/707
f 617/617/617 707/707/707 706/706/706
f 616/616/616 706/706/706 705/705/705
f 615/615/615 705/705/705 704/704/704
f 614/614/614 704/704/704 703/703/703
f 613/613/613 703/703/703 702/702/702
f 612/612/612 702/702/702 701/701/701
f 611/611/611 701/701/701 700/700/700
f 610/610/610 700/700/700 699/699/699
f 609/609/609 699/699/699 698/698/698
f 608/608/608 698/698/698 697/697/697
f 607/607/607 697/697/697 696/696/696
f 606/606/606 696/696/696 695/695/695
f 605/605/605 695/695/695 694/694/694
f 604/604/604 694/694/694 693/693/693
f 603/603/603 693/693/693 692/692/692
f 602/602/602 692/692/692 691/691/691
f 601/601/601 691/691/691 690/690/690
f 600/600/600 690/690/690 689/689/689
f 599/599/599 689/689/689 688/688/688
f 598/598/598 688/688/688 687/687/687
f 597/597/597 687/687/687 686/686/686
f 596/596/596 686/686/686 685/685/685
f 595/595/595 685/685/685 684/684/684
f 594/594/594 684/684/684 683/683/683
f 593/593/593 683/683/683 682/682/682
f 592/592/592 682/682/682 681/681/681
f 591/591/591 681/681/681 680/680/680
f 590/590/590 680/680/680 679/679/679
f 589/589/589 679/679/679 678/678/678
f 588/588/588 678/678/678 677/677/677
f 587/587/587 677/677/677 676/676/676
f 586/586/586 676/676/676 675/675/675
f 585/585/585 675/675/675 674/674/674
f 584/584/584 674/674/674 673/673/673
f 583/583/583 673/673/673 672/672/672
f 582/582/582 672/672/672 671/671/671
f 581/581/581 671/671/671 670/670/670
f 580/580/580 670/670/670 669/669/669
f 579/579/579 669/669/669 668/668/668
f 578/578/578 668/668/668 667/667/667
f 577/577/577 667/667/667 666/666/666
f 576/576/576 666/666/666 665/665/665
f 575/575/575 665/665/665 664/664/664
f 574/574/574 664/664/664 663/663/663
f 573/573/573 663/663/663 662/662/662
f 572/572/572 662/662/662 661/661/661
f 571/571/571 661/661/661 660/660/660
f 570/570/570 660/660/660 659/659/659
f 569/569/569 659/659/659 658/658/658
f 568/568/568 658/658/658 657/657/657
f 567/567/567 657/657/657 656/656/656
f 566/566/566 656/656/656 655/655/655
f 565/565/565 655/655/655 654/654/654
f 564/564/564 654/654/654 653/653/653
f 563/563/563 653/653/653 652/652/652
f 562/562/562 652/652/652 651/651/651
f 561/561/561 651/651/651 650/650/650
f 560/560/560 650/650/650 649/649/649
f 559/559/559 649/649/649 648/648/648
f 558/558/558 648/648/648 647/647/647
f 557/557/557 647/647/647 646/646/646
f 556/556/556 646/646/646 645/645/645
f 555/555/555 645/645/645 644/644/644
f 554/554/554 644/644/644 643/643/643
f 553/553/553 643/643/643 642/642/642
f 552/552/552 642/642/642 641/641/641
f 551/551/551 641/641/641 640/640/640
f 550/550/550 640/640/640 639/639/639
f 549/549/549 639/639/639 638/638/638
f 548/548/548 638/638/638 637/637/637
f 547/547/547 637/637/637 636/636/636
f 546/546/546 636/636/636 635/635/635
f 545/545/545 635/635/635 634/634/634
f 544/544/544 634/634/634 633/633/633
f 543/543/543 633/633/633 632/632/632
f 542/542/542 632/632/632 631/631/631
f 451/451/451 541/541/541 630/630/630
f 540/540/540 630/630/630 629/629/629
f 539/539/539 629/629/629 628/628/628
f 538/538/538 628/628/628 627/627/627
f 537/537/537 627/627/627 626/626/626
f 536/536/536 626/626/626 625/625/625
f 535/535/535 625/625/625 624/624/624
f 534/534/534 624/624/624 623/623/623
f 533/533/533 623/623/623 622/622/622
f 532/532/532 622/622/622 621/621/621
f 531/531/531 621/621/621 620/620/620
f 530/530/530 620/620/620 619/619/619
f 529/529/529 619/619/619 618/618/618
f 528/528/528 618/618/618 617/617/617
f 527/527/527 617/617/617 616/616/616
f 526/526/526 616/616/616 615/615/615
f 525/525/525 615/615/615 614/614/614
f 524/524/524 614/614/614 613/613/613
f 523/523/523 613/613/613 612/612/612
f 522/522/522 612/612/612 611/611/611
f 521/521/521 611/611/611 610/610/610
f 520/520/520 610/610/610 609/609/609
f 519/519/519 609/609/609 608/608/608
f 518/518/518 608/608/608 607/607/607
f 517/517/517 607/607/607 606/606/606
f 516/516/516 606/606/606 605/605/605
f 515/515/515 605/605/605 604/604/604
f 514/514/514 604/604/604 603/603/603
f 513/513/513 603/603/603 602/602/602
f 512/512/512 602/602/602 601/601/601
f 511/511/511 601/601/601 600/600/600
f 510/510/510 600/600/600 599/599/599
f 509/509/509 599/599/599 598/598/598
f 508/508/508 598/598/598 597/597/597
f 507/507/507 597/597/597 596/596/596
f 506/506/506 596/596/596 595/595/595
f 505/505/505 595/595/595 594/594/594
f 504/504/504 594/594/594 593/593/593
f 503/503/503 593/593/593 592/592/592
f 502/502/502 592/592/592 591/591/591
f 501/501/501 591/591/591 590/590/590
f 500/500/500 590/590/590 589/589/589
f 499/499/499 589/589/589 588/588/588
f 498/498/498 588/588/588 587/587/587
f 497/497/497 587/587/587 586/586/586
f 496/496/496 586/586/586 585/585/585
f 495/495/495 585/585/585 584/584/584
f 494/494/494 584/584/584 583/583/583
f 493/493/493 583/583/583 582/582/582
f 492/492/492 582/582/582 581/581/581
f 491/491/491 581/581/581 580/580/580
f 490/490/490 580/580/580 579/579/579
f 489/489/489 579/579/579 578/578/578
f 488/488/488 578/578/578 577/577/577
f 487/487/487 577/577/577 576/576/576
f 486/486/486 576/576/576 575/575/575
f 485/485/485 575/575/575 574/574/574
f 484/484/484 574/574/574 573/573/573
f 483/483/483 573/573/573 572/572/572
f 482/482/482 572/572/572 571/571/571
f 481/481/481 571/571/571 570/570/570
f 480/480/480 570/570/570 569/569/569
f 479/479/479 569/569/569 568/568/568
f 478/478/478 568/568/568 567/567/567
f 477/477/477 567/567/567 566/566/566
f 476/476/476 566/566/566 565/565/565
f 475/475/475 565/565/565 564/564/564
f 474/474/474 564/564/564 563/563/563
f 473/473/473 563/563/563 562/562/562
f 472/472/472 562/562/562 561/561/561
f 471/471/471 561/561/561 560/560/560
f 470/470/470 560/560/560 559/559/559
f 469/469/469 559/559/559 558/558/558
f 468/468/468 558/558/558 557/557/557
f 467/467/467 557/557/557 556/556/556
f 466/466/466 556/556/556 555/555/555
f 465/465/465 555/555/555 554/554/554
f 464/464/464 554/554/554 553/553/553
f 463/463/463 553/553/553 552/552/552
f 462/462/462 552/552/552 551/551/551
f 461/461/461 551/551/551 550/550/550
f 460/460/460 550/550/550 549/549/549
f 459/459/459 549/549/549 548/548/548
f 458/458/458 548/548/548 547/547/547
f 457/457/457 547/547/547 546/546/546
f 456/456/456 546/546/546 545/545/545
f 455/455/455 545/545/545 544/544/544
f 454/454/454 544/544/544 543/543/543
f 453/453/453 543/543/543 542/542/542
f 452/452/452 542/542/542 541/541/541
f 361/361/361 451/451/451 540/540/540
f 450/450/450 540/540/540 539/539/539
f 449/449/449 539/539/539 538/538/538
f 448/448/448 538/538/538 537/537/537
f 447/447/447 537/537/537 536/536/536
f 446/446/446 536/536/536 535/535/535
f 445/445/445 535/535/535 534/534/534
f 444/444/444 534/534/534 533/533/533
f 443/443/443 533/533/533 532/532/532
f 442/442/442 532/532/532 531/531/531
f 441/441/441 531/531/531 530/530/530
f 440/440/440 530/530/530 529/529/529
f 439/439/439 529/529/529 528/528/528
f 438/438/438 528/528/528 527/527/527
f 437/437/437 527/527/527 526/526/526
f 436/436/436 526/526/526 525/525/525
f 435/435/435 525/525/525 524/524/524
f 434/434/434 524/524/524 523/523/523
f 433/433/433 523/523/523 522/522/522
f 432/432/432 522/522/522 521/521/521
f 431/431/431 521/521/521 520/520/520
f 430/430/430 520/520/520 519/519/519
f 429/429/429 519/519/519 518/518/518
f 428/428/428 518/518/518 517/517/517
f 427/427/427 517/517/517 516/516/516
f 426/426/426 516/516/516 515/515/515
f 425/425/425 515/515/515 514/514/514
f 424/424/424 514/514/514 513/513/513
f 423/423/423 513/513/513 512/512/512
f 422/422/422 512/512/512 511/511/511
f 421/421/421 511/511/511 510/510/510
f 420/420/420 510/510/510 509/509/509
f 419/419/419 509/509/509 508/508/508
f 418/418/418 508/508/508 507/507/507
f 417/417/417 507/507/507 506/506/506
f 416/416/416 506/506/506 505/505/505
f 415/415/415 505/505/505 504/504/504
f 414/414/414 504/504/504 503/503/503
f 413/413/413 503/503/503 502/502/502
f 412/412/412 502/502/502 501/501/501
f 411/411/411 501/501/501 500/500/500
f 410/410/410 500/500/500 499/499/499
f 409/409/409 499/499/499 498/498/498
f 408/408/408 498/498/498 497/497/497
f 407/407/407 497/497/497 496/496/496
f 406/406/406 496/496/496 495/495/495
f 405/405/405 495/495/495 494/494/494
f 404/404/404 494/494/494 493/493/493
f 403/403/403 493/493/493 492/492/492
f 402/402/402 492/492/492 491/491/491
f 401/401/401 491/491/491 490/490/490
f 400/400/400 490/490/490 489/489/489
f 399/399/399 489/489/489 488/488/488
f 398/398/398 488/488/488 487/487/487
f 397/397/397 487/487/487 486/486/486
f 396/396/396 486/486/486 485/485/485
f 395/395/395 485/485/485 484/484/484
f 394/394/394 484/484/484 483/483/483
f 393/393/393 483/483/483 482/482/482
f 392/392/392 482/482/482 481/481/481
f 391/391/391 481/481/481 480/480/480
f 390/390/390 480/480/480 479/479/479
f 389/389/389 479/479/479 478/478/478
f 388/388/388 478/478/478 477/477/477
f 387/387/387 477/477/477 476/476/476
f 386/386/386 476/476/476 475/475/475
f 385/385/385 475/475/475 474/474/474
f 384/384/384 474/474/474 473/473/473
f 383/383/383 473/473/473 472/472/472
f 382/382/382 472/472/472 471/471/471
f 381/381/381 471/471/471 470/470/470
f 380/380/380 470/470/470 469/469/469
f 379/379/379 469/469/469 468/468/468
f 378/378/378 468/468/468 467/467/467
f 377/377/377 467/467/467 466/466/466
f 376/376/376 466/466/466 465/465/465
f 375/375/375 465/465/465 464/464/464
f 374/374/374 464/464/464 463/463/463
f 373/373/373 463/463/463 462/462/462
f 372/372/372 462/462/462 461/461/461
f 371/371/371 461/461/461 460/460/460
f 370/370/370 460/460/460 459/459/459
f 369/369/369 459/459/459 458/458/458
f 368/368/368 458/458/458 457/457/457
f 367/367/367 457/457/457 456/456/456
f 366/366/366 456/456/456 455/455/455
f 365/365/365 455/455/455 454/454/454
f 364/364/364 454/454/454 453/453/453
f 363/363/363 453/453/453 452/452/452
f 362/362/362 452/452/452 451/451/451
f 271/271/271 361/361/361 450/450/450
f 360/360/360 450/450/450 449/449/449
f 359/359/359 449/449/449 448/448/448
f 358/358/358 448/448/448 447/447/447
f 357/357/357 447/447/447 446/446/446
f 356/356/356 446/446/446 445/445/445
f 355/355/355 445/445/445 444/444/444
f 354/354/354 444/444/444 443/443/443
f 353/353/353 443/443/443 442/442/442
f 352/352/352 442/442/442 441/441/441
f 351/351/351 441/441/441 440/440/440
f 350/350/350 440/440/440 439/439/439
f 349/349/349 439/439/439 438/438/438
f 348/348/348 438/438/438 437/437/437
f 347/347/347 437/437/437 436/436/436
f 346/346/346 436/436/436 435/435/435
f 345/345/345 435/435/435 434/434/434
f 344/344/344 434/434/434 433/433/433
f 343/343/343 433/433/433 432/432/432
f 342/342/342 432/432/432 431/431/431
f 341/341/341 431/431/431 430/430/430
f 340/340/340 430/430/430 429/429/429
f 339/339/339 429/429/429 428/428/428
f 338/338/338 428/428/428 427/427/427
f 337/337/337 427/427/427 426/426/426
f 336/336/336 426/426/426 425/425/425
f 335/335/335 425/425/425 424/424/424
f 334/334/334 424/424/424 423/423/423
f 333/333/333 423/423/423 422/422/422
f 332/332/332 422/422/422 421/421/421
f 331/331/331 421/421/421 420/420/420
f 330/330/330 420/420/420 419/419/419
f 329/329/329 419/419/419 418/418/418
f 328/328/328 418/418/418 417/417/417
f 327/327/327 417/417/417 416/416/416
f 326/326/326 416/416/416 415/415/415
f 325/325/325 415/415/415 414/414/414
f 324/324/324 414/414/414 413/413/413
f 323/323/323 413/413/413 412/412/412
f 322/322/322 412/412/412 411/411/411
f 321/321/321 411/411/411 410/410/410
f 320/320/320 410/410/410 409/409/409
f 319/319/319 409/409/409 408/408/408
f 318/318/318 408/408/408 407/407/407
f 317/317/317 407/407/407 406/406/406
f 316/316/316 406/406/406 405/405/405
f 315/315/315 405/405/405 404/404/404
f 314/314/314 404/404/404 403/403/403
f 313/313/313 403/403/403 402/402/402
f 312/312/312 402/402/402 401/401/401
f 311/311/311 401/401/401 400/400/400
f 310/310/310 400/400/400 399/399/399
f 309/309/309 399/399/399 398/398/398
f 308/308/308 398/398/398 397/397/397
f 307/307/307 397/397/397 396/396/396
f 306/306/306 396/396/396 395/395/395
f 305/305/305 395/395/395 394/394/394
f 304/304/304 394/394/394 393/393/393
f 303/303/303 393/393/393 392/392/392
f 302/302/302 392/392/392 391/391/391
f 301/301/301 391/391/391 390/390/390
f 300/300/300 390/390/390 389/389/389
f 299/299/299 389/389/389 388/388/388
f 298/298/298 388/388/388 387/387/387
f 297/297/297 387/387/387 386/386/386
f 296/296/296 386/386/386 385/385/385
f 295/295/295 385/385/385 384/384/384
f 294/294/294 384/384/384 383/383/383
f 293/293/293 383/383/383 382/382/382
f 292/292/292 382/382/382 381/381/381
f 291/291/291 381/381/381 380/380/380
f 290/290/290 380/380/380 379/379/379
f 289/289/289 379/379/379 378/378/378
f 288/288/288 378/378/378 377/377/377
f 287/287/287 377/377/377 376/376/376
f 286/286/286 376/376/376 375/375/375
f 285/285/285 375/375/375 374/374/374
f 284/284/284 374/374/374 373/373/373
f 283/283/283 373/373/373 372/372/372
f 282/282/282 372/372/372 371/371/371
f 281/281/281 371/371/371 370/370/370
f 280/280/280 370/370/370 369/369/369
f 279/279/279 369/369/369 368/368/368
f 278/278/278 368/368/368 367/367/367
f 277/277/277 367/367/367 366/366/366
f 276/276/276 366/366/366 365/365/365
f 275/275/275 365/365/365 364/364/364
f 274/274/274 364/364/364 363/363/363
f 273/273/273 363/363/363 362/362/362
f 272/272/272 362/362/362 361/361/361
f 181/181/181 271/271/271 360/360/360
f 270/270/270 360/360/360 359/359/359
f 269/269/269 359/359/359 358/358/358
f 268/268/268 358/358/358 357/357/357
f 267/267/267 357/357/357 356/356/356
f 266/266/266 356/356/356 355/355/355
f 265/265/265 355/355/355 354/354/354
f 264/264/264 354/354/354 353/353/353
f 263/263/263 353/353/353 352/352/352
f 262/262/262 352/352/352 351/351/351
f 261/261/261 351/351/351 350/350/350
f 260/260/260 350/350/350 349/349/349
f 259/259/259 349/349/349 348/348/348
f 258/258/258 348/348/348 347/347/347
f 257/257/257 347/347/347 346/346/346
f 256/256/256 346/346/346 345/345/345
f 255/255/255 345/345/345 344/344/344
f 254/254/254 344/344/344 343/343/343
f 253/253/253 343/343/343 342/342/342
f 252/252/252 342/342/342 341/341/341
f 251/251/251 341/341/341 340/340/340
f 250/250/250 340/340/340 339/339/339
f 249/249/249 339/339/339 338/338/338
f 248/248/248 338/338/338 337/337/337
f 247/247/247 337/337/337 336/336/336
f 246/246/246 336/336/336 335/335/335
f 245/245/245 335/335/335 334/334/334
f 244/244/244 334/334/334 333/333/333
f 243/243/243 333/333/333 332/332/332
f 242/242/242 332/332/332 331/331/331
f 241/241/241 331/331/331 330/330/330
f 240/240/240 330/330/330 329/329/329
f 239/239/239 329/329/329 328/328/328
f 238/238/238 328/328/328 327/327/327
f 237/237/237 327/327/327 326/326/326
f 236/236/236 326/326/326 325/325/325
f 235/235/235 325/325/325 324/324/324
f 234/234/234 324/324/324 323/323/323
f 233/233/233 323/323/323 322/322/322
f 232/232/232 322/322/322 321/321/321
f 231/231/231 321/321/321 320/320/320
f 230/230/230 320/320/320 319/319/319
f 229/229/229 319/319/319 318/318/318
f 228/228/228 318/318/318 317/317/317
f 227/227/227 317/317/317 316/316/316
f 226/226/226 316/316/316 315/315/315
f 225/225/225 315/315/315 314/314/314
f 224/224/224 314/314/314 313/313/313
f 223/223/223 313/313/313 312/312/312
f 222/222/222 312/312/312 311/311/311
f 221/221/221 311/311/311 310/310/310
f 220/220/220 310/310/310 309/309/309
f 219/219/219 309/309/309 308/308/308
f 218/218/218 308/308/308 307/307/307
f 217/217/217 307/307/307 306/306/306
f 216/216/216 306/306/306 305/305/305
f 215/215/215 305/305/305 304/304/304
f 214/214/214 304/304/304 303/303/303
f 213/213/213 303/303/303 302/302/302
f 212/212/212 302/302/302 301/301/301
f 211/211/211 301/301/301 300/300/300
f 210/210/210 300/300/300 299/299/299
f 209/209/209 299/299/299 298/298/298
f 208/208/208 298/298/298 297/297/297
f 207/207/207 297/297/297 296/296/296
f 206/206/206 296/296/296 295/295/295
f 205/205/205 295/295/295 294/294/294
f 204/204/204 294/294/294 293/293/293
f 203/203/203 293/293/293 292/292/292
f 202/202/202 292/292/292 291/291/291
f 201/201/201 291/291/291 290/290/290
f 200/200/200 290/290/290 289/289/289
f 199/199/199 289/289/289 288/288/288
f 198/198/198 288/288/288 287/287/287
f 197/197/197 287/287/287 286/286/286
f 196/196/196 286/286/286 285/285/285
f 195/195/195 285/285/285 284/284/284
f 194/194/194 284/284/284 283/283/283
f 193/193/193 283/283/283 282/282/282
f 192/192/192 282/282/282 281/281/281
f 191/191/191 281/281/281 280/280/280
f 190/190/190 280/280/280 279/279/279
f 189/189/189 279/279/279 278/278/278
f 188/188/188 278/278/278 277/277/277
f 187/187/187 277/277/277 276/276/276
f 186/186/186 276/276/276 275/275/275
f 185/185/185 275/275/275 274/274/274
f 184/184/184 274/274/274 273/273/273
f 183/183/183 273/273/273 272/272/272
f 182/182/182 272/272/272 271/271/271
f 91/1/1 181/181/181 270/270/270
f 180/180/180 270/270/270 269/269/269
f 179/178/178 269/269/269 268/268/268
f 178/176/176 268/268/268 267/267/267
f 177/174/174 267/267/267 266/266/266
f 176/172/172 266/266/266 265/265/265
f 175/170/170 265/265/265 264/264/264
f 174/168/168 264/264/264 263/263/263
f 173/166/166 263/263/263 262/262/262
f 172/164/164 262/262/262 261/261/261
f 171/162/162 261/261/261 260/260/260
f 170/160/160 260/260/260 259/259/259
f 169/158/158 259/259/259 258/258/258
f 168/156/156 258/258/258 257/257/257
f 167/154/154 257/257/257 256/256/256
f 166/152/152 256/256/256 255/255/255
f 165/150/150 255/255/255 254/254/254
f 164/148/148 254/254/254 253/253/253
f 163/146/146 253/253/253 252/252/252
f 162/144/144 252/252/252 251/251/251
f 161/142/142 251/251/251 250/250/250
f 160/140/140 250/250/250 249/249/249
f 159/138/138 249/249/249 248/248/248
f 158/136/136 248/248/248 247/247/247
f 157/134/134 247/247/247 246/246/246
f 156/132/132 246/246/246 245/245/245
f 155/130/130 245/245/245 244/244/244
f 154/128/128 244/244/244 243/243/243
f 153/126/126 243/243/243 242/242/242
f 152/124/124 242/242/242 241/241/241
f 151/122/122 241/241/241 240/240/240
f 150/120/120 240/240/240 239/239/239
f 149/118/118 239/239/239 238/238/238
f 148/116/116 238/238/238 237/237/237
f 147/114/114 237/237/237 236/236/236
f 146/112/112 236/236/236 235/235/235
f 145/110/110 235/235/235 234/234/234
f 144/108/108 234/234/234 233/233/233
f 143/106/106 233/233/233 232/232/232
f 142/104/104 232/232/232 231/231/231
f 141/102/102 231/231/231 230/230/230
f 140/100/100 230/230/230 229/229/229
f 139/98/98 229/229/229 228/228/228
f 138/96/96 228/228/228 227/227/227
f 137/94/94 227/227/227 226/226/226
f 136/92/92 226/226/226 225/225/225
f 135/90/90 225/225/225 224/224/224
f 134/88/88 224/224/224 223/223/223
f 133/86/86 223/223/223 222/222/222
f 132/84/84 222/222/222 221/221/221
f 131/82/82 221/221/221 220/220/220
f 130/80/80 220/220/220 219/219/219
f 129/78/78 219/219/219 218/218/218
f 128/76/76 218/218/218 217/217/217
f 127/74/74 217/217/217 216/216/216
f 126/72/72 216/216/216 215/215/215
f 125/70/70 215/215/215 214/214/214
f 124/68/68 214/214/214 213/213/213
f 123/66/66 213/213/213 212/212/212
f 122/64/64 212/212/212 211/211/211
f 121/62/62 211/211/211 210/210/210
f 120/60/60 210/210/210 209/209/209
f 119/58/58 209/209/209 208/208/208
f 118/56/56 208/208/208 207/207/207
f 117/54/54 207/207/207 206/206/206
f 116/52/52 206/206/206 205/205/205
f 115/50/50 205/205/205 204/204/204
f 114/48/48 204/204/204 203/203/203
f 113/46/46 203/203/203 202/202/202
f 112/44/44 202/202/202 201/201/201
f 111/42/42 201/201/201 200/200/200
f 110/40/40 200/200/200 199/199/199
f 109/38/38 199/199/199 198/198/198
f 108/36/36 198/198/198 197/197/197
f 107/34/34 197/197/197 196/196/196
f 106/32/32 196/196/196 195/195/195
f 105/30/30 195/195/195 194/194/194
f 104/28/28 194/194/194 193/193/193
f 103/26/26 193/193/193 192/192/192
f 102/24/24 192/192/192 191/191/191
f 101/22/22 191/191/191 190/190/190
f 100/20/20 190/190/190 189/189/189
f 99/18/18 189/189/189 188/188/188
f 98/16/16 188/188/188 187/187/187
f 97/14/14 187/187/187 186/186/186
f 96/12/12 186/186/186 185/185/185
f 95/10/10 185/185/185 184/184/184
f 94/8/8 184/184/184 183/183/183
f 93/6/6 183/183/183 182/182/182
f 92/4/4 182/182/182 181/181/181
f 1/2/2 91/1/1 180/180/180
f 90/179/179 180/180/180 179/178/178
f 89/177/177 179/178/178 178/176/176
f 88/175/175 178/176/176 177/174/174
f 87/173/173 177/174/174 176/172/172
f 86/171/171 176/172/172 175/170/170
f 85/169/169 175/170/170 174/168/168
f 84/167/167 174/168/168 173/166/166
f 83/165/165 173/166/166 172/164/164
f 82/163/163 172/164/164 171/162/162
f 81/161/161 171/162/162 170/160/160
f 80/159/159 170/160/160 169/158/158
f 79/157/157 169/158/158 168/156/156
f 78/155/155 168/156/156 167/154/154
f 77/153/153 167/154/154 166/152/152
f 76/151/151 166/152/152 165/150/150
f 75/149/149 165/150/150 164/148/148
f 74/147/147 164/148/148 163/146/146
f 73/145/145 163/146/146 162/144/144
f 72/143/143 162/144/144 161/142/142
f 71/141/141 161/142/142 160/140/140
f 70/139/139 160/140/140 159/138/138
f 69/137/137 159/138/138 158/136/136
f 68/135/135 158/136/136 157/134/134
f 67/133/133 157/134/134 156/132/132
f 66/131/131 156/132/132 155/130/130
f 65/129/129 155/130/130 154/128/128
f 64/127/127 154/128/128 153/126/126
f 63/125/125 153/126/126 152/124/124
f 62/123/123 152/124/124 151/122/122
f 61/121/121 151/122/122 150/120/120
f 60/119/119 150/120/120 149/118/118
f 59/117/117 149/118/118 148/116/116
f 58/115/115 148/116/116 147/114/114
f 57/113/113 147/114/114 146/112/112
f 56/111/111 146/112/112 145/110/110
f 55/109/109 145/110/110 144/108/108
f 54/107/107 144/108/108 143/106/106
f 53/105/105 143/106/106 142/104/104
f 52/103/103 142/104/104 141/102/102
f 51/101/101 141/102/102 140/100/100
f 50/99/99 140/100/100 139/98/98
f 49/97/97 139/98/98 138/96/96
f 48/95/95 138/96/96 137/94/94
f 47/93/93 137/94/94 136/92/92
f 46/91/91 136/92/92 135/90/90
f 45/89/89 135/90/90 134/88/88
f 44/87/87 134/88/88 133/86/86
f 43/85/85 133/86/86 132/84/84
f 42/83/83 132/84/84 131/82/82
f 41/81/81 131/82/82 130/80/80
f 40/79/79 130/80/80 129/78/78
f 39/77/77 129/78/78 128/76/76
f 38/75/75 128/76/76 127/74/74
f 37/73/73 127/74/74 126/72/72
f 36/71/71 126/72/72 125/70/70
f 35/69/69 125/70/70 124/68/68
f 34/67/67 124/68/68 123/66/66
f 33/65/65 123/66/66 122/64/64
f 32/63/63 122/64/64 121/62/62
f 31/61/61 121/62/62 120/60/60
f 30/59/59 120/60/60 119/58/58
f 29/57/57 119/58/58 118/56/56
f 28/55/55 118/56/56 117/54/54
f 27/53/53 117/54/54 116/52/52
f 26/51/51 116/52/52 115/50/50
f 25/49/49 115/50/50 114/48/48
f 24/47/47 114/48/48 113/46/46
f 23/45/45 113/46/46 112/44/44
f 22/43/43 112/44/44 111/42/42
f 21/41/41 111/42/42 110/40/40
f 20/39/39 110/40/40 109/38/38
f 19/37/37 109/38/38 108/36/36
f 18/35/35 108/36/36 107/34/34
f 17/33/33 107/34/34 106/32/32
f 16/31/31 106/32/32 105/30/30
f 15/29/29 105/30/30 104/28/28
f 14/27/27 104/28/28 103/26/26
f 13/25/25 103/26/26 102/24/24
f 12/23/23 102/24/24 101/22/22
f 11/21/21 101/22/22 100/20/20
f 10/19/19 100/20/20 99/18/18
f 9/17/17 99/18/18 98/16/16
f 8/15/15 98/16/16 97/14/14
f 7/13/13 97/14/14 96/12/12
f 6/11/11 96/12/12 95/10/10
f 5/9/9 95/10/10 94/8/8
f 4/7/7 94/8/8 93/6/6
f 3/5/5 93/6/6 92/4/4
f 2/3/3 92/4/4 91/1/1
f 2072/2161/2072 46/2162/2072 45/2163/2073
f 2073/2164/2073 45/2163/2073 44/2165/2074
f 2074/2166/2074 44/2165/2074 43/2167/2075
f 2075/2168/2075 43/2167/2075 42/2169/2076
f 2076/2170/2076 42/2169/2076 41/2171/2077
f 2077/2172/2077 41/2171/2077 40/2173/2078
f 2078/2174/2078 40/2173/2078 39/2175/2079
f 2079/2176/2079 39/2175/2079 38/2177/2080
f 2080/2178/2080 38/2177/2080 37/2179/2081
f 2081/2180/2081 37/2179/2081 36/2181/2082
f 2082/2182/2082 36/2181/2082 35/2183/2083
f 2083/2184/2083 35/2183/2083 34/2185/2084
f 2084/2186/2084 34/2185/2084 33/2187/2085
f 2085/2188/2085 33/2187/2085 32/2189/2086
f 2086/2190/2086 32/2189/2086 31/2191/2087
f 2087/2192/2087 31/2191/2087 30/2193/2088
f 2088/2194/2088 30/2193/2088 29/2195/2089
f 2089/2196/2089 29/2195/2089 28/2197/2090
f 2090/2198/2090 28/2197/2090 27/2199/2091
f 2091/2200/2091 27/2199/2091 26/2201/2092
f 2092/2202/2092 26/2201/2092 25/2203/2093
f 2093/2204/2093 25/2203/2093 24/2205/2094
f 23/2206/2095 2094/2207/2095 2095/2208/2096
f 2095/2208/2096 24/2205/2094 23/2206/2095
f 2094/2207/2095 23/2206/2095 22/2209/2097
f 2096/2210/2097 22/2209/2097 21/2211/2098
f 2097/2212/2098 21/2211/2098 20/2213/2099
f 2098/2214/2099 20/2213/2099 19/2215/2100
f 2099/2216/2100 19/2215/2100 18/2217/2101
f 2100/2218/2101 18/2217/2101 17/2219/2102
f 2101/2220/2102 17/2219/2102 16/2221/2103
f 2102/2222/2103 16/2221/2103 15/2223/2104
f 2103/2224/2104 15/2223/2104 14/2225/2105
f 2104/2226/2105 14/2225/2105 13/2227/2106
f 2105/2228/2106 13/2227/2106 12/2229/2107
f 2106/2230/2107 12/2229/2107 11/2231/2108
f 2107/2232/2108 11/2231/2108 10/2233/2109
f 2108/2234/2109 10/2233/2109 9/2235/2110
f 2109/2236/2110 9/2235/2110 8/2237/2111
f 2110/2238/2111 8/2237/2111 7/2239/2112
f 2111/2240/2112 7/2239/2112 6/2241/2113
f 2112/2242/2113 6/2241/2113 5/2243/2114
f 2113/2244/2114 5/2243/2114 4/2245/2115
f 2114/2246/2115 4/2245/2115 3/2247/2116
f 2115/2248/2116 3/2247/2116 2/2249/2117
f 2116/2250/2117 2/2249/2117 1/2251/2118
f 2117/2252/2118 1/2251/2118 90/2253/2119
f 2118/2254/2119 90/2253/2119 89/2255/2120
f 2119/2256/2120 89/2255/2120 88/2257/2121
f 2120/2258/2121 88/2257/2121 87/2259/2122
f 2121/2260/2122 87/2259/2122 86/2261/2123
f 2122/2262/2123 86/2261/2123 85/2263/2124
f 2123/2264/2124 85/2263/2124 84/2265/2125
f 2124/2266/2125 84/2265/2125 83/2267/2126
f 2125/2268/2126 83/2267/2126 82/2269/2127
f 2126/2270/2127 82/2269/2127 81/2271/2128
f 2127/2272/2128 81/2271/2128 80/2273/2129
f 2128/2274/2129 80/2273/2129 79/2275/2130
f 2129/2276/2130 79/2275/2130 78/2277/2131
f 2130/2278/2131 78/2277/2131 77/2279/2132
f 2131/2280/2132 77/2279/2132 76/2281/2133
f 2132/2282/2133 76/2281/2133 75/2283/2134
f 2133/2284/2134 75/2283/2134 74/2285/2135
f 2134/2286/2135 74/2285/2135 73/2287/2136
f 2135/2288/2136 73/2287/2136 72/2289/2137
f 2136/2290/2137 72/2289/2137 71/2291/2138
f 2137/2292/2138 71/2291/2138 70/2293/2139
f 2138/2294/2139 70/2293/2139 69/2295/2140
f 68/2296/2141 2139/2297/2141 2140/2298/2142
f 2140/2298/2142 69/2295/2140 68/2296/2141
f 2139/2297/2141 68/2296/2141 67/2299/2143
f 2141/2300/2143 67/2299/2143 66/2301/2144
f 2142/2302/2144 66/2301/2144 65/2303/2145
f 2143/2304/2145 65/2303/2145 64/2305/2146
f 2144/2306/2146 64/2305/2146 63/2307/2147
f 2145/2308/2147 63/2307/2147 62/2309/2148
f 2146/2310/2148 62/2309/2148 61/2311/2149
f 2147/2312/2149 61/2311/2149 60/2313/2150
f 2148/2314/2150 60/2313/2150 59/2315/2151
f 2149/2316/2151 59/2315/2151 58/2317/2152
f 2150/2318/2152 58/2317/2152 57/2319/2153
f 2151/2320/2153 57/2319/2153 56/2321/2154
f 2152/2322/2154 56/2321/2154 55/2323/2155
f 2153/2324/2155 55/2323/2155 54/2325/2156
f 2154/2326/2156 54/2325/2156 53/2327/2157
f 2155/2328/2157 53/2327/2157 52/2329/2158
f 2156/2330/2158 52/2329/2158 51/2331/2159
f 2157/2332/2159 51/2331/2159 50/2333/2160
f 2158/2334/2160 50/2333/2160 49/2335/2161
f 2159/2336/2161 49/2335/2161 48/2337/2162
f 2160/2338/2162 48/2337/2162 47/2339/2163
f 2161/2340/2163 47/2339/2163 46/2162/2072
f 46/2162/2072 2072/2161/2072 2161/2340/2163
f 47/2339/2163 2161/2340/2163 2160/2338/2162
f 48/2337/2162 2160/2338/2162 2159/2336/2161
f 49/2335/2161 2159/2336/2161 2158/2334/2160
f 50/2333/2160 2158/2334/2160 2157/2332/2159
f 51/2331/2159 2157/2332/2159 2156/2330/2158
f 52/2329/2158 2156/2330/2158 2155/2328/2157
f 53/2327/2157 2155/2328/2157 2154/2326/2156
f 54/2325/2156 2154/2326/2156 2153/2324/2155
f 55/2323/2155 2153/2324/2155 2152/2322/2154
f 56/2321/2154 2152/2322/2154 2151/2320/2153
f 57/2319/2153 2151/2320/2153 2150/2318/2152
f 58/2317/2152 2150/2318/2152 2149/2316/2151
f 59/2315/2151 2149/2316/2151 2148/2314/2150
f 60/2313/2150 2148/2314/2150 2147/2312/2149
f 61/2311/2149 2147/2312/2149 2146/2310/2148
f 62/2309/2148 2146/2310/2148 2145/2308/2147
f 63/2307/2147 2145/2308/2147 2144/2306/2146
f 64/2305/2146 2144/2306/2146 2143/2304/2145
f 65/2303/2145 2143/2304/2145 2142/2302/2144
f 66/2301/2144 2142/2302/2144 2141/2300/2143
f 67/2299/2143 2141/2300/2143 2139/2297/2141
f 2140/2298/2142 2162/2341/2164 69/2295/2140
f 69/2295/2140 2162/2341/2164 2138/2294/2139
f 70/2293/2139 2138/2294/2139 2137/2292/2138
f 71/2291/2138 2137/2292/2138 2136/2290/2137
f 72/2289/2137 2136/2290/2137 2135/2288/2136
f 73/2287/2136 2135/2288/2136 2134/2286/2135
f 74/2285/2135 2134/2286/2135 2133/2284/2134
f 75/2283/2134 2133/2284/2134 2132/2282/2133
f 76/2281/2133 2132/2282/2133 2131/2280/2132
f 77/2279/2132 2131/2280/2132 2130/2278/2131
f 78/2277/2131 2130/2278/2131 2129/2276/2130
f 79/2275/2130 2129/2276/2130 2128/2274/2129
f 80/2273/2129 2128/2274/2129 2127/2272/2128
f 81/2271/2128 2127/2272/2128 2126/2270/2127
f 82/2269/2127 2126/2270/2127 2125/2268/2126
f 83/2267/2126 2125/2268/2126 2124/2266/2125
f 84/2265/2125 2124/2266/2125 2123/2264/2124
f 85/2263/2124 2123/2264/2124 2122/2262/2123
f 86/2261/2123 2122/2262/2123 2121/2260/2122
f 87/2259/2122 2121/2260/2122 2120/2258/2121
f 88/2257/2121 2120/2258/2121 2119/2256/2120
f 89/2255/2120 2119/2256/2120 2118/2254/2119
f 90/2253/2119 2118/2254/2119 2117/2252/2118
f 1/2251/2118 2117/2252/2118 2116/2250/2117
f 2/2249/2117 2116/2250/2117 2115/2248/2116
f 3/2247/2116 2115/2248/2116 2114/2246/2115
f 4/2245/2115 2114/2246/2115 2113/2244/2114
f 5/2243/2114 2113/2244/2114 2112/2242/2113
f 6/2241/2113 2112/2242/2113 2111/2240/2112
f 7/2239/2112 2111/2240/2112 2110/2238/2111
f 8/2237/2111 2110/2238/2111 2109/2236/2110
f 9/2235/2110 2109/2236/2110 2108/2234/2109
f 10/2233/2109 2108/2234/2109 2107/2232/2108
f 11/2231/2108 2107/2232/2108 2106/2230/2107
f 12/2229/2107 2106/2230/2107 2105/2228/2106
f 13/2227/2106 2105/2228/2106 2104/2226/2105
f 14/2225/2105 2104/2226/2105 2103/2224/2104
f 15/2223/2104 2103/2224/2104 2102/2222/2103
f 16/2221/2103 2102/2222/2103 2101/2220/2102
f 17/2219/2102 2101/2220/2102 2100/2218/2101
f 18/2217/2101 2100/2218/2101 2099/2216/2100
f 19/2215/2100 2099/2216/2100 2098/2214/2099
f 20/2213/2099 2098/2214/2099 2097/2212/2098
f 21/2211/2098 2097/2212/2098 2096/2210/2097
f 22/2209/2097 2096/2210/2097 2094/2207/2095
f 2095/2208/2096 2163/2342/2165 24/2205/2094
f 24/2205/2094 2163/2342/2165 2093/2204/2093
f 25/2203/2093 2093/2204/2093 2092/2202/2092
f 26/2201/2092 2092/2202/2092 2091/2200/2091
f 27/2199/2091 2091/2200/2091 2090/2198/2090
f 28/2197/2090 2090/2198/2090 2089/2196/2089
f 29/2195/2089 2089/2196/2089 2088/2194/2088
f 30/2193/2088 2088/2194/2088 2087/2192/2087
f 31/2191/2087 2087/2192/2087 2086/2190/2086
f 32/2189/2086 2086/2190/2086 2085/2188/2085
f 33/2187/2085 2085/2188/2085 2084/2186/2084
f 34/2185/2084 2084/2186/2084 2083/2184/2083
f 35/2183/2083 2083/2184/2083 2082/2182/2082
f 36/2181/2082 2082/2182/2082 2081/2180/2081
f 37/2179/2081 2081/2180/2081 2080/2178/2080
f 38/2177/2080 2080/2178/2080 2079/2176/2079
f 39/2175/2079 2079/2176/2079 2078/2174/2078
f 40/2173/2078 2078/2174/2078 2077/2172/2077
f 41/2171/2077 2077/2172/2077 2076/2170/2076
f 42/2169/2076 2076/2170/2076 2075/2168/2075
f 43/2167/2075 2075/2168/2075 2074/2166/2074
f 44/2165/2074 2074/2166/2074 2073/2164/2073
f 45/2163/2073 2073/2164/2073 2072/2161/2072
f 2164/2343/2166 2165/2344/2166 2107/2345/2166
f 2108/2346/2166 2166/2347/2166 2167/2348/2166
f 2168/2349/2166 2114/2350/2166 2115/2351/2166
f 2169/2352/2166 2170/2353/2166 2113/2354/2166
f 2105/2355/2166 2106/2356/2166 2171/2357/2166
f 2172/2358/2166 2109/2359/2166 2110/2360/2166
f 2167/2348/2166 2164/2343/2166 2108/2346/2166
f 2108/2346/2166 2172/2358/2166 2173/2361/2166
f 2170/2353/2166 2172/2358/2166 2111/2362/2166
f 2115/2351/2166 2116/2363/2166 2168/2349/2166
f 2114/2350/2166 2168/2349/2166 2169/2352/2166
f 2174/2364/2166 2098/2365/2166 2099/2366/2166
f 2171/2357/2166 2175/2367/2166 2105/2355/2166
f 2107/2345/2166 2165/2344/2166 2176/2368/2166
f 2172/2358/2166 2108/2346/2166 2109/2359/2166
f 2173/2361/2166 2166/2347/2166 2108/2346/2166
f 2111/2362/2166 2112/2369/2166 2170/2353/2166
f 2113/2354/2166 2114/2350/2166 2169/2352/2166
f 2177/2370/2166 2178/2371/2166 2179/2372/2166
f 2180/2373/2166 2181/2374/2166 2182/2375/2166
f 2098/2365/2166 2183/2376/2166 2184/2377/2166
f 2099/2366/2166 2185/2378/2166 2174/2364/2166
f 2186/2379/2166 2101/2380/2166 2102/2381/2166
f 2187/2382/2166 2103/2383/2166 2104/2384/2166
f 2188/2385/2166 2104/2384/2166 2105/2355/2166
f 2176/2368/2166 2106/2356/2166 2107/2345/2166
f 2107/2345/2166 2108/2346/2166 2164/2343/2166
f 2116/2363/2166 2117/2386/2166 2168/2349/2166
f 2117/2386/2166 2189/2387/2166 2190/2388/2166
f 2191/2389/2166 2192/2390/2166 2193/2391/2166
f 2191/2389/2166 2194/2392/2166 2195/2393/2166
f 2196/2394/2166 2191/2389/2166 2197/2395/2166
f 2198/2396/2166 2199/2397/2166 2200/2398/2166
f 2201/2399/2166 2200/2398/2166 2202/2400/2166
f 2203/2401/2166 2202/2400/2166 2204/2402/2166
f 2205/2403/2166 2204/2402/2166 2206/2404/2166
f 2207/2405/2166 2206/2404/2166 2208/2406/2166
f 2209/2407/2166 2210/2408/2166 2211/2409/2166
f 2212/2410/2166 2213/2411/2166 2214/2412/2166
f 2212/2410/2166 2215/2413/2166 2216/2414/2166
f 2217/2415/2166 2218/2416/2166 2215/2413/2166
f 2217/2415/2166 2219/2417/2166 2220/2418/2166
f 2217/2415/2166 2221/2419/2166 2222/2420/2166
f 2221/2419/2166 2223/2421/2166 2224/2422/2166
f 2179/2372/2166 2225/2423/2166 2223/2421/2166
f 2179/2372/2166 2226/2424/2166 2177/2370/2166
f 2227/2425/2166 2228/2426/2166 2226/2424/2166
f 2229/2427/2166 2230/2428/2166 2231/2429/2166
f 2232/2430/2166 2233/2431/2166 2234/2432/2166
f 2235/2433/2166 2232/2430/2166 2236/2434/2166
f 2180/2373/2166 2237/2435/2166 2181/2374/2166
f 2180/2373/2166 2238/2436/2166 2239/2437/2166
f 2174/2364/2166 2183/2376/2166 2098/2365/2166
f 2240/2438/2166 2096/2439/2166 2097/2440/2166
f 2102/2381/2166 2241/2441/2166 2186/2379/2166
f 2104/2384/2166 2188/2385/2166 2187/2382/2166
f 2176/2368/2166 2171/2357/2166 2106/2356/2166
f 2112/2369/2166 2113/2354/2166 2170/2353/2166
f 2117/2386/2166 2242/2442/2166 2189/2387/2166
f 2193/2391/2166 2117/2386/2166 2191/2389/2166
f 2195/2393/2166 2243/2443/2166 2191/2389/2166
f 2197/2395/2166 2244/2444/2166 2196/2394/2166
f 2200/2398/2166 2201/2399/2166 2245/2445/2166
f 2204/2402/2166 2246/2446/2166 2203/2401/2166
f 2206/2404/2166 2247/2447/2166 2205/2403/2166
f 2208/2406/2166 2248/2448/2166 2207/2405/2166
f 2209/2407/2166 2249/2449/2166 2210/2408/2166
f 2209/2407/2166 2214/2412/2166 2250/2450/2166
f 2212/2410/2166 2251/2451/2166 2213/2411/2166
f 2215/2413/2166 2212/2410/2166 2217/2415/2166
f 2217/2415/2166 2252/2452/2166 2219/2417/2166
f 2221/2419/2166 2253/2453/2166 2222/2420/2166
f 2223/2421/2166 2221/2419/2166 2179/2372/2166
f 2178/2371/2166 2254/2454/2166 2179/2372/2166
f 2255/2455/2166 2256/2456/2166 2227/2425/2166
f 2230/2428/2166 2257/2457/2166 2258/2458/2166
f 2259/2459/2166 2260/2460/2166 2229/2427/2166
f 2233/2431/2166 2260/2460/2166 2259/2459/2166
f 2236/2434/2166 2261/2461/2166 2235/2433/2166
f 2262/2462/2166 2235/2433/2166 2261/2461/2166
f 2239/2437/2166 2237/2435/2166 2180/2373/2166
f 2095/2463/2166 2263/2464/2166 2238/2436/2166
f 2097/2440/2166 2098/2365/2166 2240/2438/2166
f 2240/2438/2166 2095/2463/2166 2094/2465/2166
f 2185/2378/2166 2100/2466/2166 2101/2380/2166
f 2187/2382/2166 2264/2467/2166 2103/2383/2166
f 2110/2360/2166 2111/2362/2166 2172/2358/2166
f 2117/2386/2166 2265/2468/2166 2242/2442/2166
f 2243/2443/2166 2192/2390/2166 2191/2389/2166
f 2196/2394/2166 2266/2469/2166 2191/2389/2166
f 2244/2444/2166 2197/2395/2166 2267/2470/2166
f 2268/2471/2166 2267/2470/2166 2199/2397/2166
f 2202/2400/2166 2203/2401/2166 2201/2399/2166
f 2207/2405/2166 2247/2447/2166 2206/2404/2166
f 2269/2472/2166 2211/2409/2166 2270/2473/2166
f 2250/2450/2166 2249/2449/2166 2209/2407/2166
f 2216/2414/2166 2251/2451/2166 2212/2410/2166
f 2222/2420/2166 2252/2452/2166 2217/2415/2166
f 2254/2454/2166 2225/2423/2166 2179/2372/2166
f 2226/2424/2166 2255/2455/2166 2227/2425/2166
f 2271/2474/2166 2256/2456/2166 2255/2455/2166
f 2231/2429/2166 2259/2459/2166 2229/2427/2166
f 2234/2432/2166 2236/2434/2166 2232/2430/2166
f 2182/2375/2166 2262/2462/2166 2180/2373/2166
f 2095/2463/2166 2272/2475/2166 2263/2464/2166
f 2095/2463/2166 2240/2438/2166 2273/2476/2166
f 2094/2465/2166 2096/2439/2166 2240/2438/2166
f 2185/2378/2166 2099/2366/2166 2100/2466/2166
f 2241/2441/2166 2102/2381/2166 2103/2383/2166
f 2190/2388/2166 2168/2349/2166 2117/2386/2166
f 2266/2469/2166 2194/2392/2166 2191/2389/2166
f 2199/2397/2166 2198/2396/2166 2268/2471/2166
f 2205/2403/2166 2246/2446/2166 2204/2402/2166
f 2274/2477/2166 2208/2406/2166 2269/2472/2166
f 2211/2409/2166 2269/2472/2166 2209/2407/2166
f 2220/2418/2166 2218/2416/2166 2217/2415/2166
f 2228/2426/2166 2177/2370/2166 2226/2424/2166
f 2258/2458/2166 2257/2457/2166 2271/2474/2166
f 2259/2459/2166 2234/2432/2166 2233/2431/2166
f 2238/2436/2166 2180/2373/2166 2095/2463/2166
f 2184/2377/2166 2240/2438/2166 2098/2365/2166
f 2264/2467/2166 2241/2441/2166 2103/2383/2166
f 2193/2391/2166 2265/2468/2166 2117/2386/2166
f 2200/2398/2166 2245/2445/2166 2198/2396/2166
f 2269/2472/2166 2275/2478/2166 2276/2479/2166
f 2214/2412/2166 2209/2407/2166 2212/2410/2166
f 2255/2455/2166 2258/2458/2166 2271/2474/2166
f 2261/2461/2166 2180/2373/2166 2262/2462/2166
f 2186/2379/2166 2185/2378/2166 2101/2380/2166
f 2267/2470/2166 2268/2471/2166 2244/2444/2166
f 2270/2473/2166 2275/2478/2166 2269/2472/2166
f 2258/2458/2166 2231/2429/2166 2230/2428/2166
f 2175/2367/2166 2188/2385/2166 2105/2355/2166
f 2208/2406/2166 2274/2477/2166 2277/2480/2166
f 2224/2422/2166 2253/2453/2166 2221/2419/2166
f 2277/2480/2166 2248/2448/2166 2208/2406/2166
f 2273/2476/2166 2272/2475/2166 2095/2463/2166
f 2078/2481/2166 2278/2482/2166 2279/2483/2166
f 2078/2481/2166 2280/2484/2166 2278/2482/2166
f 2280/2484/2166 2078/2481/2166 2079/2485/2166
f 2281/2486/2166 2075/2487/2166 2076/2488/2166
f 2079/2485/2166 2282/2489/2166 2280/2484/2166
f 2076/2488/2166 2077/2490/2166 2281/2486/2166
f 2082/2491/2166 2083/2492/2166 2283/2493/2166
f 2077/2490/2166 2078/2481/2166 2281/2486/2166
f 2284/2494/2166 2080/2495/2166 2081/2496/2166
f 2283/2493/2166 2285/2497/2166 2082/2491/2166
f 2286/2498/2166 2287/2499/2166 2087/2500/2166
f 2288/2501/2166 2289/2502/2166 2090/2503/2166
f 2290/2504/2166 2072/2505/2166 2291/2506/2166
f 2072/2505/2166 2292/2507/2166 2293/2508/2166
f 2281/2486/2166 2074/2509/2166 2075/2487/2166
f 2281/2486/2166 2072/2505/2166 2073/2510/2166
f 2081/2496/2166 2294/2511/2166 2284/2494/2166
f 2295/2512/2166 2081/2496/2166 2082/2491/2166
f 2084/2513/2166 2296/2514/2166 2297/2515/2166
f 2298/2516/2166 2296/2514/2166 2084/2513/2166
f 2299/2517/2166 2093/2518/2166 2163/2519/2166
f 2289/2502/2166 2088/2520/2166 2089/2521/2166
f 2088/2520/2166 2289/2502/2166 2286/2498/2166
f 2091/2522/2166 2300/2523/2166 2288/2501/2166
f 2091/2522/2166 2299/2517/2166 2301/2524/2166
f 2180/2373/2166 2302/2525/2166 2303/2526/2166
f 2290/2504/2166 2304/2527/2166 2305/2528/2166
f 2293/2508/2166 2291/2506/2166 2072/2505/2166
f 2072/2505/2166 2306/2529/2166 2307/2530/2166
f 2073/2510/2166 2074/2509/2166 2281/2486/2166
f 2282/2489/2166 2079/2485/2166 2080/2495/2166
f 2285/2497/2166 2295/2512/2166 2082/2491/2166
f 2297/2515/2166 2083/2492/2166 2084/2513/2166
f 2085/2531/2166 2308/2532/2166 2298/2516/2166
f 2085/2531/2166 2287/2499/2166 2309/2533/2166
f 2299/2517/2166 2092/2534/2166 2093/2518/2166
f 2087/2500/2166 2088/2520/2166 2286/2498/2166
f 2301/2524/2166 2300/2523/2166 2091/2522/2166
f 2303/2526/2166 2310/2535/2166 2180/2373/2166
f 2311/2536/2166 2312/2537/2166 2313/2538/2166
f 2314/2539/2166 2313/2538/2166 2315/2540/2166
f 2316/2541/2166 2317/2542/2166 2318/2543/2166
f 2316/2541/2166 2319/2544/2166 2320/2545/2166
f 2319/2544/2166 2321/2546/2166 2322/2547/2166
f 2319/2544/2166 2323/2548/2166 2324/2549/2166
f 2325/2550/2166 2326/2551/2166 2327/2552/2166
f 2328/2553/2166 2329/2554/2166 2330/2555/2166
f 2331/2556/2166 2332/2557/2166 2333/2558/2166
f 2334/2559/2166 2331/2556/2166 2335/2560/2166
f 2336/2561/2166 2334/2559/2166 2337/2562/2166
f 2338/2563/2166 2336/2561/2166 2339/2564/2166
f 2291/2506/2166 2304/2527/2166 2290/2504/2166
f 2072/2505/2166 2281/2486/2166 2306/2529/2166
f 2284/2494/2166 2282/2489/2166 2080/2495/2166
f 2297/2515/2166 2283/2493/2166 2083/2492/2166
f 2287/2499/2166 2085/2531/2166 2086/2565/2166
f 2309/2533/2166 2308/2532/2166 2085/2531/2166
f 2299/2517/2166 2091/2522/2166 2092/2534/2166
f 2090/2503/2166 2091/2522/2166 2288/2501/2166
f 2180/2373/2166 2340/2566/2166 2302/2525/2166
f 2341/2567/2166 2180/2373/2166 2342/2568/2166
f 2343/2569/2166 2342/2568/2166 2344/2570/2166
f 2313/2538/2166 2345/2571/2166 2311/2536/2166
f 2315/2540/2166 2346/2572/2166 2347/2573/2166
f 2316/2541/2166 2348/2574/2166 2317/2542/2166
f 2322/2547/2166 2320/2545/2166 2319/2544/2166
f 2323/2548/2166 2349/2575/2166 2324/2549/2166
f 2323/2548/2166 2350/2576/2166 2351/2577/2166
f 2327/2552/2166 2352/2578/2166 2325/2550/2166
f 2353/2579/2166 2354/2580/2166 2352/2578/2166
f 2329/2554/2166 2355/2581/2166 2356/2582/2166
f 2333/2558/2166 2332/2557/2166 2328/2553/2166
f 2335/2560/2166 2337/2562/2166 2334/2559/2166
f 2339/2564/2166 2290/2504/2166 2338/2563/2166
f 2290/2504/2166 2357/2583/2166 2358/2584/2166
f 2307/2530/2166 2292/2507/2166 2072/2505/2166
f 2295/2512/2166 2294/2511/2166 2081/2496/2166
f 2084/2513/2166 2085/2531/2166 2298/2516/2166
f 2089/2521/2166 2090/2503/2166 2289/2502/2166
f 2180/2373/2166 2341/2567/2166 2340/2566/2166
f 2344/2570/2166 2359/2585/2166 2343/2569/2166
f 2359/2585/2166 2344/2570/2166 2360/2586/2166
f 2361/2587/2166 2360/2586/2166 2362/2588/2166
f 2363/2589/2166 2362/2588/2166 2364/2590/2166
f 2313/2538/2166 2314/2539/2166 2345/2571/2166
f 2315/2540/2166 2365/2591/2166 2346/2572/2166
f 2315/2540/2166 2366/2592/2166 2367/2593/2166
f 2366/2592/2166 2368/2594/2166 2369/2595/2166
f 2320/2545/2166 2348/2574/2166 2316/2541/2166
f 2323/2548/2166 2370/2596/2166 2349/2575/2166
f 2351/2577/2166 2371/2597/2166 2323/2548/2166
f 2350/2576/2166 2372/2598/2166 2373/2599/2166
f 2374/2600/2166 2372/2598/2166 2350/2576/2166
f 2326/2551/2166 2375/2601/2166 2327/2552/2166
f 2356/2582/2166 2355/2581/2166 2353/2579/2166
f 2330/2555/2166 2333/2558/2166 2328/2553/2166
f 2337/2562/2166 2339/2564/2166 2336/2561/2166
f 2358/2584/2166 2376/2602/2166 2290/2504/2166
f 2279/2483/2166 2281/2486/2166 2078/2481/2166
f 2163/2519/2166 2095/2463/2166 2299/2517/2166
f 2342/2568/2166 2343/2569/2166 2341/2567/2166
f 2362/2588/2166 2377/2603/2166 2361/2587/2166
f 2364/2590/2166 2378/2604/2166 2363/2589/2166
f 2378/2604/2166 2364/2590/2166 2379/2605/2166
f 2315/2540/2166 2347/2573/2166 2314/2539/2166
f 2369/2595/2166 2367/2593/2166 2366/2592/2166
f 2316/2541/2166 2380/2606/2166 2381/2607/2166
f 2319/2544/2166 2382/2608/2166 2321/2546/2166
f 2371/2597/2166 2370/2596/2166 2323/2548/2166
f 2350/2576/2166 2327/2552/2166 2374/2600/2166
f 2352/2578/2166 2354/2580/2166 2325/2550/2166
f 2356/2582/2166 2330/2555/2166 2329/2554/2166
f 2376/2602/2166 2338/2563/2166 2290/2504/2166
f 2086/2565/2166 2087/2500/2166 2287/2499/2166
f 2095/2463/2166 2180/2373/2166 2383/2609/2166
f 2360/2586/2166 2361/2587/2166 2359/2585/2166
f 2379/2605/2166 2384/2610/2166 2378/2604/2166
f 2385/2611/2166 2379/2605/2166 2312/2537/2166
f 2367/2593/2166 2365/2591/2166 2315/2540/2166
f 2381/2607/2166 2366/2592/2166 2316/2541/2166
f 2324/2549/2166 2382/2608/2166 2319/2544/2166
f 2373/2599/2166 2386/2612/2166 2350/2576/2166
f 2352/2578/2166 2356/2582/2166 2353/2579/2166
f 2305/2528/2166 2357/2583/2166 2290/2504/2166
f 2383/2609/2166 2387/2613/2166 2095/2463/2166
f 2363/2589/2166 2377/2603/2166 2362/2588/2166
f 2312/2537/2166 2388/2614/2166 2385/2611/2166
f 2381/2607/2166 2368/2594/2166 2366/2592/2166
f 2386/2612/2166 2351/2577/2166 2350/2576/2166
f 2333/2558/2166 2335/2560/2166 2331/2556/2166
f 2095/2463/2166 2389/2615/2166 2390/2616/2166
f 2310/2535/2166 2383/2609/2166 2180/2373/2166
f 2311/2536/2166 2388/2614/2166 2312/2537/2166
f 2375/2601/2166 2374/2600/2166 2327/2552/2166
f 2387/2613/2166 2389/2615/2166 2095/2463/2166
f 2318/2543/2166 2380/2606/2166 2316/2541/2166
f 2385/2611/2166 2384/2610/2166 2379/2605/2166
f 2391/2617/2166 2149/2618/2166 2150/2619/2166
f 2150/2619/2166 2392/2620/2166 2391/2617/2166
f 2393/2621/2166 2147/2622/2166 2148/2623/2166
f 2394/2624/2166 2148/2623/2166 2149/2618/2166
f 2150/2619/2166 2151/2625/2166 2395/2626/2166
f 2396/2627/2166 2157/2628/2166 2158/2629/2166
f 2397/2630/2166 2146/2631/2166 2147/2622/2166
f 2148/2623/2166 2394/2624/2166 2398/2632/2166
f 2395/2626/2166 2392/2620/2166 2150/2619/2166
f 2152/2633/2166 2399/2634/2166 2400/2635/2166
f 2401/2636/2166 2399/2634/2166 2152/2633/2166
f 2396/2627/2166 2160/2637/2166 2161/2638/2166
f 2158/2629/2166 2159/2639/2166 2396/2627/2166
f 2402/2640/2166 2403/2641/2166 2154/2642/2166
f 2155/2643/2166 2396/2627/2166 2404/2644/2166
f 2290/2504/2166 2405/2645/2166 2406/2646/2166
f 2407/2647/2166 2290/2504/2166 2408/2648/2166
f 2409/2649/2166 2408/2648/2166 2410/2650/2166
f 2147/2622/2166 2393/2621/2166 2397/2630/2166
f 2411/2651/2166 2144/2652/2166 2145/2653/2166
f 2391/2617/2166 2394/2624/2166 2149/2618/2166
f 2400/2635/2166 2151/2625/2166 2152/2633/2166
f 2153/2654/2166 2412/2655/2166 2401/2636/2166
f 2159/2639/2166 2160/2637/2166 2396/2627/2166
f 2396/2627/2166 2155/2643/2166 2156/2656/2166
f 2155/2643/2166 2413/2657/2166 2402/2640/2166
f 2404/2644/2166 2414/2658/2166 2155/2643/2166
f 2290/2504/2166 2407/2647/2166 2405/2645/2166
f 2410/2650/2166 2415/2659/2166 2409/2649/2166
f 2416/2660/2166 2417/2661/2166 2418/2662/2166
f 2419/2663/2166 2143/2664/2166 2144/2652/2166
f 2420/2665/2166 2141/2666/2166 2142/2667/2166
f 2420/2665/2166 2140/2668/2166 2139/2669/2166
f 2145/2653/2166 2146/2631/2166 2411/2651/2166
f 2400/2635/2166 2395/2626/2166 2151/2625/2166
f 2153/2654/2166 2403/2641/2166 2412/2655/2166
f 2156/2656/2166 2157/2628/2166 2396/2627/2166
f 2414/2658/2166 2413/2657/2166 2155/2643/2166
f 2072/2505/2166 2421/2670/2166 2422/2671/2166
f 2290/2504/2166 2423/2672/2166 2424/2673/2166
f 2290/2504/2166 2425/2674/2166 2426/2675/2166
f 2408/2648/2166 2409/2649/2166 2407/2647/2166
f 2415/2659/2166 2410/2650/2166 2427/2676/2166
f 2428/2677/2166 2427/2676/2166 2417/2661/2166
f 2418/2662/2166 2429/2678/2166 2416/2660/2166
f 2429/2678/2166 2418/2662/2166 2430/2679/2166
f 2431/2680/2166 2430/2679/2166 2432/2681/2166
f 2433/2682/2166 2432/2681/2166 2434/2683/2166
f 2144/2652/2166 2411/2651/2166 2419/2663/2166
f 2139/2669/2166 2141/2666/2166 2420/2665/2166
f 2148/2623/2166 2398/2632/2166 2393/2621/2166
f 2152/2633/2166 2153/2654/2166 2401/2636/2166
f 2154/2642/2166 2155/2643/2166 2402/2640/2166
f 2072/2505/2166 2435/2684/2166 2421/2670/2166
f 2424/2673/2166 2072/2505/2166 2290/2504/2166
f 2406/2646/2166 2425/2674/2166 2290/2504/2166
f 2417/2661/2166 2436/2685/2166 2428/2677/2166
f 2430/2679/2166 2437/2686/2166 2429/2678/2166
f 2432/2681/2166 2438/2687/2166 2431/2680/2166
f 2434/2683/2166 2439/2688/2166 2440/2689/2166
f 2441/2690/2166 2442/2691/2166 2443/2692/2166
f 2444/2693/2166 2445/2694/2166 2446/2695/2166
f 2447/2696/2166 2448/2697/2166 2445/2694/2166
f 2447/2696/2166 2449/2698/2166 2450/2699/2166
f 2451/2700/2166 2449/2698/2166 2447/2696/2166
f 2452/2701/2166 2453/2702/2166 2454/2703/2166
f 2455/2704/2166 2456/2705/2166 2457/2706/2166
f 2140/2668/2166 2458/2707/2166 2459/2708/2166
f 2142/2667/2166 2143/2664/2166 2420/2665/2166
f 2153/2654/2166 2154/2642/2166 2403/2641/2166
f 2422/2671/2166 2396/2627/2166 2072/2505/2166
f 2424/2673/2166 2460/2709/2166 2072/2505/2166
f 2427/2676/2166 2428/2677/2166 2415/2659/2166
f 2431/2680/2166 2437/2686/2166 2430/2679/2166
f 2434/2683/2166 2461/2710/2166 2439/2688/2166
f 2461/2710/2166 2434/2683/2166 2462/2711/2166
f 2462/2711/2166 2463/2712/2166 2464/2713/2166
f 2465/2714/2166 2466/2715/2166 2467/2716/2166
f 2443/2692/2166 2465/2714/2166 2441/2690/2166
f 2468/2717/2166 2469/2718/2166 2470/2719/2166
f 2445/2694/2166 2444/2693/2166 2447/2696/2166
f 2447/2696/2166 2454/2703/2166 2451/2700/2166
f 2471/2720/2166 2472/2721/2166 2452/2701/2166
f 2473/2722/2166 2472/2721/2166 2471/2720/2166
f 2457/2706/2166 2474/2723/2166 2455/2704/2166
f 2140/2668/2166 2475/2724/2166 2458/2707/2166
f 2140/2668/2166 2476/2725/2166 2477/2726/2166
f 2397/2630/2166 2411/2651/2166 2146/2631/2166
f 2460/2709/2166 2435/2684/2166 2072/2505/2166
f 2416/2660/2166 2436/2685/2166 2417/2661/2166
f 2434/2683/2166 2440/2689/2166 2433/2682/2166
f 2464/2713/2166 2478/2727/2166 2462/2711/2166
f 2465/2714/2166 2479/2728/2166 2466/2715/2166
f 2443/2692/2166 2480/2729/2166 2465/2714/2166
f 2441/2690/2166 2481/2730/2166 2482/2731/2166
f 2470/2719/2166 2441/2690/2166 2468/2717/2166
f 2468/2717/2166 2483/2732/2166 2484/2733/2166
f 2468/2717/2166 2444/2693/2166 2485/2734/2166
f 2450/2699/2166 2448/2697/2166 2447/2696/2166
f 2454/2703/2166 2471/2720/2166 2452/2701/2166
f 2456/2705/2166 2473/2722/2166 2457/2706/2166
f 2486/2735/2166 2455/2704/2166 2474/2723/2166
f 2487/2736/2166 2488/2737/2166 2489/2738/2166
f 2490/2739/2166 2487/2736/2166 2491/2740/2166
f 2492/2741/2166 2490/2739/2166 2493/2742/2166
f 2494/2743/2166 2495/2744/2166 2496/2745/2166
f 2494/2743/2166 2459/2708/2166 2497/2746/2166
f 2477/2726/2166 2475/2724/2166 2140/2668/2166
f 2161/2638/2166 2072/2505/2166 2396/2627/2166
f 2433/2682/2166 2438/2687/2166 2432/2681/2166
f 2462/2711/2166 2467/2716/2166 2463/2712/2166
f 2480/2729/2166 2479/2728/2166 2465/2714/2166
f 2470/2719/2166 2481/2730/2166 2441/2690/2166
f 2484/2733/2166 2498/2747/2166 2468/2717/2166
f 2444/2693/2166 2499/2748/2166 2485/2734/2166
f 2453/2702/2166 2451/2700/2166 2454/2703/2166
f 2474/2723/2166 2489/2738/2166 2486/2735/2166
f 2489/2738/2166 2491/2740/2166 2487/2736/2166
f 2493/2742/2166 2500/2749/2166 2492/2741/2166
f 2501/2750/2166 2492/2741/2166 2500/2749/2166
f 2494/2743/2166 2502/2751/2166 2495/2744/2166
f 2459/2708/2166 2494/2743/2166 2140/2668/2166
f 2140/2668/2166 2420/2665/2166 2503/2752/2166
f 2426/2675/2166 2423/2672/2166 2290/2504/2166
f 2467/2716/2166 2462/2711/2166 2465/2714/2166
f 2498/2747/2166 2469/2718/2166 2468/2717/2166
f 2446/2695/2166 2499/2748/2166 2444/2693/2166
f 2488/2737/2166 2486/2735/2166 2489/2738/2166
f 2500/2749/2166 2494/2743/2166 2501/2750/2166
f 2497/2746/2166 2502/2751/2166 2494/2743/2166
f 2419/2663/2166 2420/2665/2166 2143/2664/2166
f 2482/2731/2166 2442/2691/2166 2441/2690/2166
f 2471/2720/2166 2457/2706/2166 2473/2722/2166
f 2496/2745/2166 2501/2750/2166 2494/2743/2166
f 2462/2711/2166 2478/2727/2166 2461/2710/2166
f 2491/2740/2166 2493/2742/2166 2490/2739/2166
f 2485/2734/2166 2483/2732/2166 2468/2717/2166
f 2191/2389/2166 2117/2386/2166 2504/2753/2166
f 2117/2386/2166 2505/2754/2166 2504/2753/2166
f 2506/2755/2166 2122/2756/2166 2123/2757/2166
f 2507/2758/2166 2125/2759/2166 2126/2760/2166
f 2508/2761/2166 2509/2762/2166 2510/2763/2166
f 2191/2389/2166 2511/2764/2166 2512/2765/2166
f 2117/2386/2166 2513/2766/2166 2505/2754/2166
f 2117/2386/2166 2514/2767/2166 2515/2768/2166
f 2123/2757/2166 2516/2769/2166 2506/2755/2166
f 2126/2760/2166 2517/2770/2166 2507/2758/2166
f 2130/2771/2166 2518/2772/2166 2519/2773/2166
f 2520/2774/2166 2521/2775/2166 2522/2776/2166
f 2509/2762/2166 2523/2777/2166 2524/2778/2166
f 2525/2779/2166 2526/2780/2166 2508/2761/2166
f 2527/2781/2166 2526/2780/2166 2525/2779/2166
f 2528/2782/2166 2527/2781/2166 2529/2783/2166
f 2530/2784/2166 2528/2782/2166 2531/2785/2166
f 2532/2786/2166 2530/2784/2166 2533/2787/2166
f 2191/2389/2166 2534/2788/2166 2535/2789/2166
f 2504/2753/2166 2511/2764/2166 2191/2389/2166
f 2515/2768/2166 2536/2790/2166 2117/2386/2166
f 2506/2755/2166 2537/2791/2166 2122/2756/2166
f 2514/2767/2166 2120/2792/2166 2121/2793/2166
f 2514/2767/2166 2117/2386/2166 2118/2794/2166
f 2507/2758/2166 2538/2795/2166 2125/2759/2166
f 2129/2796/2166 2539/2797/2166 2540/2798/2166
f 2541/2799/2166 2539/2797/2166 2129/2796/2166
f 2130/2771/2166 2542/2800/2166 2518/2772/2166
f 2543/2801/2166 2542/2800/2166 2132/2802/2166
f 2544/2803/2166 2545/2804/2166 2546/2805/2166
f 2524/2778/2166 2523/2777/2166 2520/2774/2166
f 2510/2763/2166 2525/2779/2166 2508/2761/2166
f 2529/2783/2166 2531/2785/2166 2528/2782/2166
f 2533/2787/2166 2191/2389/2166 2532/2786/2166
f 2191/2389/2166 2547/2806/2166 2534/2788/2166
f 2536/2790/2166 2513/2766/2166 2117/2386/2166
f 2121/2793/2166 2122/2756/2166 2514/2767/2166
f 2118/2794/2166 2119/2807/2166 2514/2767/2166
f 2516/2769/2166 2124/2808/2166 2125/2759/2166
f 2548/2809/2166 2126/2760/2166 2127/2810/2166
f 2540/2798/2166 2128/2811/2166 2129/2796/2166
f 2127/2810/2166 2128/2811/2166 2549/2812/2166
f 2542/2800/2166 2130/2771/2166 2131/2813/2166
f 2519/2773/2166 2541/2799/2166 2130/2771/2166
f 2133/2814/2166 2550/2815/2166 2543/2801/2166
f 2551/2816/2166 2552/2817/2166 2545/2804/2166
f 2546/2805/2166 2553/2818/2166 2554/2819/2166
f 2555/2820/2166 2556/2821/2166 2557/2822/2166
f 2524/2778/2166 2510/2763/2166 2509/2762/2166
f 2531/2785/2166 2533/2787/2166 2530/2784/2166
f 2512/2765/2166 2547/2806/2166 2191/2389/2166
f 2119/2807/2166 2120/2792/2166 2514/2767/2166
f 2516/2769/2166 2123/2757/2166 2124/2808/2166
f 2127/2810/2166 2558/2823/2166 2548/2809/2166
f 2549/2812/2166 2558/2823/2166 2127/2810/2166
f 2129/2796/2166 2130/2771/2166 2541/2799/2166
f 2132/2802/2166 2133/2814/2166 2543/2801/2166
f 2559/2824/2166 2138/2825/2166 2162/2826/2166
f 2559/2824/2166 2136/2827/2166 2137/2828/2166
f 2560/2829/2166 2550/2815/2166 2135/2830/2166
f 2545/2804/2166 2561/2831/2166 2551/2816/2166
f 2546/2805/2166 2562/2832/2166 2553/2818/2166
f 2546/2805/2166 2563/2833/2166 2564/2834/2166
f 2522/2776/2166 2521/2775/2166 2555/2820/2166
f 2525/2779/2166 2529/2783/2166 2527/2781/2166
f 2537/2791/2166 2514/2767/2166 2122/2756/2166
f 2548/2809/2166 2517/2770/2166 2126/2760/2166
f 2131/2813/2166 2132/2802/2166 2542/2800/2166
f 2133/2814/2166 2134/2835/2166 2550/2815/2166
f 2137/2828/2166 2138/2825/2166 2559/2824/2166
f 2136/2827/2166 2559/2824/2166 2560/2829/2166
f 2140/2668/2166 2494/2743/2166 2565/2836/2166
f 2566/2837/2166 2494/2743/2166 2567/2838/2166
f 2568/2839/2166 2567/2838/2166 2569/2840/2166
f 2570/2841/2166 2569/2840/2166 2571/2842/2166
f 2572/2843/2166 2571/2842/2166 2573/2844/2166
f 2574/2845/2166 2573/2844/2166 2575/2846/2166
f 2576/2847/2166 2575/2846/2166 2577/2848/2166
f 2545/2804/2166 2544/2803/2166 2561/2831/2166
f 2564/2834/2166 2562/2832/2166 2546/2805/2166
f 2578/2849/2166 2579/2850/2166 2580/2851/2166
f 2522/2776/2166 2524/2778/2166 2520/2774/2166
f 2538/2795/2166 2516/2769/2166 2125/2759/2166
f 2134/2835/2166 2135/2830/2166 2550/2815/2166
f 2135/2830/2166 2136/2827/2166 2560/2829/2166
f 2140/2668/2166 2581/2852/2166 2582/2853/2166
f 2565/2836/2166 2583/2854/2166 2140/2668/2166
f 2494/2743/2166 2566/2837/2166 2584/2855/2166
f 2569/2840/2166 2570/2841/2166 2568/2839/2166
f 2573/2844/2166 2585/2856/2166 2572/2843/2166
f 2577/2848/2166 2586/2857/2166 2576/2847/2166
f 2587/2858/2166 2577/2848/2166 2552/2817/2166
f 2546/2805/2166 2554/2819/2166 2544/2803/2166
f 2563/2833/2166 2588/2859/2166 2589/2860/2166
f 2580/2851/2166 2563/2833/2166 2578/2849/2166
f 2590/2861/2166 2591/2862/2166 2592/2863/2166
f 2591/2862/2166 2593/2864/2166 2594/2865/2166
f 2535/2789/2166 2532/2786/2166 2191/2389/2166
f 2162/2826/2166 2140/2668/2166 2559/2824/2166
f 2140/2668/2166 2595/2866/2166 2596/2867/2166
f 2583/2854/2166 2581/2852/2166 2140/2668/2166
f 2494/2743/2166 2597/2868/2166 2598/2869/2166
f 2584/2855/2166 2599/2870/2166 2494/2743/2166
f 2571/2842/2166 2572/2843/2166 2570/2841/2166
f 2575/2846/2166 2576/2847/2166 2574/2845/2166
f 2552/2817/2166 2600/2871/2166 2587/2858/2166
f 2589/2860/2166 2564/2834/2166 2563/2833/2166
f 2578/2849/2166 2601/2872/2166 2579/2850/2166
f 2578/2849/2166 2590/2861/2166 2602/2873/2166
f 2591/2862/2166 2603/2874/2166 2592/2863/2166
f 2594/2865/2166 2604/2875/2166 2591/2862/2166
f 2593/2864/2166 2605/2876/2166 2606/2877/2166
f 2557/2822/2166 2556/2821/2166 2607/2878/2166
f 2540/2798/2166 2549/2812/2166 2128/2811/2166
f 2582/2853/2166 2595/2866/2166 2140/2668/2166
f 2599/2870/2166 2597/2868/2166 2494/2743/2166
f 2574/2845/2166 2585/2856/2166 2573/2844/2166
f 2551/2816/2166 2600/2871/2166 2552/2817/2166
f 2578/2849/2166 2608/2879/2166 2601/2872/2166
f 2602/2873/2166 2609/2880/2166 2578/2849/2166
f 2590/2861/2166 2610/2881/2166 2611/2882/2166
f 2591/2862/2166 2612/2883/2166 2603/2874/2166
f 2606/2877/2166 2594/2865/2166 2593/2864/2166
f 2557/2822/2166 2522/2776/2166 2555/2820/2166
f 2598/2869/2166 2565/2836/2166 2494/2743/2166
f 2587/2858/2166 2586/2857/2166 2577/2848/2166
f 2609/2880/2166 2608/2879/2166 2578/2849/2166
f 2590/2861/2166 2613/2884/2166 2610/2881/2166
f 2604/2875/2166 2612/2883/2166 2591/2862/2166
f 2614/2885/2166 2615/2886/2166 2593/2864/2166
f 2596/2867/2166 2559/2824/2166 2140/2668/2166
f 2580/2851/2166 2588/2859/2166 2563/2833/2166
f 2592/2863/2166 2613/2884/2166 2590/2861/2166
f 2593/2864/2166 2557/2822/2166 2614/2885/2166
f 2567/2838/2166 2568/2839/2166 2566/2837/2166
f 2615/2886/2166 2605/2876/2166 2593/2864/2166
f 2611/2882/2166 2602/2873/2166 2590/2861/2166
f 2607/2878/2166 2614/2885/2166 2557/2822/2166
f 2503/2752/2166 2476/2725/2166 2140/2668/2166
f 2390/2616/2166 2299/2517/2166 2095/2463/2166
f 2269/2472/2166 2276/2479/2166 2274/2477/2166
f 2616/2887/2167 2290/2888/2167 2339/2889/2168
f 2617/2890/2168 2339/2889/2168 2337/2891/2169
f 2618/2892/2169 2337/2891/2169 2335/2893/2170
f 2335/2893/2170 2333/2894/2171 2619/2895/2172
f 2333/2894/2171 2620/2896/2171 2619/2895/2172
f 2620/2896/2171 2333/2894/2171 2330/2897/2173
f 2621/2898/2173 2330/2897/2173 2356/2899/2174
f 2622/2900/2174 2356/2899/2174 2352/2901/2175
f 2623/2902/2175 2352/2901/2175 2327/2903/2176
f 2624/2904/2176 2327/2903/2176 2350/2905/2177
f 2625/2906/2177 2350/2905/2177 2323/2907/2178
f 2626/2908/2178 2323/2907/2178 2319/2909/2179
f 2627/2910/2179 2319/2909/2179 2316/2911/2180
f 2628/2912/2180 2316/2911/2180 2366/2913/2181
f 2629/2914/2181 2366/2913/2181 2315/2915/2182
f 2630/2916/2182 2315/2915/2182 2313/2917/2183
f 2631/2918/2183 2313/2917/2183 2312/2919/2184
f 2632/2920/2184 2312/2919/2184 2379/2921/2185
f 2633/2922/2185 2379/2921/2185 2364/2923/2186
f 2634/2924/2186 2364/2923/2186 2362/2925/2187
f 2635/2926/2187 2362/2925/2187 2360/2927/2188
f 2636/2928/2188 2360/2927/2188 2344/2929/2189
f 2637/2930/2189 2344/2929/2189 2342/2931/2190
f 2261/2932/2191 2638/2933/2191 2639/2934/2192
f 2640/2935/2193 2342/2931/2190 2180/2936/2192
f 2180/2936/2192 2639/2934/2192 2640/2935/2193
f 2638/2933/2191 2261/2932/2191 2236/2937/2194
f 2641/2938/2194 2236/2937/2194 2234/2939/2195
f 2642/2940/2195 2234/2939/2195 2259/2941/2196
f 2643/2942/2196 2259/2941/2196 2231/2943/2197
f 2644/2944/2197 2231/2943/2197 2258/2945/2198
f 2645/2946/2198 2258/2945/2198 2255/2947/2199
f 2646/2948/2199 2255/2947/2199 2226/2949/2200
f 2647/2950/2200 2226/2949/2200 2179/2951/2201
f 2648/2952/2201 2179/2951/2201 2221/2953/2202
f 2649/2954/2202 2221/2953/2202 2217/2955/2203
f 2650/2956/2203 2217/2955/2203 2212/2957/2204
f 2651/2958/2204 2212/2957/2204 2209/2959/2205
f 2652/2960/2205 2209/2959/2205 2269/2961/2206
f 2653/2962/2206 2269/2961/2206 2208/2963/2207
f 2654/2964/2207 2208/2963/2207 2206/2965/2208
f 2655/2966/2208 2206/2965/2208 2204/2967/2209
f 2656/2968/2209 2204/2967/2209 2202/2969/2210
f 2657/2970/2210 2202/2969/2210 2200/2971/2211
f 2199/2972/2212 2658/2973/2212 2659/2974/2213
f 2659/2974/2213 2200/2971/2211 2199/2972/2212
f 2658/2973/2212 2199/2972/2212 2267/2975/2214
f 2660/2976/2214 2267/2975/2214 2197/2977/2215
f 2661/2978/2215 2197/2977/2215 2191/2979/2216
f 2662/2980/2216 2191/2979/2216 2533/2981/2217
f 2663/2982/2217 2533/2981/2217 2531/2983/2218
f 2664/2984/2218 2531/2983/2218 2529/2985/2219
f 2665/2986/2219 2529/2985/2219 2525/2987/2220
f 2666/2988/2220 2525/2987/2220 2510/2989/2221
f 2667/2990/2221 2510/2989/2221 2524/2991/2222
f 2668/2992/2222 2524/2991/2222 2522/2993/2223
f 2669/2994/2223 2522/2993/2223 2557/2995/2224
f 2670/2996/2224 2557/2995/2224 2593/2997/2225
f 2671/2998/2225 2593/2997/2225 2591/2999/2226
f 2672/3000/2226 2591/2999/2226 2590/3001/2227
f 2673/3002/2227 2590/3001/2227 2578/3003/2228
f 2674/3004/2228 2578/3003/2228 2563/3005/2229
f 2675/3006/2229 2563/3005/2229 2546/3007/2230
f 2676/3008/2230 2546/3007/2230 2545/3009/2231
f 2677/3010/2231 2545/3009/2231 2552/3011/2232
f 2678/3012/2232 2552/3011/2232 2577/3013/2233
f 2679/3014/2233 2577/3013/2233 2575/3015/2234
f 2680/3016/2234 2575/3015/2234 2573/3017/2235
f 2681/3018/2235 2573/3017/2235 2571/3019/2236
f 2682/3020/2236 2571/3019/2236 2569/3021/2237
f 2683/3022/2237 2569/3021/2237 2567/3023/2238
f 2684/3024/2239 2685/3025/2240 2494/3026/2240
f 2567/3023/2238 2494/3026/2240 2685/3025/2240
f 2685/3025/2240 2686/3027/2241 2567/3023/2238
f 2684/3024/2239 2500/3028/2242 2493/3029/2243
f 2687/3030/2243 2493/3029/2243 2491/3031/2244
f 2688/3032/2244 2491/3031/2244 2489/3033/2245
f 2689/3034/2245 2489/3033/2245 2474/3035/2246
f 2690/3036/2246 2474/3035/2246 2457/3037/2247
f 2691/3038/2247 2457/3037/2247 2471/3039/2248
f 2692/3040/2248 2471/3039/2248 2454/3041/2249
f 2693/3042/2249 2454/3041/2249 2447/3043/2250
f 2694/3044/2250 2447/3043/2250 2444/3045/2251
f 2695/3046/2251 2444/3045/2251 2468/3047/2252
f 2696/3048/2252 2468/3047/2252 2441/3049/2253
f 2697/3050/2253 2441/3049/2253 2465/3051/2254
f 2698/3052/2254 2465/3051/2254 2462/3053/2255
f 2699/3054/2255 2462/3053/2255 2434/3055/2256
f 2700/3056/2256 2434/3055/2256 2432/3057/2257
f 2701/3058/2257 2432/3057/2257 2430/3059/2258
f 2702/3060/2258 2430/3059/2258 2418/3061/2259
f 2703/3062/2259 2418/3061/2259 2417/3063/2260
f 2704/3064/2260 2417/3063/2260 2427/3065/2261
f 2705/3066/2261 2427/3065/2261 2410/3067/2262
f 2706/3068/2262 2410/3067/2262 2408/3069/2263
f 2707/3070/2263 2408/3069/2263 2290/2888/2167
f 2290/2888/2167 2616/2887/2167 2707/3070/2263
f 2408/3069/2263 2707/3070/2263 2706/3068/2262
f 2410/3067/2262 2706/3068/2262 2705/3066/2261
f 2427/3065/2261 2705/3066/2261 2704/3064/2260
f 2417/3063/2260 2704/3064/2260 2703/3062/2259
f 2418/3061/2259 2703/3062/2259 2702/3060/2258
f 2430/3059/2258 2702/3060/2258 2701/3058/2257
f 2432/3057/2257 2701/3058/2257 2700/3056/2256
f 2434/3055/2256 2700/3056/2256 2699/3054/2255
f 2462/3053/2255 2699/3054/2255 2698/3052/2254
f 2465/3051/2254 2698/3052/2254 2697/3050/2253
f 2441/3049/2253 2697/3050/2253 2696/3048/2252
f 2468/3047/2252 2696/3048/2252 2695/3046/2251
f 2444/3045/2251 2695/3046/2251 2694/3044/2250
f 2447/3043/2250 2694/3044/2250 2693/3042/2249
f 2454/3041/2249 2693/3042/2249 2692/3040/2248
f 2471/3039/2248 2692/3040/2248 2691/3038/2247
f 2457/3037/2247 2691/3038/2247 2690/3036/2246
f 2474/3035/2246 2690/3036/2246 2689/3034/2245
f 2489/3033/2245 2689/3034/2245 2688/3032/2244
f 2491/3031/2244 2688/3032/2244 2687/3030/2243
f 2493/3029/2243 2687/3030/2243 2684/3024/2239
f 2494/3026/2240 2500/3028/2242 2684/3024/2239
f 2567/3023/2238 2686/3027/2241 2683/3022/2237
f 2569/3021/2237 2683/3022/2237 2682/3020/2236
f 2571/3019/2236 2682/3020/2236 2681/3018/2235
f 2573/3017/2235 2681/3018/2235 2680/3016/2234
f 2575/3015/2234 2680/3016/2234 2679/3014/2233
f 2577/3013/2233 2679/3014/2233 2678/3012/2232
f 2552/3011/2232 2678/3012/2232 2677/3010/2231
f 2545/3009/2231 2677/3010/2231 2676/3008/2230
f 2546/3007/2230 2676/3008/2230 2675/3006/2229
f 2563/3005/2229 2675/3006/2229 2674/3004/2228
f 2578/3003/2228 2674/3004/2228 2673/3002/2227
f 2590/3001/2227 2673/3002/2227 2672/3000/2226
f 2591/2999/2226 2672/3000/2226 2671/2998/2225
f 2593/2997/2225 2671/2998/2225 2670/2996/2224
f 2557/2995/2224 2670/2996/2224 2669/2994/2223
f 2522/2993/2223 2669/2994/2223 2668/2992/2222
f 2524/2991/2222 2668/2992/2222 2667/2990/2221
f 2510/2989/2221 2667/2990/2221 2666/2988/2220
f 2525/2987/2220 2666/2988/2220 2665/2986/2219
f 2529/2985/2219 2665/2986/2219 2664/2984/2218
f 2531/2983/2218 2664/2984/2218 2663/2982/2217
f 2533/2981/2217 2663/2982/2217 2662/2980/2216
f 2191/2979/2216 2662/2980/2216 2661/2978/2215
f 2197/2977/2215 2661/2978/2215 2660/2976/2214
f 2267/2975/2214 2660/2976/2214 2658/2973/2212
f 2659/2974/2213 2708/3071/2264 2200/2971/2211
f 2200/2971/2211 2708/3071/2264 2657/2970/2210
f 2202/2969/2210 2657/2970/2210 2656/2968/2209
f 2204/2967/2209 2656/2968/2209 2655/2966/2208
f 2206/2965/2208 2655/2966/2208 2654/2964/2207
f 2208/2963/2207 2654/2964/2207 2653/2962/2206
f 2269/2961/2206 2653/2962/2206 2652/2960/2205
f 2209/2959/2205 2652/2960/2205 2651/2958/2204
f 2212/2957/2204 2651/2958/2204 2650/2956/2203
f 2217/2955/2203 2650/2956/2203 2649/2954/2202
f 2221/2953/2202 2649/2954/2202 2648/2952/2201
f 2179/2951/2201 2648/2952/2201 2647/2950/2200
f 2226/2949/2200 2647/2950/2200 2646/2948/2199
f 2255/2947/2199 2646/2948/2199 2645/2946/2198
f 2258/2945/2198 2645/2946/2198 2644/2944/2197
f 2231/2943/2197 2644/2944/2197 2643/2942/2196
f 2259/2941/2196 2643/2942/2196 2642/2940/2195
f 2234/2939/2195 2642/2940/2195 2641/2938/2194
f 2236/2937/2194 2641/2938/2194 2638/2933/2191
f 2639/2934/2192 2180/2936/2192 2261/2932/2191
f 2342/2931/2190 2640/2935/2193 2637/2930/2189
f 2344/2929/2189 2637/2930/2189 2636/2928/2188
f 2360/2927/2188 2636/2928/2188 2635/2926/2187
f 2362/2925/2187 2635/2926/2187 2634/2924/2186
f 2364/2923/2186 2634/2924/2186 2633/2922/2185
f 2379/2921/2185 2633/2922/2185 2632/2920/2184
f 2312/2919/2184 2632/2920/2184 2631/2918/2183
f 2313/2917/2183 2631/2918/2183 2630/2916/2182
f 2315/2915/2182 2630/2916/2182 2629/2914/2181
f 2366/2913/2181 2629/2914/2181 2628/2912/2180
f 2316/2911/2180 2628/2912/2180 2627/2910/2179
f 2319/2909/2179 2627/2910/2179 2626/2908/2178
f 2323/2907/2178 2626/2908/2178 2625/2906/2177
f 2350/2905/2177 2625/2906/2177 2624/2904/2176
f 2327/2903/2176 2624/2904/2176 2623/2902/2175
f 2352/2901/2175 2623/2902/2175 2622/2900/2174
f 2356/2899/2174 2622/2900/2174 2621/2898/2173
f 2330/2897/2173 2621/2898/2173 2620/2896/2171
f 2619/2895/2172 2709/3072/2265 2335/2893/2170
f 2335/2893/2170 2709/3072/2265 2618/2892/2169
f 2337/2891/2169 2618/2892/2169 2617/2890/2168
f 2339/2889/2168 2617/2890/2168 2616/2887/2167
f 2710/3073/2266 2711/3074/2267 2595/3075/2267
f 2712/3076/2268 2710/3073/2266 2582/3077/2269
f 2713/3078/2270 2712/3076/2268 2581/3079/2271
f 2714/3080/2272 2713/3078/2270 2583/3081/2273
f 2715/3082/2274 2714/3080/2272 2565/3083/2275
f 2716/3084/2276 2715/3082/2274 2598/3085/2277
f 2717/3086/2278 2716/3084/2276 2597/3087/2279
f 2718/3088/2280 2717/3086/2278 2599/3089/2281
f 2719/3090/2282 2718/3088/2280 2584/3091/2283
f 2720/3092/2284 2719/3090/2282 2566/3093/2285
f 2721/3094/2286 2720/3092/2284 2568/3095/2287
f 2722/3096/2288 2721/3094/2286 2570/3097/2289
f 2723/3098/2290 2722/3096/2288 2572/3099/2291
f 2724/3100/2292 2723/3098/2290 2585/3101/2293
f 2725/3102/2294 2724/3100/2292 2574/3103/2295
f 2726/3104/2296 2725/3102/2294 2576/3105/2297
f 2727/3106/2298 2726/3104/2296 2586/3107/2299
f 2728/3108/2300 2727/3106/2298 2587/3109/2301
f 2729/3110/2302 2728/3108/2300 2600/3111/2303
f 2730/3112/2304 2729/3110/2302 2551/3113/2305
f 2731/3114/2306 2730/3112/2304 2561/3115/2307
f 2732/3116/2308 2731/3114/2306 2544/3117/2309
f 2733/3118/2310 2732/3116/2308 2554/3119/2311
f 2734/3120/2312 2733/3118/2310 2553/3121/2313
f 2735/3122/2314 2734/3120/2312 2562/3123/2315
f 2736/3124/2316 2735/3122/2314 2564/3125/2317
f 2737/3126/2318 2736/3124/2316 2589/3127/2319
f 2738/3128/2320 2737/3126/2318 2588/3129/2321
f 2739/3130/2322 2738/3128/2320 2580/3131/2323
f 2740/3132/2324 2739/3130/2322 2579/3133/2325
f 2741/3134/2326 2740/3132/2324 2601/3135/2327
f 2742/3136/2328 2741/3134/2326 2608/3137/2329
f 2743/3138/2330 2742/3136/2328 2609/3139/2331
f 2744/3140/2332 2743/3138/2330 2602/3141/2333
f 2745/3142/2334 2744/3140/2332 2611/3143/2335
f 2746/3144/2336 2745/3142/2334 2610/3145/2337
f 2747/3146/2338 2746/3144/2336 2613/3147/2339
f 2748/3148/2340 2747/3146/2338 2592/3149/2341
f 2749/3150/2342 2748/3148/2340 2603/3151/2343
f 2750/3152/2344 2749/3150/2342 2612/3153/2345
f 2751/3154/2346 2750/3152/2344 2604/3155/2347
f 2752/3156/2348 2751/3154/2346 2594/3157/2349
f 2753/3158/2350 2752/3156/2348 2606/3159/2351
f 2754/3160/2352 2753/3158/2350 2605/3161/2353
f 2755/3162/2354 2754/3160/2352 2615/3163/2355
f 2756/3164/2356 2755/3162/2354 2614/3165/2357
f 2757/3166/2358 2756/3164/2356 2607/3167/2359
f 2758/3168/2360 2757/3166/2358 2556/3169/2361
f 2759/3170/2362 2758/3168/2360 2555/3171/2363
f 2760/3172/2364 2759/3170/2362 2521/3173/2365
f 2761/3174/2366 2760/3172/2364 2520/3175/2367
f 2762/3176/2368 2761/3174/2366 2523/3177/2369
f 2763/3178/2370 2762/3176/2368 2509/3179/2371
f 2764/3180/2372 2763/3178/2370 2508/3181/2373
f 2765/3182/2374 2764/3180/2372 2526/3183/2375
f 2766/3184/2376 2765/3182/2374 2527/3185/2377
f 2767/3186/2378 2766/3184/2376 2528/3187/2379
f 2768/3188/2380 2767/3186/2378 2530/3189/2381
f 2769/3190/2382 2768/3188/2380 2532/3191/2383
f 2770/3192/2384 2769/3190/2382 2535/3193/2385
f 2771/3194/2386 2770/3192/2384 2534/3195/2387
f 2772/3196/2388 2771/3194/2386 2547/3197/2389
f 2773/3198/2390 2772/3196/2388 2512/3199/2391
f 2774/3200/2392 2773/3198/2390 2511/3201/2393
f 2775/3202/2394 2774/3200/2392 2504/3203/2395
f 2776/3204/2396 2775/3202/2394 2505/3205/2397
f 2777/3206/2398 2776/3204/2396 2513/3207/2399
f 2778/3208/2400 2777/3206/2398 2536/3209/2401
f 2779/3210/2402 2778/3208/2400 2515/3211/2403
f 2780/3212/2404 2779/3210/2402 2514/3213/2405
f 2781/3214/2406 2780/3212/2404 2537/3215/2407
f 2782/3216/2408 2781/3214/2406 2506/3217/2409
f 2783/3218/2410 2782/3216/2408 2516/3219/2411
f 2784/3220/2412 2783/3218/2410 2538/3221/2413
f 2785/3222/2414 2784/3220/2412 2507/3223/2415
f 2786/3224/2416 2785/3222/2414 2517/3225/2417
f 2787/3226/2418 2786/3224/2416 2548/3227/2419
f 2788/3228/2420 2787/3226/2418 2558/3229/2421
f 2789/3230/2422 2788/3228/2420 2549/3231/2423
f 2790/3232/2424 2789/3230/2422 2540/3233/2425
f 2791/3234/2426 2790/3232/2424 2539/3235/2427
f 2792/3236/2428 2791/3234/2426 2541/3237/2429
f 2793/3238/2430 2792/3236/2428 2519/3239/2431
f 2794/3240/2432 2793/3238/2430 2518/3241/2433
f 2795/3242/2434 2794/3240/2432 2542/3243/2435
f 2796/3244/2436 2795/3242/2434 2543/3245/2437
f 2797/3246/2438 2796/3244/2436 2550/3247/2439
f 2798/3248/2440 2797/3246/2438 2560/3249/2441
f 2799/3250/2442 2798/3248/2440 2559/3251/2443
f 2711/3074/2267 2799/3250/2442 2596/3252/2442
f 2596/3252/2442 2595/3075/2267 2711/3074/2267
f 2559/3251/2443 2596/3252/2442 2799/3250/2442
f 2560/3249/2441 2559/3251/2443 2798/3248/2440
f 2550/3247/2439 2560/3249/2441 2797/3246/2438
f 2543/3245/2437 2550/3247/2439 2796/3244/2436
f 2542/3243/2435 2543/3245/2437 2795/3242/2434
f 2518/3241/2433 2542/3243/2435 2794/3240/2432
f 2519/3239/2431 2518/3241/2433 2793/3238/2430
f 2541/3237/2429 2519/3239/2431 2792/3236/2428
f 2539/3235/2427 2541/3237/2429 2791/3234/2426
f 2540/3233/2425 2539/3235/2427 2790/3232/2424
f 2549/3231/2423 2540/3233/2425 2789/3230/2422
f 2558/3229/2421 2549/3231/2423 2788/3228/2420
f 2548/3227/2419 2558/3229/2421 2787/3226/2418
f 2517/3225/2417 2548/3227/2419 2786/3224/2416
f 2507/3223/2415 2517/3225/2417 2785/3222/2414
f 2538/3221/2413 2507/3223/2415 2784/3220/2412
f 2516/3219/2411 2538/3221/2413 2783/3218/2410
f 2506/3217/2409 2516/3219/2411 2782/3216/2408
f 2537/3215/2407 2506/3217/2409 2781/3214/2406
f 2514/3213/2405 2537/3215/2407 2780/3212/2404
f 2515/3211/2403 2514/3213/2405 2779/3210/2402
f 2536/3209/2401 2515/3211/2403 2778/3208/2400
f 2513/3207/2399 2536/3209/2401 2777/3206/2398
f 2505/3205/2397 2513/3207/2399 2776/3204/2396
f 2504/3203/2395 2505/3205/2397 2775/3202/2394
f 2511/3201/2393 2504/3203/2395 2774/3200/2392
f 2512/3199/2391 2511/3201/2393 2773/3198/2390
f 2547/3197/2389 2512/3199/2391 2772/3196/2388
f 2534/3195/2387 2547/3197/2389 2771/3194/2386
f 2535/3193/2385 2534/3195/2387 2770/3192/2384
f 2532/3191/2383 2535/3193/2385 2769/3190/2382
f 2530/3189/2381 2532/3191/2383 2768/3188/2380
f 2528/3187/2379 2530/3189/2381 2767/3186/2378
f 2527/3185/2377 2528/3187/2379 2766/3184/2376
f 2526/3183/2375 2527/3185/2377 2765/3182/2374
f 2508/3181/2373 2526/3183/2375 2764/3180/2372
f 2509/3179/2371 2508/3181/2373 2763/3178/2370
f 2523/3177/2369 2509/3179/2371 2762/3176/2368
f 2520/3175/2367 2523/3177/2369 2761/3174/2366
f 2521/3173/2365 2520/3175/2367 2760/3172/2364
f 2555/3171/2363 2521/3173/2365 2759/3170/2362
f 2556/3169/2361 2555/3171/2363 2758/3168/2360
f 2607/3167/2359 2556/3169/2361 2757/3166/2358
f 2614/3165/2357 2607/3167/2359 2756/3164/2356
f 2615/3163/2355 2614/3165/2357 2755/3162/2354
f 2605/3161/2353 2615/3163/2355 2754/3160/2352
f 2606/3159/2351 2605/3161/2353 2753/3158/2350
f 2594/3157/2349 2606/3159/2351 2752/3156/2348
f 2604/3155/2347 2594/3157/2349 2751/3154/2346
f 2612/3153/2345 2604/3155/2347 2750/3152/2344
f 2603/3151/2343 2612/3153/2345 2749/3150/2342
f 2592/3149/2341 2603/3151/2343 2748/3148/2340
f 2613/3147/2339 2592/3149/2341 2747/3146/2338
f 2610/3145/2337 2613/3147/2339 2746/3144/2336
f 2611/3143/2335 2610/3145/2337 2745/3142/2334
f 2602/3141/2333 2611/3143/2335 2744/3140/2332
f 2609/3139/2331 2602/3141/2333 2743/3138/2330
f 2608/3137/2329 2609/3139/2331 2742/3136/2328
f 2601/3135/2327 2608/3137/2329 2741/3134/2326
f 2579/3133/2325 2601/3135/2327 2740/3132/2324
f 2580/3131/2323 2579/3133/2325 2739/3130/2322
f 2588/3129/2321 2580/3131/2323 2738/3128/2320
f 2589/3127/2319 2588/3129/2321 2737/3126/2318
f 2564/3125/2317 2589/3127/2319 2736/3124/2316
f 2562/3123/2315 2564/3125/2317 2735/3122/2314
f 2553/3121/2313 2562/3123/2315 2734/3120/2312
f 2554/3119/2311 2553/3121/2313 2733/3118/2310
f 2544/3117/2309 2554/3119/2311 2732/3116/2308
f 2561/3115/2307 2544/3117/2309 2731/3114/2306
f 2551/3113/2305 2561/3115/2307 2730/3112/2304
f 2600/3111/2303 2551/3113/2305 2729/3110/2302
f 2587/3109/2301 2600/3111/2303 2728/3108/2300
f 2586/3107/2299 2587/3109/2301 2727/3106/2298
f 2576/3105/2297 2586/3107/2299 2726/3104/2296
f 2574/3103/2295 2576/3105/2297 2725/3102/2294
f 2585/3101/2293 2574/3103/2295 2724/3100/2292
f 2572/3099/2291 2585/3101/2293 2723/3098/2290
f 2570/3097/2289 2572/3099/2291 2722/3096/2288
f 2568/3095/2287 2570/3097/2289 2721/3094/2286
f 2566/3093/2285 2568/3095/2287 2720/3092/2284
f 2584/3091/2283 2566/3093/2285 2719/3090/2282
f 2599/3089/2281 2584/3091/2283 2718/3088/2280
f 2597/3087/2279 2599/3089/2281 2717/3086/2278
f 2598/3085/2277 2597/3087/2279 2716/3084/2276
f 2565/3083/2275 2598/3085/2277 2715/3082/2274
f 2583/3081/2273 2565/3083/2275 2714/3080/2272
f 2581/3079/2271 2583/3081/2273 2713/3078/2270
f 2582/3077/2269 2581/3079/2271 2712/3076/2268
f 2595/3075/2267 2582/3077/2269 2710/3073/2266
f 2775/3253/2444 2800/3254/2444 2801/3255/2444
f 2775/3253/2444 2776/3256/2444 2802/3257/2444
f 2802/3257/2444 2800/3254/2444 2775/3253/2444
f 2776/3256/2444 2777/3258/2444 2803/3259/2444
f 2780/3260/2444 2804/3261/2444 2805/3262/2444
f 2781/3263/2444 2806/3264/2444 2804/3261/2444
f 2773/3265/2444 2807/3266/2444 2808/3267/2444
f 2773/3265/2444 2774/3268/2444 2801/3255/2444
f 2803/3259/2444 2802/3257/2444 2776/3256/2444
f 2777/3258/2444 2778/3269/2444 2809/3270/2444
f 2779/3271/2444 2805/3262/2444 2809/3270/2444
f 2804/3261/2444 2780/3260/2444 2781/3263/2444
f 2718/3272/2444 2810/3273/2444 2811/3274/2444
f 2718/3272/2444 2719/3275/2444 2812/3276/2444
f 2772/3277/2444 2808/3267/2444 2813/3278/2444
f 2801/3255/2444 2807/3266/2444 2773/3265/2444
f 2809/3270/2444 2803/3259/2444 2777/3258/2444
f 2805/3262/2444 2779/3271/2444 2780/3260/2444
f 2716/3279/2444 2814/3280/2444 2815/3281/2444
f 2717/3282/2444 2811/3274/2444 2814/3280/2444
f 2812/3276/2444 2810/3273/2444 2718/3272/2444
f 2719/3275/2444 2720/3283/2444 2816/3284/2444
f 2751/3285/2444 2817/3286/2444 2818/3287/2444
f 2751/3285/2444 2752/3288/2444 2819/3289/2444
f 2763/3290/2444 2820/3291/2444 2821/3292/2444
f 2763/3290/2444 2764/3293/2444 2822/3294/2444
f 2769/3295/2444 2823/3296/2444 2824/3297/2444
f 2769/3295/2444 2770/3298/2444 2825/3299/2444
f 2808/3267/2444 2772/3277/2444 2773/3265/2444
f 2809/3270/2444 2778/3269/2444 2779/3271/2444
f 2782/3300/2444 2826/3301/2444 2806/3264/2444
f 2782/3300/2444 2783/3302/2444 2827/3303/2444
f 2791/3304/2444 2828/3305/2444 2829/3306/2444
f 2791/3304/2444 2792/3307/2444 2830/3308/2444
f 2712/3309/2444 2831/3310/2444 2832/3311/2444
f 2712/3309/2444 2713/3312/2444 2833/3313/2444
f 2715/3314/2444 2815/3281/2444 2834/3315/2444
f 2814/3280/2444 2716/3279/2444 2717/3282/2444
f 2816/3284/2444 2812/3276/2444 2719/3275/2444
f 2720/3283/2444 2721/3316/2444 2835/3317/2444
f 2744/3318/2444 2836/3319/2444 2837/3320/2444
f 2744/3318/2444 2745/3321/2444 2838/3322/2444
f 2819/3289/2444 2817/3286/2444 2751/3285/2444
f 2752/3288/2444 2753/3323/2444 2839/3324/2444
f 2760/3325/2444 2840/3326/2444 2841/3327/2444
f 2760/3325/2444 2761/3328/2444 2842/3329/2444
f 2762/3330/2444 2821/3292/2444 2842/3329/2444
f 2822/3294/2444 2820/3291/2444 2763/3290/2444
f 2766/3331/2444 2843/3332/2444 2844/3333/2444
f 2766/3331/2444 2767/3334/2444 2845/3335/2444
f 2768/3336/2444 2824/3297/2444 2845/3335/2444
f 2825/3299/2444 2823/3296/2444 2769/3295/2444
f 2801/3255/2444 2774/3268/2444 2775/3253/2444
f 2827/3303/2444 2826/3301/2444 2782/3300/2444
f 2784/3337/2444 2846/3338/2444 2827/3303/2444
f 2784/3337/2444 2785/3339/2444 2847/3340/2444
f 2786/3341/2444 2848/3342/2444 2847/3340/2444
f 2786/3341/2444 2787/3343/2444 2849/3344/2444
f 2788/3345/2444 2850/3346/2444 2849/3344/2444
f 2788/3345/2444 2789/3347/2444 2851/3348/2444
f 2790/3349/2444 2829/3306/2444 2851/3348/2444
f 2830/3308/2444 2828/3305/2444 2791/3304/2444
f 2797/3350/2444 2852/3351/2444 2853/3352/2444
f 2798/3353/2444 2854/3354/2444 2852/3351/2444
f 2833/3313/2444 2831/3310/2444 2712/3309/2444
f 2713/3312/2444 2714/3355/2444 2834/3315/2444
f 2815/3281/2444 2715/3314/2444 2716/3279/2444
f 2835/3317/2444 2816/3284/2444 2720/3283/2444
f 2838/3322/2444 2836/3319/2444 2744/3318/2444
f 2745/3321/2444 2746/3356/2444 2855/3357/2444
f 2748/3358/2444 2856/3359/2444 2857/3360/2444
f 2748/3358/2444 2749/3361/2444 2858/3362/2444
f 2750/3363/2444 2818/3287/2444 2858/3362/2444
f 2839/3324/2444 2819/3289/2444 2752/3288/2444
f 2842/3329/2444 2840/3326/2444 2760/3325/2444
f 2821/3292/2444 2762/3330/2444 2763/3290/2444
f 2845/3335/2444 2843/3332/2444 2766/3331/2444
f 2824/3297/2444 2768/3336/2444 2769/3295/2444
f 2771/3364/2444 2813/3278/2444 2825/3299/2444
f 2806/3264/2444 2781/3263/2444 2782/3300/2444
f 2847/3340/2444 2846/3338/2444 2784/3337/2444
f 2849/3344/2444 2848/3342/2444 2786/3341/2444
f 2851/3348/2444 2850/3346/2444 2788/3345/2444
f 2829/3306/2444 2790/3349/2444 2791/3304/2444
f 2793/3365/2444 2859/3366/2444 2830/3308/2444
f 2793/3365/2444 2794/3367/2444 2860/3368/2444
f 2794/3367/2444 2795/3369/2444 2861/3370/2444
f 2795/3369/2444 2796/3371/2444 2853/3352/2444
f 2852/3351/2444 2797/3350/2444 2798/3353/2444
f 2798/3353/2444 2799/3372/2444 2862/3373/2444
f 2711/3374/2444 2863/3375/2444 2862/3373/2444
f 2711/3374/2444 2710/3376/2444 2832/3311/2444
f 2834/3315/2444 2833/3313/2444 2713/3312/2444
f 2811/3274/2444 2717/3282/2444 2718/3272/2444
f 2722/3377/2444 2864/3378/2444 2835/3317/2444
f 2722/3377/2444 2723/3379/2444 2865/3380/2444
f 2734/3381/2444 2735/3382/2444 2866/3383/2444
f 2735/3382/2444 2736/3384/2444 2867/3385/2444
f 2737/3386/2444 2868/3387/2444 2867/3385/2444
f 2737/3386/2444 2738/3388/2444 2869/3389/2444
f 2855/3357/2444 2838/3322/2444 2745/3321/2444
f 2746/3356/2444 2747/3390/2444 2857/3360/2444
f 2858/3362/2444 2856/3359/2444 2748/3358/2444
f 2818/3287/2444 2750/3363/2444 2751/3285/2444
f 2842/3329/2444 2761/3328/2444 2762/3330/2444
f 2764/3293/2444 2765/3391/2444 2844/3333/2444
f 2845/3335/2444 2767/3334/2444 2768/3336/2444
f 2813/3278/2444 2771/3364/2444 2772/3277/2444
f 2847/3340/2444 2785/3339/2444 2786/3341/2444
f 2851/3348/2444 2789/3347/2444 2790/3349/2444
f 2860/3368/2444 2859/3366/2444 2793/3365/2444
f 2853/3352/2444 2861/3370/2444 2795/3369/2444
f 2862/3373/2444 2854/3354/2444 2798/3353/2444
f 2832/3311/2444 2863/3375/2444 2711/3374/2444
f 2834/3315/2444 2714/3355/2444 2715/3314/2444
f 2865/3380/2444 2864/3378/2444 2722/3377/2444
f 2725/3392/2444 2870/3393/2444 2871/3394/2444
f 2725/3392/2444 2726/3395/2444 2872/3396/2444
f 2730/3397/2444 2873/3398/2444 2874/3399/2444
f 2730/3397/2444 2731/3400/2444 2875/3401/2444
f 2733/3402/2444 2734/3381/2444 2876/3403/2444
f 2867/3385/2444 2866/3383/2444 2735/3382/2444
f 2869/3389/2444 2868/3387/2444 2737/3386/2444
f 2738/3388/2444 2739/3404/2444 2877/3405/2444
f 2739/3404/2444 2740/3406/2444 2878/3407/2444
f 2740/3406/2444 2741/3408/2444 2879/3409/2444
f 2742/3410/2444 2880/3411/2444 2879/3409/2444
f 2742/3410/2444 2743/3412/2444 2837/3320/2444
f 2857/3360/2444 2855/3357/2444 2746/3356/2444
f 2858/3362/2444 2749/3361/2444 2750/3363/2444
f 2844/3333/2444 2822/3294/2444 2764/3293/2444
f 2825/3299/2444 2770/3298/2444 2771/3364/2444
f 2849/3344/2444 2787/3343/2444 2788/3345/2444
f 2861/3370/2444 2860/3368/2444 2794/3367/2444
f 2862/3373/2444 2799/3372/2444 2711/3374/2444
f 2835/3317/2444 2721/3316/2444 2722/3377/2444
f 2724/3413/2444 2871/3394/2444 2865/3380/2444
f 2872/3396/2444 2870/3393/2444 2725/3392/2444
f 2728/3414/2444 2881/3415/2444 2882/3416/2444
f 2728/3414/2444 2729/3417/2444 2874/3399/2444
f 2875/3401/2444 2873/3398/2444 2730/3397/2444
f 2731/3400/2444 2732/3418/2444 2883/3419/2444
f 2732/3418/2444 2733/3402/2444 2884/3420/2444
f 2866/3383/2444 2876/3403/2444 2734/3381/2444
f 2877/3405/2444 2869/3389/2444 2738/3388/2444
f 2879/3409/2444 2878/3407/2444 2740/3406/2444
f 2837/3320/2444 2880/3411/2444 2742/3410/2444
f 2857/3360/2444 2747/3390/2444 2748/3358/2444
f 2756/3421/2444 2885/3422/2444 2886/3423/2444
f 2756/3421/2444 2757/3424/2444 2887/3425/2444
f 2758/3426/2444 2888/3427/2444 2887/3425/2444
f 2758/3426/2444 2759/3428/2444 2841/3327/2444
f 2844/3333/2444 2765/3391/2444 2766/3331/2444
f 2830/3308/2444 2792/3307/2444 2793/3365/2444
f 2832/3311/2444 2710/3376/2444 2712/3309/2444
f 2871/3394/2444 2724/3413/2444 2725/3392/2444
f 2727/3429/2444 2882/3416/2444 2872/3396/2444
f 2874/3399/2444 2881/3415/2444 2728/3414/2444
f 2883/3419/2444 2875/3401/2444 2731/3400/2444
f 2876/3403/2444 2884/3420/2444 2733/3402/2444
f 2878/3407/2444 2877/3405/2444 2739/3404/2444
f 2837/3320/2444 2743/3412/2444 2744/3318/2444
f 2754/3430/2444 2889/3431/2444 2839/3324/2444
f 2754/3430/2444 2755/3432/2444 2886/3423/2444
f 2887/3425/2444 2885/3422/2444 2756/3421/2444
f 2841/3327/2444 2888/3427/2444 2758/3426/2444
f 2827/3303/2444 2783/3302/2444 2784/3337/2444
f 2865/3380/2444 2723/3379/2444 2724/3413/2444
f 2882/3416/2444 2727/3429/2444 2728/3414/2444
f 2884/3420/2444 2883/3419/2444 2732/3418/2444
f 2879/3409/2444 2741/3408/2444 2742/3410/2444
f 2886/3423/2444 2889/3431/2444 2754/3430/2444
f 2887/3425/2444 2757/3424/2444 2758/3426/2444
f 2853/3352/2444 2796/3371/2444 2797/3350/2444
f 2874/3399/2444 2729/3417/2444 2730/3397/2444
f 2839/3324/2444 2753/3323/2444 2754/3430/2444
f 2841/3327/2444 2759/3428/2444 2760/3325/2444
f 2867/3385/2444 2736/3384/2444 2737/3386/2444
f 2872/3396/2444 2726/3395/2444 2727/3429/2444
f 2886/3423/2444 2755/3432/2444 2756/3421/2444
f 2889/3433/2445 2886/3434/2446 2890/3435/2446
f 2839/3436/2447 2889/3433/2445 2891/3437/2448
f 2819/3438/2449 2839/3436/2447 2892/3439/2450
f 2817/3440/2451 2819/3438/2449 2893/3441/2452
f 2818/3442/2453 2817/3440/2451 2894/3443/2454
f 2858/3444/2455 2818/3442/2453 2895/3445/2456
f 2856/3446/2457 2858/3444/2455 2896/3447/2458
f 2857/3448/2459 2856/3446/2457 2897/3449/2460
f 2855/3450/2461 2857/3448/2459 2898/3451/2462
f 2838/3452/2463 2855/3450/2461 2899/3453/2464
f 2836/3454/2465 2838/3452/2463 2900/3455/2466
f 2837/3456/2467 2836/3454/2465 2901/3457/2468
f 2880/3458/2469 2837/3456/2467 2902/3459/2470
f 2879/3460/2471 2880/3458/2469 2903/3461/2472
f 2878/3462/2473 2879/3460/2471 2904/3463/2474
f 2877/3464/2475 2878/3462/2473 2905/3465/2476
f 2869/3466/2477 2877/3464/2475 2906/3467/2478
f 2868/3468/2479 2869/3466/2477 2907/3469/2480
f 2867/3470/2481 2868/3468/2479 2908/3471/2482
f 2866/3472/2483 2867/3470/2481 2909/3473/2484
f 2876/3474/2485 2866/3472/2483 2910/3475/2486
f 2884/3476/2487 2876/3474/2485 2911/3477/2488
f 2883/3478/2489 2884/3476/2487 2912/3479/2490
f 2875/3480/2491 2883/3478/2489 2913/3481/2492
f 2873/3482/2493 2875/3480/2491 2914/3483/2494
f 2874/3484/2495 2873/3482/2493 2915/3485/2496
f 2881/3486/2497 2874/3484/2495 2916/3487/2498
f 2882/3488/2499 2881/3486/2497 2917/3489/2500
f 2872/3490/2501 2882/3488/2499 2918/3491/2502
f 2870/3492/2503 2872/3490/2501 2919/3493/2504
f 2871/3494/2505 2870/3492/2503 2920/3495/2506
f 2865/3496/2507 2871/3494/2505 2921/3497/2508
f 2864/3498/2509 2865/3496/2507 2922/3499/2510
f 2835/3500/2511 2864/3498/2509 2923/3501/2512
f 2816/3502/2513 2835/3500/2511 2924/3503/2514
f 2812/3504/2515 2816/3502/2513 2925/3505/2516
f 2810/3506/2517 2812/3504/2515 2926/3507/2518
f 2811/3508/2519 2810/3506/2517 2927/3509/2520
f 2814/3510/2521 2811/3508/2519 2928/3511/2522
f 2815/3512/2523 2814/3510/2521 2929/3513/2524
f 2834/3514/2525 2815/3512/2523 2930/3515/2526
f 2833/3516/2527 2834/3514/2525 2931/3517/2528
f 2831/3518/2529 2833/3516/2527 2932/3519/2530
f 2832/3520/2531 2831/3518/2529 2933/3521/2532
f 2863/3522/2533 2832/3520/2531 2934/3523/2534
f 2862/3524/2535 2863/3522/2533 2935/3525/2536
f 2854/3526/2537 2862/3524/2535 2936/3527/2538
f 2852/3528/2539 2854/3526/2537 2937/3529/2540
f 2853/3530/2541 2852/3528/2539 2938/3531/2542
f 2861/3532/2543 2853/3530/2541 2939/3533/2544
f 2860/3534/2545 2861/3532/2543 2940/3535/2546
f 2859/3536/2547 2860/3534/2545 2941/3537/2548
f 2830/3538/2549 2859/3536/2547 2942/3539/2550
f 2828/3540/2551 2830/3538/2549 2943/3541/2552
f 2829/3542/2553 2828/3540/2551 2944/3543/2554
f 2851/3544/2555 2829/3542/2553 2945/3545/2556
f 2850/3546/2557 2851/3544/2555 2946/3547/2558
f 2849/3548/2559 2850/3546/2557 2947/3549/2560
f 2848/3550/2561 2849/3548/2559 2948/3551/2562
f 2847/3552/2563 2848/3550/2561 2949/3553/2564
f 2846/3554/2565 2847/3552/2563 2950/3555/2566
f 2827/3556/2567 2846/3554/2565 2951/3557/2568
f 2826/3558/2569 2827/3556/2567 2952/3559/2570
f 2806/3560/2571 2826/3558/2569 2953/3561/2572
f 2804/3562/2573 2806/3560/2571 2954/3563/2574
f 2805/3564/2575 2804/3562/2573 2955/3565/2576
f 2809/3566/2577 2805/3564/2575 2956/3567/2578
f 2803/3568/2579 2809/3566/2577 2957/3569/2580
f 2802/3570/2581 2803/3568/2579 2958/3571/2582
f 2800/3572/2583 2802/3570/2581 2959/3573/2584
f 2801/3574/2585 2800/3572/2583 2960/3575/2586
f 2807/3576/2587 2801/3574/2585 2961/3577/2588
f 2808/3578/2589 2807/3576/2587 2962/3579/2590
f 2813/3580/2591 2808/3578/2589 2963/3581/2592
f 2825/3582/2593 2813/3580/2591 2964/3583/2594
f 2823/3584/2595 2825/3582/2593 2965/3585/2596
f 2824/3586/2597 2823/3584/2595 2966/3587/2598
f 2845/3588/2599 2824/3586/2597 2967/3589/2600
f 2843/3590/2601 2845/3588/2599 2968/3591/2602
f 2844/3592/2603 2843/3590/2601 2969/3593/2604
f 2822/3594/2605 2844/3592/2603 2970/3595/2606
f 2820/3596/2607 2822/3594/2605 2971/3597/2608
f 2821/3598/2609 2820/3596/2607 2972/3599/2610
f 2842/3600/2611 2821/3598/2609 2973/3601/2612
f 2840/3602/2613 2842/3600/2611 2974/3603/2614
f 2841/3604/2615 2840/3602/2613 2975/3605/2616
f 2888/3606/2617 2841/3604/2615 2976/3607/2618
f 2887/3608/2619 2888/3606/2617 2977/3609/2620
f 2885/3610/2621 2887/3608/2619 2978/3611/2622
f 2886/3434/2446 2885/3610/2621 2979/3612/2621
f 2979/3612/2621 2890/3435/2446 2886/3434/2446
f 2978/3611/2622 2979/3612/2621 2885/3610/2621
f 2977/3609/2620 2978/3611/2622 2887/3608/2619
f 2976/3607/2618 2977/3609/2620 2888/3606/2617
f 2975/3605/2616 2976/3607/2618 2841/3604/2615
f 2974/3603/2614 2975/3605/2616 2840/3602/2613
f 2973/3601/2612 2974/3603/2614 2842/3600/2611
f 2972/3599/2610 2973/3601/2612 2821/3598/2609
f 2971/3597/2608 2972/3599/2610 2820/3596/2607
f 2970/3595/2606 2971/3597/2608 2822/3594/2605
f 2969/3593/2604 2970/3595/2606 2844/3592/2603
f 2968/3591/2602 2969/3593/2604 2843/3590/2601
f 2967/3589/2600 2968/3591/2602 2845/3588/2599
f 2966/3587/2598 2967/3589/2600 2824/3586/2597
f 2965/3585/2596 2966/3587/2598 2823/3584/2595
f 2964/3583/2594 2965/3585/2596 2825/3582/2593
f 2963/3581/2592 2964/3583/2594 2813/3580/2591
f 2962/3579/2590 2963/3581/2592 2808/3578/2589
f 2961/3577/2588 2962/3579/2590 2807/3576/2587
f 2960/3575/2586 2961/3577/2588 2801/3574/2585
f 2959/3573/2584 2960/3575/2586 2800/3572/2583
f 2958/3571/2582 2959/3573/2584 2802/3570/2581
f 2957/3569/2580 2958/3571/2582 2803/3568/2579
f 2956/3567/2578 2957/3569/2580 2809/3566/2577
f 2955/3565/2576 2956/3567/2578 2805/3564/2575
f 2954/3563/2574 2955/3565/2576 2804/3562/2573
f 2953/3561/2572 2954/3563/2574 2806/3560/2571
f 2952/3559/2570 2953/3561/2572 2826/3558/2569
f 2951/3557/2568 2952/3559/2570 2827/3556/2567
f 2950/3555/2566 2951/3557/2568 2846/3554/2565
f 2949/3553/2564 2950/3555/2566 2847/3552/2563
f 2948/3551/2562 2949/3553/2564 2848/3550/2561
f 2947/3549/2560 2948/3551/2562 2849/3548/2559
f 2946/3547/2558 2947/3549/2560 2850/3546/2557
f 2945/3545/2556 2946/3547/2558 2851/3544/2555
f 2944/3543/2554 2945/3545/2556 2829/3542/2553
f 2943/3541/2552 2944/3543/2554 2828/3540/2551
f 2942/3539/2550 2943/3541/2552 2830/3538/2549
f 2941/3537/2548 2942/3539/2550 2859/3536/2547
f 2940/3535/2546 2941/3537/2548 2860/3534/2545
f 2939/3533/2544 2940/3535/2546 2861/3532/2543
f 2938/3531/2542 2939/3533/2544 2853/3530/2541
f 2937/3529/2540 2938/3531/2542 2852/3528/2539
f 2936/3527/2538 2937/3529/2540 2854/3526/2537
f 2935/3525/2536 2936/3527/2538 2862/3524/2535
f 2934/3523/2534 2935/3525/2536 2863/3522/2533
f 2933/3521/2532 2934/3523/2534 2832/3520/2531
f 2932/3519/2530 2933/3521/2532 2831/3518/2529
f 2931/3517/2528 2932/3519/2530 2833/3516/2527
f 2930/3515/2526 2931/3517/2528 2834/3514/2525
f 2929/3513/2524 2930/3515/2526 2815/3512/2523
f 2928/3511/2522 2929/3513/2524 2814/3510/2521
f 2927/3509/2520 2928/3511/2522 2811/3508/2519
f 2926/3507/2518 2927/3509/2520 2810/3506/2517
f 2925/3505/2516 2926/3507/2518 2812/3504/2515
f 2924/3503/2514 2925/3505/2516 2816/3502/2513
f 2923/3501/2512 2924/3503/2514 2835/3500/2511
f 2922/3499/2510 2923/3501/2512 2864/3498/2509
f 2921/3497/2508 2922/3499/2510 2865/3496/2507
f 2920/3495/2506 2921/3497/2508 2871/3494/2505
f 2919/3493/2504 2920/3495/2506 2870/3492/2503
f 2918/3491/2502 2919/3493/2504 2872/3490/2501
f 2917/3489/2500 2918/3491/2502 2882/3488/2499
f 2916/3487/2498 2917/3489/2500 2881/3486/2497
f 2915/3485/2496 2916/3487/2498 2874/3484/2495
f 2914/3483/2494 2915/3485/2496 2873/3482/2493
f 2913/3481/2492 2914/3483/2494 2875/3480/2491
f 2912/3479/2490 2913/3481/2492 2883/3478/2489
f 2911/3477/2488 2912/3479/2490 2884/3476/2487
f 2910/3475/2486 2911/3477/2488 2876/3474/2485
f 2909/3473/2484 2910/3475/2486 2866/3472/2483
f 2908/3471/2482 2909/3473/2484 2867/3470/2481
f 2907/3469/2480 2908/3471/2482 2868/3468/2479
f 2906/3467/2478 2907/3469/2480 2869/3466/2477
f 2905/3465/2476 2906/3467/2478 2877/3464/2475
f 2904/3463/2474 2905/3465/2476 2878/3462/2473
f 2903/3461/2472 2904/3463/2474 2879/3460/2471
f 2902/3459/2470 2903/3461/2472 2880/3458/2469
f 2901/3457/2468 2902/3459/2470 2837/3456/2467
f 2900/3455/2466 2901/3457/2468 2836/3454/2465
f 2899/3453/2464 2900/3455/2466 2838/3452/2463
f 2898/3451/2462 2899/3453/2464 2855/3450/2461
f 2897/3449/2460 2898/3451/2462 2857/3448/2459
f 2896/3447/2458 2897/3449/2460 2856/3446/2457
f 2895/3445/2456 2896/3447/2458 2858/3444/2455
f 2894/3443/2454 2895/3445/2456 2818/3442/2453
f 2893/3441/2452 2894/3443/2454 2817/3440/2451
f 2892/3439/2450 2893/3441/2452 2819/3438/2449
f 2891/3437/2448 2892/3439/2450 2839/3436/2447
f 2890/3435/2446 2891/3437/2448 2889/3433/2445
f 2980/3613/2623 2981/3614/2624 2461/3615/2624
f 2982/3616/2625 2980/3613/2623 2478/3617/2626
f 2983/3618/2627 2982/3616/2625 2464/3619/2628
f 2984/3620/2629 2983/3618/2627 2463/3621/2630
f 2985/3622/2631 2984/3620/2629 2467/3623/2632
f 2986/3624/2633 2985/3622/2631 2466/3625/2634
f 2987/3626/2635 2986/3624/2633 2479/3627/2636
f 2988/3628/2637 2987/3626/2635 2480/3629/2638
f 2989/3630/2639 2988/3628/2637 2443/3631/2640
f 2990/3632/2641 2989/3630/2639 2442/3633/2642
f 2991/3634/2643 2990/3632/2641 2482/3635/2644
f 2992/3636/2645 2991/3634/2643 2481/3637/2646
f 2993/3638/2647 2992/3636/2645 2470/3639/2648
f 2994/3640/2649 2993/3638/2647 2469/3641/2650
f 2995/3642/2651 2994/3640/2649 2498/3643/2652
f 2996/3644/2653 2995/3642/2651 2484/3645/2654
f 2997/3646/2655 2996/3644/2653 2483/3647/2656
f 2998/3648/2657 2997/3646/2655 2485/3649/2658
f 2999/3650/2659 2998/3648/2657 2499/3651/2660
f 3000/3652/2661 2999/3650/2659 2446/3653/2662
f 3001/3654/2663 3000/3652/2661 2445/3655/2664
f 3002/3656/2665 3001/3654/2663 2448/3657/2666
f 3003/3658/2667 3002/3656/2665 2450/3659/2668
f 3004/3660/2669 3003/3658/2667 2449/3661/2670
f 3005/3662/2671 3004/3660/2669 2451/3663/2672
f 3006/3664/2673 3005/3662/2671 2453/3665/2674
f 3007/3666/2675 3006/3664/2673 2452/3667/2676
f 3008/3668/2677 3007/3666/2675 2472/3669/2678
f 3009/3670/2679 3008/3668/2677 2473/3671/2680
f 3010/3672/2681 3009/3670/2679 2456/3673/2682
f 3011/3674/2683 3010/3672/2681 2455/3675/2684
f 3012/3676/2685 3011/3674/2683 2486/3677/2686
f 3013/3678/2687 3012/3676/2685 2488/3679/2688
f 3014/3680/2689 3013/3678/2687 2487/3681/2690
f 3015/3682/2691 3014/3680/2689 2490/3683/2692
f 3016/3684/2693 3015/3682/2691 2492/3685/2694
f 3017/3686/2695 3016/3684/2693 2501/3687/2696
f 3018/3688/2697 3017/3686/2695 2496/3689/2698
f 3019/3690/2699 3018/3688/2697 2495/3691/2700
f 3020/3692/2701 3019/3690/2699 2502/3693/2702
f 3021/3694/2703 3020/3692/2701 2497/3695/2704
f 3022/3696/2705 3021/3694/2703 2459/3697/2706
f 3023/3698/2707 3022/3696/2705 2458/3699/2708
f 3024/3700/2709 3023/3698/2707 2475/3701/2710
f 3025/3702/2711 3024/3700/2709 2477/3703/2712
f 3026/3704/2713 3025/3702/2711 2476/3705/2714
f 3027/3706/2715 3026/3704/2713 2503/3707/2716
f 3028/3708/2717 3027/3706/2715 2420/3709/2718
f 3029/3710/2719 3028/3708/2717 2419/3711/2720
f 3030/3712/2721 3029/3710/2719 2411/3713/2722
f 3031/3714/2723 3030/3712/2721 2397/3715/2724
f 3032/3716/2725 3031/3714/2723 2393/3717/2726
f 3033/3718/2727 3032/3716/2725 2398/3719/2728
f 3034/3720/2729 3033/3718/2727 2394/3721/2730
f 3035/3722/2731 3034/3720/2729 2391/3723/2732
f 3036/3724/2733 3035/3722/2731 2392/3725/2734
f 3037/3726/2735 3036/3724/2733 2395/3727/2736
f 3038/3728/2737 3037/3726/2735 2400/3729/2738
f 3039/3730/2739 3038/3728/2737 2399/3731/2740
f 3040/3732/2741 3039/3730/2739 2401/3733/2742
f 3041/3734/2743 3040/3732/2741 2412/3735/2744
f 3042/3736/2745 3041/3734/2743 2403/3737/2746
f 3043/3738/2747 3042/3736/2745 2402/3739/2748
f 3044/3740/2749 3043/3738/2747 2413/3741/2750
f 3045/3742/2751 3044/3740/2749 2414/3743/2752
f 3046/3744/2753 3045/3742/2751 2404/3745/2754
f 3047/3746/2755 3046/3744/2753 2396/3747/2756
f 3048/3748/2757 3047/3746/2755 2422/3749/2758
f 3049/3750/2759 3048/3748/2757 2421/3751/2760
f 3050/3752/2761 3049/3750/2759 2435/3753/2762
f 3051/3754/2763 3050/3752/2761 2460/3755/2764
f 3052/3756/2765 3051/3754/2763 2424/3757/2766
f 3053/3758/2767 3052/3756/2765 2423/3759/2768
f 3054/3760/2769 3053/3758/2767 2426/3761/2770
f 3055/3762/2771 3054/3760/2769 2425/3763/2772
f 3056/3764/2773 3055/3762/2771 2406/3765/2774
f 3057/3766/2775 3056/3764/2773 2405/3767/2776
f 3058/3768/2777 3057/3766/2775 2407/3769/2778
f 3059/3770/2779 3058/3768/2777 2409/3771/2780
f 3060/3772/2781 3059/3770/2779 2415/3773/2782
f 3061/3774/2783 3060/3772/2781 2428/3775/2784
f 3062/3776/2785 3061/3774/2783 2436/3777/2786
f 3063/3778/2787 3062/3776/2785 2416/3779/2788
f 3064/3780/2789 3063/3778/2787 2429/3781/2790
f 3065/3782/2791 3064/3780/2789 2437/3783/2792
f 3066/3784/2793 3065/3782/2791 2431/3785/2794
f 3067/3786/2795 3066/3784/2793 2438/3787/2796
f 3068/3788/2797 3067/3786/2795 2433/3789/2798
f 3069/3790/2799 3068/3788/2797 2440/3791/2800
f 2981/3614/2624 3069/3790/2799 2439/3792/2799
f 2439/3792/2799 2461/3615/2624 2981/3614/2624
f 2440/3791/2800 2439/3792/2799 3069/3790/2799
f 2433/3789/2798 2440/3791/2800 3068/3788/2797
f 2438/3787/2796 2433/3789/2798 3067/3786/2795
f 2431/3785/2794 2438/3787/2796 3066/3784/2793
f 2437/3783/2792 2431/3785/2794 3065/3782/2791
f 2429/3781/2790 2437/3783/2792 3064/3780/2789
f 2416/3779/2788 2429/3781/2790 3063/3778/2787
f 2436/3777/2786 2416/3779/2788 3062/3776/2785
f 2428/3775/2784 2436/3777/2786 3061/3774/2783
f 2415/3773/2782 2428/3775/2784 3060/3772/2781
f 2409/3771/2780 2415/3773/2782 3059/3770/2779
f 2407/3769/2778 2409/3771/2780 3058/3768/2777
f 2405/3767/2776 2407/3769/2778 3057/3766/2775
f 2406/3765/2774 2405/3767/2776 3056/3764/2773
f 2425/3763/2772 2406/3765/2774 3055/3762/2771
f 2426/3761/2770 2425/3763/2772 3054/3760/2769
f 2423/3759/2768 2426/3761/2770 3053/3758/2767
f 2424/3757/2766 2423/3759/2768 3052/3756/2765
f 2460/3755/2764 2424/3757/2766 3051/3754/2763
f 2435/3753/2762 2460/3755/2764 3050/3752/2761
f 2421/3751/2760 2435/3753/2762 3049/3750/2759
f 2422/3749/2758 2421/3751/2760 3048/3748/2757
f 2396/3747/2756 2422/3749/2758 3047/3746/2755
f 2404/3745/2754 2396/3747/2756 3046/3744/2753
f 2414/3743/2752 2404/3745/2754 3045/3742/2751
f 2413/3741/2750 2414/3743/2752 3044/3740/2749
f 2402/3739/2748 2413/3741/2750 3043/3738/2747
f 2403/3737/2746 2402/3739/2748 3042/3736/2745
f 2412/3735/2744 2403/3737/2746 3041/3734/2743
f 2401/3733/2742 2412/3735/2744 3040/3732/2741
f 2399/3731/2740 2401/3733/2742 3039/3730/2739
f 2400/3729/2738 2399/3731/2740 3038/3728/2737
f 2395/3727/2736 2400/3729/2738 3037/3726/2735
f 2392/3725/2734 2395/3727/2736 3036/3724/2733
f 2391/3723/2732 2392/3725/2734 3035/3722/2731
f 2394/3721/2730 2391/3723/2732 3034/3720/2729
f 2398/3719/2728 2394/3721/2730 3033/3718/2727
f 2393/3717/2726 2398/3719/2728 3032/3716/2725
f 2397/3715/2724 2393/3717/2726 3031/3714/2723
f 2411/3713/2722 2397/3715/2724 3030/3712/2721
f 2419/3711/2720 2411/3713/2722 3029/3710/2719
f 2420/3709/2718 2419/3711/2720 3028/3708/2717
f 2503/3707/2716 2420/3709/2718 3027/3706/2715
f 2476/3705/2714 2503/3707/2716 3026/3704/2713
f 2477/3703/2712 2476/3705/2714 3025/3702/2711
f 2475/3701/2710 2477/3703/2712 3024/3700/2709
f 2458/3699/2708 2475/3701/2710 3023/3698/2707
f 2459/3697/2706 2458/3699/2708 3022/3696/2705
f 2497/3695/2704 2459/3697/2706 3021/3694/2703
f 2502/3693/2702 2497/3695/2704 3020/3692/2701
f 2495/3691/2700 2502/3693/2702 3019/3690/2699
f 2496/3689/2698 2495/3691/2700 3018/3688/2697
f 2501/3687/2696 2496/3689/2698 3017/3686/2695
f 2492/3685/2694 2501/3687/2696 3016/3684/2693
f 2490/3683/2692 2492/3685/2694 3015/3682/2691
f 2487/3681/2690 2490/3683/2692 3014/3680/2689
f 2488/3679/2688 2487/3681/2690 3013/3678/2687
f 2486/3677/2686 2488/3679/2688 3012/3676/2685
f 2455/3675/2684 2486/3677/2686 3011/3674/2683
f 2456/3673/2682 2455/3675/2684 3010/3672/2681
f 2473/3671/2680 2456/3673/2682 3009/3670/2679
f 2472/3669/2678 2473/3671/2680 3008/3668/2677
f 2452/3667/2676 2472/3669/2678 3007/3666/2675
f 2453/3665/2674 2452/3667/2676 3006/3664/2673
f 2451/3663/2672 2453/3665/2674 3005/3662/2671
f 2449/3661/2670 2451/3663/2672 3004/3660/2669
f 2450/3659/2668 2449/3661/2670 3003/3658/2667
f 2448/3657/2666 2450/3659/2668 3002/3656/2665
f 2445/3655/2664 2448/3657/2666 3001/3654/2663
f 2446/3653/2662 2445/3655/2664 3000/3652/2661
f 2499/3651/2660 2446/3653/2662 2999/3650/2659
f 2485/3649/2658 2499/3651/2660 2998/3648/2657
f 2483/3647/2656 2485/3649/2658 2997/3646/2655
f 2484/3645/2654 2483/3647/2656 2996/3644/2653
f 2498/3643/2652 2484/3645/2654 2995/3642/2651
f 2469/3641/2650 2498/3643/2652 2994/3640/2649
f 2470/3639/2648 2469/3641/2650 2993/3638/2647
f 2481/3637/2646 2470/3639/2648 2992/3636/2645
f 2482/3635/2644 2481/3637/2646 2991/3634/2643
f 2442/3633/2642 2482/3635/2644 2990/3632/2641
f 2443/3631/2640 2442/3633/2642 2989/3630/2639
f 2480/3629/2638 2443/3631/2640 2988/3628/2637
f 2479/3627/2636 2480/3629/2638 2987/3626/2635
f 2466/3625/2634 2479/3627/2636 2986/3624/2633
f 2467/3623/2632 2466/3625/2634 2985/3622/2631
f 2463/3621/2630 2467/3623/2632 2984/3620/2629
f 2464/3619/2628 2463/3621/2630 2983/3618/2627
f 2478/3617/2626 2464/3619/2628 2982/3616/2625
f 2461/3615/2624 2478/3617/2626 2980/3613/2623
f 3045/3793/2801 3070/3794/2801 3071/3795/2801
f 3045/3793/2801 3046/3796/2801 3072/3797/2801
f 3072/3797/2801 3070/3794/2801 3045/3793/2801
f 3046/3796/2801 3047/3798/2801 3073/3799/2801
f 3050/3800/2801 3074/3801/2801 3075/3802/2801
f 3051/3803/2801 3076/3804/2801 3074/3801/2801
f 3043/3805/2801 3077/3806/2801 3078/3807/2801
f 3043/3805/2801 3044/3808/2801 3071/3795/2801
f 3073/3799/2801 3072/3797/2801 3046/3796/2801
f 3047/3798/2801 3048/3809/2801 3079/3810/2801
f 3049/3811/2801 3075/3802/2801 3079/3810/2801
f 3074/3801/2801 3050/3800/2801 3051/3803/2801
f 3042/3812/2801 3078/3807/2801 3080/3813/2801
f 3071/3795/2801 3077/3806/2801 3043/3805/2801
f 3079/3810/2801 3073/3799/2801 3047/3798/2801
f 3075/3802/2801 3049/3811/2801 3050/3800/2801
f 3028/3814/2801 3081/3815/2801 3082/3816/2801
f 3028/3814/2801 3029/3817/2801 3083/3818/2801
f 3034/3819/2801 3084/3820/2801 3085/3821/2801
f 3034/3819/2801 3035/3822/2801 3086/3823/2801
f 3078/3807/2801 3042/3812/2801 3043/3805/2801
f 3079/3810/2801 3048/3809/2801 3049/3811/2801
f 3052/3824/2801 3087/3825/2801 3076/3804/2801
f 3052/3824/2801 3053/3826/2801 3088/3827/2801
f 3083/3818/2801 3081/3815/2801 3028/3814/2801
f 3029/3817/2801 3030/3828/2801 3089/3829/2801
f 3031/3830/2801 3090/3831/2801 3089/3829/2801
f 3032/3832/2801 3091/3833/2801 3090/3831/2801
f 3033/3834/2801 3085/3821/2801 3091/3833/2801
f 3086/3823/2801 3084/3820/2801 3034/3819/2801
f 3039/3835/2801 3092/3836/2801 3093/3837/2801
f 3039/3835/2801 3040/3838/2801 3094/3839/2801
f 3071/3795/2801 3044/3808/2801 3045/3793/2801
f 3088/3827/2801 3087/3825/2801 3052/3824/2801
f 3013/3840/2801 3095/3841/2801 3096/3842/2801
f 3013/3840/2801 3014/3843/2801 3097/3844/2801
f 3018/3845/2801 3098/3846/2801 3099/3847/2801
f 3018/3845/2801 3019/3848/2801 3100/3849/2801
f 3020/3850/2801 3101/3851/2801 3100/3849/2801
f 3020/3850/2801 3021/3852/2801 3102/3853/2801
f 3027/3854/2801 3082/3816/2801 3103/3855/2801
f 3089/3829/2801 3083/3818/2801 3029/3817/2801
f 3090/3831/2801 3031/3830/2801 3032/3832/2801
f 3085/3821/2801 3033/3834/2801 3034/3819/2801
f 3038/3856/2801 3093/3837/2801 3104/3857/2801
f 3094/3839/2801 3092/3836/2801 3039/3835/2801
f 3041/3858/2801 3080/3813/2801 3094/3839/2801
f 3076/3804/2801 3051/3803/2801 3052/3824/2801
f 3054/3859/2801 3105/3860/2801 3088/3827/2801
f 3054/3859/2801 3055/3861/2801 3106/3862/2801
f 3056/3863/2801 3107/3864/2801 3106/3862/2801
f 3056/3863/2801 3057/3865/2801 3108/3866/2801
f 3069/3867/2801 3109/3868/2801 3110/3869/2801
f 3069/3867/2801 2981/3870/2801 3111/3871/2801
f 2980/3872/2801 3112/3873/2801 3111/3871/2801
f 2980/3872/2801 2982/3874/2801 3113/3875/2801
f 2988/3876/2801 2989/3877/2801 3114/3878/2801
f 2989/3877/2801 2990/3879/2801 3115/3880/2801
f 3012/3881/2801 3096/3842/2801 3116/3882/2801
f 3097/3844/2801 3095/3841/2801 3013/3840/2801
f 3016/3883/2801 3117/3884/2801 3118/3885/2801
f 3016/3883/2801 3017/3886/2801 3099/3847/2801
f 3100/3849/2801 3098/3846/2801 3018/3845/2801
f 3102/3853/2801 3101/3851/2801 3020/3850/2801
f 3082/3816/2801 3027/3854/2801 3028/3814/2801
f 3091/3833/2801 3032/3832/2801 3033/3834/2801
f 3036/3887/2801 3119/3888/2801 3086/3823/2801
f 3036/3887/2801 3037/3889/2801 3104/3857/2801
f 3093/3837/2801 3038/3856/2801 3039/3835/2801
f 3080/3813/2801 3041/3858/2801 3042/3812/2801
f 3106/3862/2801 3105/3860/2801 3054/3859/2801
f 3108/3866/2801 3107/3864/2801 3056/3863/2801
f 3058/3890/2801 3120/3891/2801 3108/3866/2801
f 3058/3890/2801 3059/3892/2801 3121/3893/2801
f 3061/3894/2801 3122/3895/2801 3123/3896/2801
f 3061/3894/2801 3062/3897/2801 3124/3898/2801
f 3067/3899/2801 3125/3900/2801 3126/3901/2801
f 3067/3899/2801 3068/3902/2801 3110/3869/2801
f 3111/3871/2801 3109/3868/2801 3069/3867/2801
f 3113/3875/2801 3112/3873/2801 2980/3872/2801
f 2988/3876/2801 3127/3903/2801 3128/3904/2801
f 3115/3880/2801 3114/3878/2801 2989/3877/2801
f 3005/3905/2801 3129/3906/2801 3130/3907/2801
f 3005/3905/2801 3006/3908/2801 3131/3909/2801
f 3007/3910/2801 3132/3911/2801 3131/3909/2801
f 3007/3910/2801 3008/3912/2801 3133/3913/2801
f 3096/3842/2801 3012/3881/2801 3013/3840/2801
f 3014/3843/2801 3015/3914/2801 3118/3885/2801
f 3099/3847/2801 3117/3884/2801 3016/3883/2801
f 3100/3849/2801 3019/3848/2801 3020/3850/2801
f 3025/3915/2801 3026/3916/2801 3103/3855/2801
f 3089/3829/2801 3030/3828/2801 3031/3830/2801
f 3104/3857/2801 3119/3888/2801 3036/3887/2801
f 3094/3839/2801 3040/3838/2801 3041/3858/2801
f 3106/3862/2801 3055/3861/2801 3056/3863/2801
f 3121/3893/2801 3120/3891/2801 3058/3890/2801
f 3060/3917/2801 3123/3896/2801 3121/3893/2801
f 3124/3898/2801 3122/3895/2801 3061/3894/2801
f 3110/3869/2801 3125/3900/2801 3067/3899/2801
f 3111/3871/2801 2981/3870/2801 2980/3872/2801
f 2983/3918/2801 3134/3919/2801 3113/3875/2801
f 2983/3918/2801 2984/3920/2801 3135/3921/2801
f 2985/3922/2801 3136/3923/2801 3135/3921/2801
f 2985/3922/2801 2986/3924/2801 3137/3925/2801
f 2987/3926/2801 3128/3904/2801 3137/3925/2801
f 3114/3878/2801 3127/3903/2801 2988/3876/2801
f 2992/3927/2801 3138/3928/2801 3139/3929/2801
f 2992/3927/2801 2993/3930/2801 3140/3931/2801
f 2995/3932/2801 3141/3933/2801 3142/3934/2801
f 2995/3932/2801 2996/3935/2801 3143/3936/2801
f 3000/3937/2801 3144/3938/2801 3145/3939/2801
f 3000/3937/2801 3001/3940/2801 3146/3941/2801
f 3003/3942/2801 3004/3943/2801 3130/3907/2801
f 3131/3909/2801 3129/3906/2801 3005/3905/2801
f 3133/3913/2801 3132/3911/2801 3007/3910/2801
f 3008/3912/2801 3009/3944/2801 3147/3945/2801
f 3009/3944/2801 3010/3946/2801 3148/3947/2801
f 3010/3946/2801 3011/3948/2801 3116/3882/2801
f 3118/3885/2801 3097/3844/2801 3014/3843/2801
f 3099/3847/2801 3017/3886/2801 3018/3845/2801
f 3022/3949/2801 3149/3950/2801 3102/3853/2801
f 3022/3949/2801 3023/3951/2801 3150/3952/2801
f 3103/3855/2801 3026/3916/2801 3027/3854/2801
f 3104/3857/2801 3037/3889/2801 3038/3856/2801
f 3108/3866/2801 3057/3865/2801 3058/3890/2801
f 3123/3896/2801 3060/3917/2801 3061/3894/2801
f 3063/3953/2801 3151/3954/2801 3124/3898/2801
f 3063/3953/2801 3064/3955/2801 3152/3956/2801
f 3064/3955/2801 3065/3957/2801 3153/3958/2801
f 3065/3957/2801 3066/3959/2801 3126/3901/2801
f 3110/3869/2801 3068/3902/2801 3069/3867/2801
f 3135/3921/2801 3134/3919/2801 2983/3918/2801
f 3137/3925/2801 3136/3923/2801 2985/3922/2801
f 3128/3904/2801 2987/3926/2801 2988/3876/2801
f 2991/3960/2801 3139/3929/2801 3115/3880/2801
f 3140/3931/2801 3138/3928/2801 2992/3927/2801
f 2994/3961/2801 3142/3934/2801 3140/3931/2801
f 3143/3936/2801 3141/3933/2801 2995/3932/2801
f 2998/3962/2801 3154/3963/2801 3155/3964/2801
f 2998/3962/2801 2999/3965/2801 3145/3939/2801
f 3146/3941/2801 3144/3938/2801 3000/3937/2801
f 3001/3940/2801 3002/3966/2801 3156/3967/2801
f 3002/3966/2801 3003/3942/2801 3157/3968/2801
f 3130/3907/2801 3004/3943/2801 3005/3905/2801
f 3147/3945/2801 3133/3913/2801 3008/3912/2801
f 3116/3882/2801 3148/3947/2801 3010/3946/2801
f 3118/3885/2801 3015/3914/2801 3016/3883/2801
f 3150/3952/2801 3149/3950/2801 3022/3949/2801
f 3086/3823/2801 3035/3822/2801 3036/3887/2801
f 3121/3893/2801 3059/3892/2801 3060/3917/2801
f 3152/3956/2801 3151/3954/2801 3063/3953/2801
f 3126/3901/2801 3153/3958/2801 3065/3957/2801
f 3113/3875/2801 2982/3874/2801 2983/3918/2801
f 3137/3925/2801 2986/3924/2801 2987/3926/2801
f 3139/3929/2801 2991/3960/2801 2992/3927/2801
f 3142/3934/2801 2994/3961/2801 2995/3932/2801
f 2997/3969/2801 3155/3964/2801 3143/3936/2801
f 3145/3939/2801 3154/3963/2801 2998/3962/2801
f 3156/3967/2801 3146/3941/2801 3001/3940/2801
f 3130/3907/2801 3157/3968/2801 3003/3942/2801
f 3148/3947/2801 3147/3945/2801 3009/3944/2801
f 3102/3853/2801 3021/3852/2801 3022/3949/2801
f 3024/3970/2801 3158/3971/2801 3150/3952/2801
f 3024/3970/2801 3025/3915/2801 3159/3972/2801
f 3088/3827/2801 3053/3826/2801 3054/3859/2801
f 3153/3958/2801 3152/3956/2801 3064/3955/2801
f 3135/3921/2801 2984/3920/2801 2985/3922/2801
f 3140/3931/2801 2993/3930/2801 2994/3961/2801
f 3155/3964/2801 2997/3969/2801 2998/3962/2801
f 3157/3968/2801 3156/3967/2801 3002/3966/2801
f 3116/3882/2801 3011/3948/2801 3012/3881/2801
f 3159/3972/2801 3158/3971/2801 3024/3970/2801
f 3124/3898/2801 3062/3897/2801 3063/3953/2801
f 3115/3880/2801 2990/3879/2801 2991/3960/2801
f 3145/3939/2801 2999/3965/2801 3000/3937/2801
f 3150/3952/2801 3023/3951/2801 3024/3970/2801
f 3126/3901/2801 3066/3959/2801 3067/3899/2801
f 3131/3909/2801 3006/3908/2801 3007/3910/2801
f 3143/3936/2801 2996/3935/2801 2997/3969/2801
f 3103/3855/2801 3159/3972/2801 3025/3915/2801
f 3158/3973/2802 3159/3974/2803 3160/3975/2803
f 3150/3976/2804 3158/3973/2802 3161/3977/2805
f 3149/3978/2806 3150/3976/2804 3162/3979/2807
f 3102/3980/2808 3149/3978/2806 3163/3981/2809
f 3101/3982/2810 3102/3980/2808 3164/3983/2811
f 3100/3984/2812 3101/3982/2810 3165/3985/2813
f 3098/3986/2814 3100/3984/2812 3166/3987/2815
f 3099/3988/2816 3098/3986/2814 3167/3989/2817
f 3117/3990/2818 3099/3988/2816 3168/3991/2819
f 3118/3992/2820 3117/3990/2818 3169/3993/2821
f 3097/3994/2822 3118/3992/2820 3170/3995/2823
f 3095/3996/2824 3097/3994/2822 3171/3997/2825
f 3096/3998/2826 3095/3996/2824 3172/3999/2827
f 3116/4000/2828 3096/3998/2826 3173/4001/2829
f 3148/4002/2830 3116/4000/2828 3174/4003/2831
f 3147/4004/2832 3148/4002/2830 3175/4005/2833
f 3133/4006/2834 3147/4004/2832 3176/4007/2835
f 3132/4008/2836 3133/4006/2834 3177/4009/2837
f 3131/4010/2838 3132/4008/2836 3178/4011/2839
f 3129/4012/2840 3131/4010/2838 3179/4013/2841
f 3130/4014/2842 3129/4012/2840 3180/4015/2843
f 3157/4016/2844 3130/4014/2842 3181/4017/2845
f 3156/4018/2846 3157/4016/2844 3182/4019/2847
f 3146/4020/2848 3156/4018/2846 3183/4021/2849
f 3144/4022/2850 3146/4020/2848 3184/4023/2851
f 3145/4024/2852 3144/4022/2850 3185/4025/2853
f 3154/4026/2854 3145/4024/2852 3186/4027/2855
f 3155/4028/2856 3154/4026/2854 3187/4029/2857
f 3143/4030/2858 3155/4028/2856 3188/4031/2859
f 3141/4032/2860 3143/4030/2858 3189/4033/2861
f 3142/4034/2862 3141/4032/2860 3190/4035/2863
f 3140/4036/2864 3142/4034/2862 3191/4037/2865
f 3138/4038/2866 3140/4036/2864 3192/4039/2867
f 3139/4040/2868 3138/4038/2866 3193/4041/2869
f 3115/4042/2870 3139/4040/2868 3194/4043/2871
f 3114/4044/2872 3115/4042/2870 3195/4045/2873
f 3127/4046/2874 3114/4044/2872 3196/4047/2875
f 3128/4048/2876 3127/4046/2874 3197/4049/2877
f 3137/4050/2878 3128/4048/2876 3198/4051/2879
f 3136/4052/2880 3137/4050/2878 3199/4053/2881
f 3135/4054/2882 3136/4052/2880 3200/4055/2883
f 3134/4056/2884 3135/4054/2882 3201/4057/2885
f 3113/4058/2886 3134/4056/2884 3202/4059/2887
f 3112/4060/2888 3113/4058/2886 3203/4061/2889
f 3111/4062/2890 3112/4060/2888 3204/4063/2891
f 3109/4064/2892 3111/4062/2890 3205/4065/2893
f 3110/4066/2894 3109/4064/2892 3206/4067/2895
f 3125/4068/2896 3110/4066/2894 3207/4069/2897
f 3126/4070/2898 3125/4068/2896 3208/4071/2899
f 3153/4072/2900 3126/4070/2898 3209/4073/2901
f 3152/4074/2902 3153/4072/2900 3210/4075/2903
f 3151/4076/2904 3152/4074/2902 3211/4077/2905
f 3124/4078/2906 3151/4076/2904 3212/4079/2907
f 3122/4080/2908 3124/4078/2906 3213/4081/2909
f 3123/4082/2910 3122/4080/2908 3214/4083/2911
f 3121/4084/2912 3123/4082/2910 3215/4085/2913
f 3120/4086/2914 3121/4084/2912 3216/4087/2915
f 3108/4088/2916 3120/4086/2914 3217/4089/2917
f 3107/4090/2918 3108/4088/2916 3218/4091/2919
f 3106/4092/2920 3107/4090/2918 3219/4093/2921
f 3105/4094/2922 3106/4092/2920 3220/4095/2923
f 3088/4096/2924 3105/4094/2922 3221/4097/2925
f 3087/4098/2926 3088/4096/2924 3222/4099/2927
f 3076/4100/2928 3087/4098/2926 3223/4101/2929
f 3074/4102/2930 3076/4100/2928 3224/4103/2931
f 3075/4104/2932 3074/4102/2930 3225/4105/2933
f 3079/4106/2934 3075/4104/2932 3226/4107/2935
f 3073/4108/2936 3079/4106/2934 3227/4109/2937
f 3072/4110/2938 3073/4108/2936 3228/4111/2939
f 3070/4112/2940 3072/4110/2938 3229/4113/2941
f 3071/4114/2942 3070/4112/2940 3230/4115/2943
f 3077/4116/2944 3071/4114/2942 3231/4117/2945
f 3078/4118/2946 3077/4116/2944 3232/4119/2947
f 3080/4120/2948 3078/4118/2946 3233/4121/2949
f 3094/4122/2950 3080/4120/2948 3234/4123/2951
f 3092/4124/2952 3094/4122/2950 3235/4125/2953
f 3093/4126/2954 3092/4124/2952 3236/4127/2955
f 3104/4128/2956 3093/4126/2954 3237/4129/2957
f 3119/4130/2958 3104/4128/2956 3238/4131/2959
f 3086/4132/2960 3119/4130/2958 3239/4133/2961
f 3084/4134/2962 3086/4132/2960 3240/4135/2963
f 3085/4136/2964 3084/4134/2962 3241/4137/2965
f 3091/4138/2966 3085/4136/2964 3242/4139/2967
f 3090/4140/2968 3091/4138/2966 3243/4141/2969
f 3089/4142/2970 3090/4140/2968 3244/4143/2971
f 3083/4144/2972 3089/4142/2970 3245/4145/2973
f 3081/4146/2974 3083/4144/2972 3246/4147/2975
f 3082/4148/2976 3081/4146/2974 3247/4149/2977
f 3103/4150/2978 3082/4148/2976 3248/4151/2979
f 3159/3974/2803 3103/4150/2978 3249/4152/2978
f 3249/4152/2978 3160/3975/2803 3159/3974/2803
f 3248/4151/2979 3249/4152/2978 3103/4150/2978
f 3247/4149/2977 3248/4151/2979 3082/4148/2976
f 3246/4147/2975 3247/4149/2977 3081/4146/2974
f 3245/4145/2973 3246/4147/2975 3083/4144/2972
f 3244/4143/2971 3245/4145/2973 3089/4142/2970
f 3243/4141/2969 3244/4143/2971 3090/4140/2968
f 3242/4139/2967 3243/4141/2969 3091/4138/2966
f 3241/4137/2965 3242/4139/2967 3085/4136/2964
f 3240/4135/2963 3241/4137/2965 3084/4134/2962
f 3239/4133/2961 3240/4135/2963 3086/4132/2960
f 3238/4131/2959 3239/4133/2961 3119/4130/2958
f 3237/4129/2957 3238/4131/2959 3104/4128/2956
f 3236/4127/2955 3237/4129/2957 3093/4126/2954
f 3235/4125/2953 3236/4127/2955 3092/4124/2952
f 3234/4123/2951 3235/4125/2953 3094/4122/2950
f 3233/4121/2949 3234/4123/2951 3080/4120/2948
f 3232/4119/2947 3233/4121/2949 3078/4118/2946
f 3231/4117/2945 3232/4119/2947 3077/4116/2944
f 3230/4115/2943 3231/4117/2945 3071/4114/2942
f 3229/4113/2941 3230/4115/2943 3070/4112/2940
f 3228/4111/2939 3229/4113/2941 3072/4110/2938
f 3227/4109/2937 3228/4111/2939 3073/4108/2936
f 3226/4107/2935 3227/4109/2937 3079/4106/2934
f 3225/4105/2933 3226/4107/2935 3075/4104/2932
f 3224/4103/2931 3225/4105/2933 3074/4102/2930
f 3223/4101/2929 3224/4103/2931 3076/4100/2928
f 3222/4099/2927 3223/4101/2929 3087/4098/2926
f 3221/4097/2925 3222/4099/2927 3088/4096/2924
f 3220/4095/2923 3221/4097/2925 3105/4094/2922
f 3219/4093/2921 3220/4095/2923 3106/4092/2920
f 3218/4091/2919 3219/4093/2921 3107/4090/2918
f 3217/4089/2917 3218/4091/2919 3108/4088/2916
f 3216/4087/2915 3217/4089/2917 3120/4086/2914
f 3215/4085/2913 3216/4087/2915 3121/4084/2912
f 3214/4083/2911 3215/4085/2913 3123/4082/2910
f 3213/4081/2909 3214/4083/2911 3122/4080/2908
f 3212/4079/2907 3213/4081/2909 3124/4078/2906
f 3211/4077/2905 3212/4079/2907 3151/4076/2904
f 3210/4075/2903 3211/4077/2905 3152/4074/2902
f 3209/4073/2901 3210/4075/2903 3153/4072/2900
f 3208/4071/2899 3209/4073/2901 3126/4070/2898
f 3207/4069/2897 3208/4071/2899 3125/4068/2896
f 3206/4067/2895 3207/4069/2897 3110/4066/2894
f 3205/4065/2893 3206/4067/2895 3109/4064/2892
f 3204/4063/2891 3205/4065/2893 3111/4062/2890
f 3203/4061/2889 3204/4063/2891 3112/4060/2888
f 3202/4059/2887 3203/4061/2889 3113/4058/2886
f 3201/4057/2885 3202/4059/2887 3134/4056/2884
f 3200/4055/2883 3201/4057/2885 3135/4054/2882
f 3199/4053/2881 3200/4055/2883 3136/4052/2880
f 3198/4051/2879 3199/4053/2881 3137/4050/2878
f 3197/4049/2877 3198/4051/2879 3128/4048/2876
f 3196/4047/2875 3197/4049/2877 3127/4046/2874
f 3195/4045/2873 3196/4047/2875 3114/4044/2872
f 3194/4043/2871 3195/4045/2873 3115/4042/2870
f 3193/4041/2869 3194/4043/2871 3139/4040/2868
f 3192/4039/2867 3193/4041/2869 3138/4038/2866
f 3191/4037/2865 3192/4039/2867 3140/4036/2864
f 3190/4035/2863 3191/4037/2865 3142/4034/2862
f 3189/4033/2861 3190/4035/2863 3141/4032/2860
f 3188/4031/2859 3189/4033/2861 3143/4030/2858
f 3187/4029/2857 3188/4031/2859 3155/4028/2856
f 3186/4027/2855 3187/4029/2857 3154/4026/2854
f 3185/4025/2853 3186/4027/2855 3145/4024/2852
f 3184/4023/2851 3185/4025/2853 3144/4022/2850
f 3183/4021/2849 3184/4023/2851 3146/4020/2848
f 3182/4019/2847 3183/4021/2849 3156/4018/2846
f 3181/4017/2845 3182/4019/2847 3157/4016/2844
f 3180/4015/2843 3181/4017/2845 3130/4014/2842
f 3179/4013/2841 3180/4015/2843 3129/4012/2840
f 3178/4011/2839 3179/4013/2841 3131/4010/2838
f 3177/4009/2837 3178/4011/2839 3132/4008/2836
f 3176/4007/2835 3177/4009/2837 3133/4006/2834
f 3175/4005/2833 3176/4007/2835 3147/4004/2832
f 3174/4003/2831 3175/4005/2833 3148/4002/2830
f 3173/4001/2829 3174/4003/2831 3116/4000/2828
f 3172/3999/2827 3173/4001/2829 3096/3998/2826
f 3171/3997/2825 3172/3999/2827 3095/3996/2824
f 3170/3995/2823 3171/3997/2825 3097/3994/2822
f 3169/3993/2821 3170/3995/2823 3118/3992/2820
f 3168/3991/2819 3169/3993/2821 3117/3990/2818
f 3167/3989/2817 3168/3991/2819 3099/3988/2816
f 3166/3987/2815 3167/3989/2817 3098/3986/2814
f 3165/3985/2813 3166/3987/2815 3100/3984/2812
f 3164/3983/2811 3165/3985/2813 3101/3982/2810
f 3163/3981/2809 3164/3983/2811 3102/3980/2808
f 3162/3979/2807 3163/3981/2809 3149/3978/2806
f 3161/3977/2805 3162/3979/2807 3150/3976/2804
f 3160/3975/2803 3161/3977/2805 3158/3973/2802
f 3250/4153/2980 3251/4154/2981 2374/4155/2981
f 3252/4156/2982 3250/4153/2980 2375/4157/2983
f 3253/4158/2984 3252/4156/2982 2326/4159/2985
f 3254/4160/2986 3253/4158/2984 2325/4161/2987
f 3255/4162/2988 3254/4160/2986 2354/4163/2989
f 3256/4164/2990 3255/4162/2988 2353/4165/2991
f 3257/4166/2992 3256/4164/2990 2355/4167/2993
f 3258/4168/2994 3257/4166/2992 2329/4169/2995
f 3259/4170/2996 3258/4168/2994 2328/4171/2997
f 3260/4172/2998 3259/4170/2996 2332/4173/2999
f 3261/4174/3000 3260/4172/2998 2331/4175/3001
f 3262/4176/3002 3261/4174/3000 2334/4177/3003
f 3263/4178/3004 3262/4176/3002 2336/4179/3005
f 3264/4180/3006 3263/4178/3004 2338/4181/3007
f 3265/4182/3008 3264/4180/3006 2376/4183/3009
f 3266/4184/3010 3265/4182/3008 2358/4185/3011
f 3267/4186/3012 3266/4184/3010 2357/4187/3013
f 3268/4188/3014 3267/4186/3012 2305/4189/3015
f 3269/4190/3016 3268/4188/3014 2304/4191/3017
f 3270/4192/3018 3269/4190/3016 2291/4193/3019
f 3271/4194/3020 3270/4192/3018 2293/4195/3021
f 3272/4196/3022 3271/4194/3020 2292/4197/3023
f 3273/4198/3024 3272/4196/3022 2307/4199/3025
f 3274/4200/3026 3273/4198/3024 2306/4201/3027
f 3275/4202/3028 3274/4200/3026 2281/4203/3029
f 3276/4204/3030 3275/4202/3028 2279/4205/3031
f 3277/4206/3032 3276/4204/3030 2278/4207/3033
f 3278/4208/3034 3277/4206/3032 2280/4209/3035
f 3279/4210/3036 3278/4208/3034 2282/4211/3037
f 3280/4212/3038 3279/4210/3036 2284/4213/3039
f 3281/4214/3040 3280/4212/3038 2294/4215/3041
f 3282/4216/3042 3281/4214/3040 2295/4217/3043
f 3283/4218/3044 3282/4216/3042 2285/4219/3045
f 3284/4220/3046 3283/4218/3044 2283/4221/3047
f 3285/4222/3048 3284/4220/3046 2297/4223/3049
f 3286/4224/3050 3285/4222/3048 2296/4225/3051
f 3287/4226/3052 3286/4224/3050 2298/4227/3053
f 3288/4228/3054 3287/4226/3052 2308/4229/3055
f 3289/4230/3056 3288/4228/3054 2309/4231/3057
f 3290/4232/3058 3289/4230/3056 2287/4233/3059
f 3291/4234/3060 3290/4232/3058 2286/4235/3061
f 3292/4236/3062 3291/4234/3060 2289/4237/3063
f 3293/4238/3064 3292/4236/3062 2288/4239/3065
f 3294/4240/3066 3293/4238/3064 2300/4241/3067
f 3295/4242/3068 3294/4240/3066 2301/4243/3069
f 3296/4244/3070 3295/4242/3068 2299/4245/3071
f 3297/4246/3072 3296/4244/3070 2390/4247/3073
f 3298/4248/3074 3297/4246/3072 2389/4249/3075
f 3299/4250/3076 3298/4248/3074 2387/4251/3077
f 3300/4252/3078 3299/4250/3076 2383/4253/3079
f 3301/4254/3080 3300/4252/3078 2310/4255/3081
f 3302/4256/3082 3301/4254/3080 2303/4257/3083
f 3303/4258/3084 3302/4256/3082 2302/4259/3085
f 3304/4260/3086 3303/4258/3084 2340/4261/3087
f 3305/4262/3088 3304/4260/3086 2341/4263/3089
f 3306/4264/3090 3305/4262/3088 2343/4265/3091
f 3307/4266/3092 3306/4264/3090 2359/4267/3093
f 3308/4268/3094 3307/4266/3092 2361/4269/3095
f 3309/4270/3096 3308/4268/3094 2377/4271/3097
f 3310/4272/3098 3309/4270/3096 2363/4273/3099
f 3311/4274/3100 3310/4272/3098 2378/4275/3101
f 3312/4276/3102 3311/4274/3100 2384/4277/3103
f 3313/4278/3104 3312/4276/3102 2385/4279/3105
f 3314/4280/3106 3313/4278/3104 2388/4281/3107
f 3315/4282/3108 3314/4280/3106 2311/4283/3109
f 3316/4284/3110 3315/4282/3108 2345/4285/3111
f 3317/4286/3112 3316/4284/3110 2314/4287/3113
f 3318/4288/3114 3317/4286/3112 2347/4289/3115
f 3319/4290/3116 3318/4288/3114 2346/4291/3117
f 3320/4292/3118 3319/4290/3116 2365/4293/3119
f 3321/4294/3120 3320/4292/3118 2367/4295/3121
f 3322/4296/3122 3321/4294/3120 2369/4297/3123
f 3323/4298/3124 3322/4296/3122 2368/4299/3125
f 3324/4300/3126 3323/4298/3124 2381/4301/3127
f 3325/4302/3128 3324/4300/3126 2380/4303/3129
f 3326/4304/3130 3325/4302/3128 2318/4305/3131
f 3327/4306/3132 3326/4304/3130 2317/4307/3133
f 3328/4308/3134 3327/4306/3132 2348/4309/3135
f 3329/4310/3136 3328/4308/3134 2320/4311/3137
f 3330/4312/3138 3329/4310/3136 2322/4313/3139
f 3331/4314/3140 3330/4312/3138 2321/4315/3141
f 3332/4316/3142 3331/4314/3140 2382/4317/3143
f 3333/4318/3144 3332/4316/3142 2324/4319/3145
f 3334/4320/3146 3333/4318/3144 2349/4321/3147
f 3335/4322/3148 3334/4320/3146 2370/4323/3149
f 3336/4324/3150 3335/4322/3148 2371/4325/3151
f 3337/4326/3152 3336/4324/3150 2351/4327/3153
f 3338/4328/3154 3337/4326/3152 2386/4329/3155
f 3339/4330/3156 3338/4328/3154 2373/4331/3157
f 3251/4154/2981 3339/4330/3156 2372/4332/3156
f 2372/4332/3156 2374/4155/2981 3251/4154/2981
f 2373/4331/3157 2372/4332/3156 3339/4330/3156
f 2386/4329/3155 2373/4331/3157 3338/4328/3154
f 2351/4327/3153 2386/4329/3155 3337/4326/3152
f 2371/4325/3151 2351/4327/3153 3336/4324/3150
f 2370/4323/3149 2371/4325/3151 3335/4322/3148
f 2349/4321/3147 2370/4323/3149 3334/4320/3146
f 2324/4319/3145 2349/4321/3147 3333/4318/3144
f 2382/4317/3143 2324/4319/3145 3332/4316/3142
f 2321/4315/3141 2382/4317/3143 3331/4314/3140
f 2322/4313/3139 2321/4315/3141 3330/4312/3138
f 2320/4311/3137 2322/4313/3139 3329/4310/3136
f 2348/4309/3135 2320/4311/3137 3328/4308/3134
f 2317/4307/3133 2348/4309/3135 3327/4306/3132
f 2318/4305/3131 2317/4307/3133 3326/4304/3130
f 2380/4303/3129 2318/4305/3131 3325/4302/3128
f 2381/4301/3127 2380/4303/3129 3324/4300/3126
f 2368/4299/3125 2381/4301/3127 3323/4298/3124
f 2369/4297/3123 2368/4299/3125 3322/4296/3122
f 2367/4295/3121 2369/4297/3123 3321/4294/3120
f 2365/4293/3119 2367/4295/3121 3320/4292/3118
f 2346/4291/3117 2365/4293/3119 3319/4290/3116
f 2347/4289/3115 2346/4291/3117 3318/4288/3114
f 2314/4287/3113 2347/4289/3115 3317/4286/3112
f 2345/4285/3111 2314/4287/3113 3316/4284/3110
f 2311/4283/3109 2345/4285/3111 3315/4282/3108
f 2388/4281/3107 2311/4283/3109 3314/4280/3106
f 2385/4279/3105 2388/4281/3107 3313/4278/3104
f 2384/4277/3103 2385/4279/3105 3312/4276/3102
f 2378/4275/3101 2384/4277/3103 3311/4274/3100
f 2363/4273/3099 2378/4275/3101 3310/4272/3098
f 2377/4271/3097 2363/4273/3099 3309/4270/3096
f 2361/4269/3095 2377/4271/3097 3308/4268/3094
f 2359/4267/3093 2361/4269/3095 3307/4266/3092
f 2343/4265/3091 2359/4267/3093 3306/4264/3090
f 2341/4263/3089 2343/4265/3091 3305/4262/3088
f 2340/4261/3087 2341/4263/3089 3304/4260/3086
f 2302/4259/3085 2340/4261/3087 3303/4258/3084
f 2303/4257/3083 2302/4259/3085 3302/4256/3082
f 2310/4255/3081 2303/4257/3083 3301/4254/3080
f 2383/4253/3079 2310/4255/3081 3300/4252/3078
f 2387/4251/3077 2383/4253/3079 3299/4250/3076
f 2389/4249/3075 2387/4251/3077 3298/4248/3074
f 2390/4247/3073 2389/4249/3075 3297/4246/3072
f 2299/4245/3071 2390/4247/3073 3296/4244/3070
f 2301/4243/3069 2299/4245/3071 3295/4242/3068
f 2300/4241/3067 2301/4243/3069 3294/4240/3066
f 2288/4239/3065 2300/4241/3067 3293/4238/3064
f 2289/4237/3063 2288/4239/3065 3292/4236/3062
f 2286/4235/3061 2289/4237/3063 3291/4234/3060
f 2287/4233/3059 2286/4235/3061 3290/4232/3058
f 2309/4231/3057 2287/4233/3059 3289/4230/3056
f 2308/4229/3055 2309/4231/3057 3288/4228/3054
f 2298/4227/3053 2308/4229/3055 3287/4226/3052
f 2296/4225/3051 2298/4227/3053 3286/4224/3050
f 2297/4223/3049 2296/4225/3051 3285/4222/3048
f 2283/4221/3047 2297/4223/3049 3284/4220/3046
f 2285/4219/3045 2283/4221/3047 3283/4218/3044
f 2295/4217/3043 2285/4219/3045 3282/4216/3042
f 2294/4215/3041 2295/4217/3043 3281/4214/3040
f 2284/4213/3039 2294/4215/3041 3280/4212/3038
f 2282/4211/3037 2284/4213/3039 3279/4210/3036
f 2280/4209/3035 2282/4211/3037 3278/4208/3034
f 2278/4207/3033 2280/4209/3035 3277/4206/3032
f 2279/4205/3031 2278/4207/3033 3276/4204/3030
f 2281/4203/3029 2279/4205/3031 3275/4202/3028
f 2306/4201/3027 2281/4203/3029 3274/4200/3026
f 2307/4199/3025 2306/4201/3027 3273/4198/3024
f 2292/4197/3023 2307/4199/3025 3272/4196/3022
f 2293/4195/3021 2292/4197/3023 3271/4194/3020
f 2291/4193/3019 2293/4195/3021 3270/4192/3018
f 2304/4191/3017 2291/4193/3019 3269/4190/3016
f 2305/4189/3015 2304/4191/3017 3268/4188/3014
f 2357/4187/3013 2305/4189/3015 3267/4186/3012
f 2358/4185/3011 2357/4187/3013 3266/4184/3010
f 2376/4183/3009 2358/4185/3011 3265/4182/3008
f 2338/4181/3007 2376/4183/3009 3264/4180/3006
f 2336/4179/3005 2338/4181/3007 3263/4178/3004
f 2334/4177/3003 2336/4179/3005 3262/4176/3002
f 2331/4175/3001 2334/4177/3003 3261/4174/3000
f 2332/4173/2999 2331/4175/3001 3260/4172/2998
f 2328/4171/2997 2332/4173/2999 3259/4170/2996
f 2329/4169/2995 2328/4171/2997 3258/4168/2994
f 2355/4167/2993 2329/4169/2995 3257/4166/2992
f 2353/4165/2991 2355/4167/2993 3256/4164/2990
f 2354/4163/2989 2353/4165/2991 3255/4162/2988
f 2325/4161/2987 2354/4163/2989 3254/4160/2986
f 2326/4159/2985 2325/4161/2987 3253/4158/2984
f 2375/4157/2983 2326/4159/2985 3252/4156/2982
f 2374/4155/2981 2375/4157/2983 3250/4153/2980
f 3275/4333/3158 3340/4334/3158 3341/4335/3158
f 3275/4333/3158 3276/4336/3158 3342/4337/3158
f 3288/4338/3158 3343/4339/3158 3344/4340/3158
f 3288/4338/3158 3289/4341/3158 3345/4342/3158
f 3290/4343/3158 3346/4344/3158 3345/4342/3158
f 3290/4343/3158 3291/4345/3158 3347/4346/3158
f 3298/4347/3158 3348/4348/3158 3349/4349/3158
f 3298/4347/3158 3299/4350/3158 3350/4351/3158
f 3304/4352/3158 3351/4353/3158 3352/4354/3158
f 3304/4352/3158 3305/4355/3158 3353/4356/3158
f 3268/4357/3158 3354/4358/3158 3355/4359/3158
f 3268/4357/3158 3269/4360/3158 3356/4361/3158
f 3269/4360/3158 3270/4362/3158 3357/4363/3158
f 3270/4362/3158 3271/4364/3158 3358/4365/3158
f 3273/4366/3158 3274/4367/3158 3341/4335/3158
f 3342/4337/3158 3340/4334/3158 3275/4333/3158
f 3278/4368/3158 3359/4369/3158 3360/4370/3158
f 3278/4368/3158 3279/4371/3158 3361/4372/3158
f 3279/4371/3158 3280/4373/3158 3362/4374/3158
f 3281/4375/3158 3363/4376/3158 3362/4374/3158
f 3286/4377/3158 3364/4378/3158 3365/4379/3158
f 3286/4377/3158 3287/4380/3158 3344/4340/3158
f 3345/4342/3158 3343/4339/3158 3288/4338/3158
f 3347/4346/3158 3346/4344/3158 3290/4343/3158
f 3350/4351/3158 3348/4348/3158 3298/4347/3158
f 3299/4350/3158 3300/4381/3158 3366/4382/3158
f 3301/4383/3158 3367/4384/3158 3366/4382/3158
f 3302/4385/3158 3368/4386/3158 3367/4384/3158
f 3303/4387/3158 3352/4354/3158 3368/4386/3158
f 3353/4356/3158 3351/4353/3158 3304/4352/3158
f 3267/4388/3158 3355/4359/3158 3369/4389/3158
f 3356/4361/3158 3354/4358/3158 3268/4357/3158
f 3358/4365/3158 3357/4363/3158 3270/4362/3158
f 3271/4364/3158 3272/4390/3158 3370/4391/3158
f 3272/4390/3158 3273/4366/3158 3371/4392/3158
f 3341/4335/3158 3274/4367/3158 3275/4333/3158
f 3361/4372/3158 3359/4369/3158 3278/4368/3158
f 3362/4374/3158 3280/4373/3158 3281/4375/3158
f 3284/4393/3158 3372/4394/3158 3373/4395/3158
f 3284/4393/3158 3285/4396/3158 3365/4379/3158
f 3344/4340/3158 3364/4378/3158 3286/4377/3158
f 3345/4342/3158 3289/4341/3158 3290/4343/3158
f 3297/4397/3158 3349/4349/3158 3374/4398/3158
f 3366/4382/3158 3350/4351/3158 3299/4350/3158
f 3367/4384/3158 3301/4383/3158 3302/4385/3158
f 3352/4354/3158 3303/4387/3158 3304/4352/3158
f 3266/4399/3158 3369/4389/3158 3375/4400/3158
f 3355/4359/3158 3267/4388/3158 3268/4357/3158
f 3370/4391/3158 3358/4365/3158 3271/4364/3158
f 3341/4335/3158 3371/4392/3158 3273/4366/3158
f 3277/4401/3158 3360/4370/3158 3342/4337/3158
f 3362/4374/3158 3361/4372/3158 3279/4371/3158
f 3282/4402/3158 3376/4403/3158 3363/4376/3158
f 3282/4402/3158 3283/4404/3158 3373/4395/3158
f 3365/4379/3158 3372/4394/3158 3284/4393/3158
f 3344/4340/3158 3287/4380/3158 3288/4338/3158
f 3292/4405/3158 3377/4406/3158 3347/4346/3158
f 3292/4405/3158 3293/4407/3158 3378/4408/3158
f 3349/4349/3158 3297/4397/3158 3298/4347/3158
f 3368/4386/3158 3302/4385/3158 3303/4387/3158
f 3307/4409/3158 3379/4410/3158 3380/4411/3158
f 3307/4409/3158 3308/4412/3158 3381/4413/3158
f 3309/4414/3158 3382/4415/3158 3381/4413/3158
f 3310/4416/3158 3383/4417/3158 3382/4415/3158
f 3313/4418/3158 3384/4419/3158 3385/4420/3158
f 3313/4418/3158 3314/4421/3158 3386/4422/3158
f 3315/4423/3158 3387/4424/3158 3386/4422/3158
f 3315/4423/3158 3316/4425/3158 3388/4426/3158
f 3326/4427/3158 3389/4428/3158 3390/4429/3158
f 3326/4427/3158 3327/4430/3158 3391/4431/3158
f 3327/4430/3158 3328/4432/3158 3392/4433/3158
f 3328/4432/3158 3329/4434/3158 3393/4435/3158
f 3264/4436/3158 3394/4437/3158 3395/4438/3158
f 3264/4436/3158 3265/4439/3158 3375/4400/3158
f 3369/4389/3158 3266/4399/3158 3267/4388/3158
f 3371/4392/3158 3370/4391/3158 3272/4390/3158
f 3360/4370/3158 3277/4401/3158 3278/4368/3158
f 3373/4395/3158 3376/4403/3158 3282/4402/3158
f 3365/4379/3158 3285/4396/3158 3286/4377/3158
f 3378/4408/3158 3377/4406/3158 3292/4405/3158
f 3295/4440/3158 3296/4441/3158 3374/4398/3158
f 3366/4382/3158 3300/4381/3158 3301/4383/3158
f 3306/4442/3158 3380/4411/3158 3353/4356/3158
f 3381/4413/3158 3379/4410/3158 3307/4409/3158
f 3382/4415/3158 3309/4414/3158 3310/4416/3158
f 3310/4416/3158 3311/4443/3158 3396/4444/3158
f 3312/4445/3158 3385/4420/3158 3396/4444/3158
f 3386/4422/3158 3384/4419/3158 3313/4418/3158
f 3388/4426/3158 3387/4424/3158 3315/4423/3158
f 3316/4425/3158 3317/4446/3158 3397/4447/3158
f 3320/4448/3158 3398/4449/3158 3399/4450/3158
f 3320/4448/3158 3321/4451/3158 3400/4452/3158
f 3325/4453/3158 3390/4429/3158 3401/4454/3158
f 3391/4431/3158 3389/4428/3158 3326/4427/3158
f 3393/4435/3158 3392/4433/3158 3328/4432/3158
f 3329/4434/3158 3330/4455/3158 3402/4456/3158
f 3258/4457/3158 3259/4458/3158 3403/4459/3158
f 3259/4458/3158 3260/4460/3158 3404/4461/3158
f 3375/4400/3158 3394/4437/3158 3264/4436/3158
f 3357/4363/3158 3356/4361/3158 3269/4360/3158
f 3363/4376/3158 3281/4375/3158 3282/4402/3158
f 3347/4346/3158 3291/4345/3158 3292/4405/3158
f 3374/4398/3158 3296/4441/3158 3297/4397/3158
f 3380/4411/3158 3306/4442/3158 3307/4409/3158
f 3396/4444/3158 3383/4417/3158 3310/4416/3158
f 3385/4420/3158 3312/4445/3158 3313/4418/3158
f 3397/4447/3158 3388/4426/3158 3316/4425/3158
f 3317/4446/3158 3318/4462/3158 3405/4463/3158
f 3319/4464/3158 3399/4450/3158 3405/4463/3158
f 3400/4452/3158 3398/4449/3158 3320/4448/3158
f 3322/4465/3158 3406/4466/3158 3400/4452/3158
f 3322/4465/3158 3323/4467/3158 3407/4468/3158
f 3390/4429/3158 3325/4453/3158 3326/4427/3158
f 3402/4456/3158 3393/4435/3158 3329/4434/3158
f 3331/4469/3158 3408/4470/3158 3402/4456/3158
f 3331/4469/3158 3332/4471/3158 3409/4472/3158
f 3339/4473/3158 3410/4474/3158 3411/4475/3158
f 3339/4473/3158 3251/4476/3158 3412/4477/3158
f 3250/4478/3158 3413/4479/3158 3412/4477/3158
f 3250/4478/3158 3252/4480/3158 3414/4481/3158
f 3258/4457/3158 3415/4482/3158 3416/4483/3158
f 3404/4461/3158 3403/4459/3158 3259/4458/3158
f 3262/4484/3158 3417/4485/3158 3418/4486/3158
f 3262/4484/3158 3263/4487/3158 3395/4438/3158
f 3375/4400/3158 3265/4439/3158 3266/4399/3158
f 3373/4395/3158 3283/4404/3158 3284/4393/3158
f 3294/4488/3158 3419/4489/3158 3378/4408/3158
f 3294/4488/3158 3295/4440/3158 3420/4490/3158
f 3353/4356/3158 3305/4355/3158 3306/4442/3158
f 3396/4444/3158 3311/4443/3158 3312/4445/3158
f 3405/4463/3158 3397/4447/3158 3317/4446/3158
f 3399/4450/3158 3319/4464/3158 3320/4448/3158
f 3407/4468/3158 3406/4466/3158 3322/4465/3158
f 3323/4467/3158 3324/4491/3158 3401/4454/3158
f 3392/4433/3158 3391/4431/3158 3327/4430/3158
f 3409/4472/3158 3408/4470/3158 3331/4469/3158
f 3337/4492/3158 3421/4493/3158 3422/4494/3158
f 3337/4492/3158 3338/4495/3158 3411/4475/3158
f 3412/4477/3158 3410/4474/3158 3339/4473/3158
f 3414/4481/3158 3413/4479/3158 3250/4478/3158
f 3255/4496/3158 3423/4497/3158 3424/4498/3158
f 3255/4496/3158 3256/4499/3158 3425/4500/3158
f 3257/4501/3158 3416/4483/3158 3425/4500/3158
f 3403/4459/3158 3415/4482/3158 3258/4457/3158
f 3261/4502/3158 3418/4486/3158 3404/4461/3158
f 3395/4438/3158 3417/4485/3158 3262/4484/3158
f 3342/4337/3158 3276/4336/3158 3277/4401/3158
f 3420/4490/3158 3419/4489/3158 3294/4488/3158
f 3381/4413/3158 3308/4412/3158 3309/4414/3158
f 3405/4463/3158 3318/4462/3158 3319/4464/3158
f 3401/4454/3158 3407/4468/3158 3323/4467/3158
f 3402/4456/3158 3330/4455/3158 3331/4469/3158
f 3333/4503/3158 3426/4504/3158 3409/4472/3158
f 3333/4503/3158 3334/4505/3158 3427/4506/3158
f 3334/4505/3158 3335/4507/3158 3428/4508/3158
f 3335/4507/3158 3336/4509/3158 3422/4494/3158
f 3411/4475/3158 3421/4493/3158 3337/4492/3158
f 3412/4477/3158 3251/4476/3158 3250/4478/3158
f 3253/4510/3158 3429/4511/3158 3414/4481/3158
f 3253/4510/3158 3254/4512/3158 3424/4498/3158
f 3425/4500/3158 3423/4497/3158 3255/4496/3158
f 3416/4483/3158 3257/4501/3158 3258/4457/3158
f 3418/4486/3158 3261/4502/3158 3262/4484/3158
f 3378/4408/3158 3293/4407/3158 3294/4488/3158
f 3386/4422/3158 3314/4421/3158 3315/4423/3158
f 3401/4454/3158 3324/4491/3158 3325/4453/3158
f 3427/4506/3158 3426/4504/3158 3333/4503/3158
f 3422/4494/3158 3428/4508/3158 3335/4507/3158
f 3411/4475/3158 3338/4495/3158 3339/4473/3158
f 3424/4498/3158 3429/4511/3158 3253/4510/3158
f 3425/4500/3158 3256/4499/3158 3257/4501/3158
f 3395/4438/3158 3263/4487/3158 3264/4436/3158
f 3400/4452/3158 3321/4451/3158 3322/4465/3158
f 3428/4508/3158 3427/4506/3158 3334/4505/3158
f 3414/4481/3158 3252/4480/3158 3253/4510/3158
f 3404/4461/3158 3260/4460/3158 3261/4502/3158
f 3409/4472/3158 3332/4471/3158 3333/4503/3158
f 3424/4498/3158 3254/4512/3158 3255/4496/3158
f 3422/4494/3158 3336/4509/3158 3337/4492/3158
f 3374/4398/3158 3420/4490/3158 3295/4440/3158
f 3419/4513/3159 3420/4514/3160 3430/4515/3160
f 3378/4516/3161 3419/4513/3159 3431/4517/3162
f 3377/4518/3163 3378/4516/3161 3432/4519/3164
f 3347/4520/3165 3377/4518/3163 3433/4521/3166
f 3346/4522/3167 3347/4520/3165 3434/4523/3168
f 3345/4524/3169 3346/4522/3167 3435/4525/3170
f 3343/4526/3171 3345/4524/3169 3436/4527/3172
f 3344/4528/3173 3343/4526/3171 3437/4529/3174
f 3364/4530/3175 3344/4528/3173 3438/4531/3176
f 3365/4532/3177 3364/4530/3175 3439/4533/3178
f 3372/4534/3179 3365/4532/3177 3440/4535/3180
f 3373/4536/3181 3372/4534/3179 3441/4537/3182
f 3376/4538/3183 3373/4536/3181 3442/4539/3184
f 3363/4540/3185 3376/4538/3183 3443/4541/3186
f 3362/4542/3187 3363/4540/3185 3444/4543/3188
f 3361/4544/3189 3362/4542/3187 3445/4545/3190
f 3359/4546/3191 3361/4544/3189 3446/4547/3192
f 3360/4548/3193 3359/4546/3191 3447/4549/3194
f 3342/4550/3195 3360/4548/3193 3448/4551/3196
f 3340/4552/3197 3342/4550/3195 3449/4553/3198
f 3341/4554/3199 3340/4552/3197 3450/4555/3200
f 3371/4556/3201 3341/4554/3199 3451/4557/3202
f 3370/4558/3203 3371/4556/3201 3452/4559/3204
f 3358/4560/3205 3370/4558/3203 3453/4561/3206
f 3357/4562/3207 3358/4560/3205 3454/4563/3208
f 3356/4564/3209 3357/4562/3207 3455/4565/3210
f 3354/4566/3211 3356/4564/3209 3456/4567/3212
f 3355/4568/3213 3354/4566/3211 3457/4569/3214
f 3369/4570/3215 3355/4568/3213 3458/4571/3216
f 3375/4572/3217 3369/4570/3215 3459/4573/3218
f 3394/4574/3219 3375/4572/3217 3460/4575/3220
f 3395/4576/3221 3394/4574/3219 3461/4577/3222
f 3417/4578/3223 3395/4576/3221 3462/4579/3224
f 3418/4580/3225 3417/4578/3223 3463/4581/3226
f 3404/4582/3227 3418/4580/3225 3464/4583/3228
f 3403/4584/3229 3404/4582/3227 3465/4585/3230
f 3415/4586/3231 3403/4584/3229 3466/4587/3232
f 3416/4588/3233 3415/4586/3231 3467/4589/3234
f 3425/4590/3235 3416/4588/3233 3468/4591/3236
f 3423/4592/3237 3425/4590/3235 3469/4593/3238
f 3424/4594/3239 3423/4592/3237 3470/4595/3240
f 3429/4596/3241 3424/4594/3239 3471/4597/3242
f 3414/4598/3243 3429/4596/3241 3472/4599/3244
f 3413/4600/3245 3414/4598/3243 3473/4601/3246
f 3412/4602/3247 3413/4600/3245 3474/4603/3248
f 3410/4604/3249 3412/4602/3247 3475/4605/3250
f 3411/4606/3251 3410/4604/3249 3476/4607/3252
f 3421/4608/3253 3411/4606/3251 3477/4609/3254
f 3422/4610/3255 3421/4608/3253 3478/4611/3256
f 3428/4612/3257 3422/4610/3255 3479/4613/3258
f 3427/4614/3259 3428/4612/3257 3480/4615/3260
f 3426/4616/3261 3427/4614/3259 3481/4617/3262
f 3409/4618/3263 3426/4616/3261 3482/4619/3264
f 3408/4620/3265 3409/4618/3263 3483/4621/3266
f 3402/4622/3267 3408/4620/3265 3484/4623/3268
f 3393/4624/3269 3402/4622/3267 3485/4625/3270
f 3392/4626/3271 3393/4624/3269 3486/4627/3272
f 3391/4628/3273 3392/4626/3271 3487/4629/3274
f 3389/4630/3275 3391/4628/3273 3488/4631/3276
f 3390/4632/3277 3389/4630/3275 3489/4633/3278
f 3401/4634/3279 3390/4632/3277 3490/4635/3280
f 3407/4636/3281 3401/4634/3279 3491/4637/3282
f 3406/4638/3283 3407/4636/3281 3492/4639/3284
f 3400/4640/3285 3406/4638/3283 3493/4641/3286
f 3398/4642/3287 3400/4640/3285 3494/4643/3288
f 3399/4644/3289 3398/4642/3287 3495/4645/3290
f 3405/4646/3291 3399/4644/3289 3496/4647/3292
f 3397/4648/3293 3405/4646/3291 3497/4649/3294
f 3388/4650/3295 3397/4648/3293 3498/4651/3296
f 3387/4652/3297 3388/4650/3295 3499/4653/3298
f 3386/4654/3299 3387/4652/3297 3500/4655/3300
f 3384/4656/3301 3386/4654/3299 3501/4657/3302
f 3385/4658/3303 3384/4656/3301 3502/4659/3304
f 3396/4660/3305 3385/4658/3303 3503/4661/3306
f 3383/4662/3307 3396/4660/3305 3504/4663/3308
f 3382/4664/3309 3383/4662/3307 3505/4665/3310
f 3381/4666/3311 3382/4664/3309 3506/4667/3312
f 3379/4668/3313 3381/4666/3311 3507/4669/3314
f 3380/4670/3315 3379/4668/3313 3508/4671/3316
f 3353/4672/3317 3380/4670/3315 3509/4673/3318
f 3351/4674/3319 3353/4672/3317 3510/4675/3320
f 3352/4676/3321 3351/4674/3319 3511/4677/3322
f 3368/4678/3323 3352/4676/3321 3512/4679/3324
f 3367/4680/3325 3368/4678/3323 3513/4681/3326
f 3366/4682/3327 3367/4680/3325 3514/4683/3328
f 3350/4684/3329 3366/4682/3327 3515/4685/3330
f 3348/4686/3331 3350/4684/3329 3516/4687/3332
f 3349/4688/3333 3348/4686/3331 3517/4689/3334
f 3374/4690/3335 3349/4688/3333 3518/4691/3336
f 3420/4514/3160 3374/4690/3335 3519/4692/3335
f 3519/4692/3335 3430/4515/3160 3420/4514/3160
f 3518/4691/3336 3519/4692/3335 3374/4690/3335
f 3517/4689/3334 3518/4691/3336 3349/4688/3333
f 3516/4687/3332 3517/4689/3334 3348/4686/3331
f 3515/4685/3330 3516/4687/3332 3350/4684/3329
f 3514/4683/3328 3515/4685/3330 3366/4682/3327
f 3513/4681/3326 3514/4683/3328 3367/4680/3325
f 3512/4679/3324 3513/4681/3326 3368/4678/3323
f 3511/4677/3322 3512/4679/3324 3352/4676/3321
f 3510/4675/3320 3511/4677/3322 3351/4674/3319
f 3509/4673/3318 3510/4675/3320 3353/4672/3317
f 3508/4671/3316 3509/4673/3318 3380/4670/3315
f 3507/4669/3314 3508/4671/3316 3379/4668/3313
f 3506/4667/3312 3507/4669/3314 3381/4666/3311
f 3505/4665/3310 3506/4667/3312 3382/4664/3309
f 3504/4663/3308 3505/4665/3310 3383/4662/3307
f 3503/4661/3306 3504/4663/3308 3396/4660/3305
f 3502/4659/3304 3503/4661/3306 3385/4658/3303
f 3501/4657/3302 3502/4659/3304 3384/4656/3301
f 3500/4655/3300 3501/4657/3302 3386/4654/3299
f 3499/4653/3298 3500/4655/3300 3387/4652/3297
f 3498/4651/3296 3499/4653/3298 3388/4650/3295
f 3497/4649/3294 3498/4651/3296 3397/4648/3293
f 3496/4647/3292 3497/4649/3294 3405/4646/3291
f 3495/4645/3290 3496/4647/3292 3399/4644/3289
f 3494/4643/3288 3495/4645/3290 3398/4642/3287
f 3493/4641/3286 3494/4643/3288 3400/4640/3285
f 3492/4639/3284 3493/4641/3286 3406/4638/3283
f 3491/4637/3282 3492/4639/3284 3407/4636/3281
f 3490/4635/3280 3491/4637/3282 3401/4634/3279
f 3489/4633/3278 3490/4635/3280 3390/4632/3277
f 3488/4631/3276 3489/4633/3278 3389/4630/3275
f 3487/4629/3274 3488/4631/3276 3391/4628/3273
f 3486/4627/3272 3487/4629/3274 3392/4626/3271
f 3485/4625/3270 3486/4627/3272 3393/4624/3269
f 3484/4623/3268 3485/4625/3270 3402/4622/3267
f 3483/4621/3266 3484/4623/3268 3408/4620/3265
f 3482/4619/3264 3483/4621/3266 3409/4618/3263
f 3481/4617/3262 3482/4619/3264 3426/4616/3261
f 3480/4615/3260 3481/4617/3262 3427/4614/3259
f 3479/4613/3258 3480/4615/3260 3428/4612/3257
f 3478/4611/3256 3479/4613/3258 3422/4610/3255
f 3477/4609/3254 3478/4611/3256 3421/4608/3253
f 3476/4607/3252 3477/4609/3254 3411/4606/3251
f 3475/4605/3250 3476/4607/3252 3410/4604/3249
f 3474/4603/3248 3475/4605/3250 3412/4602/3247
f 3473/4601/3246 3474/4603/3248 3413/4600/3245
f 3472/4599/3244 3473/4601/3246 3414/4598/3243
f 3471/4597/3242 3472/4599/3244 3429/4596/3241
f 3470/4595/3240 3471/4597/3242 3424/4594/3239
f 3469/4593/3238 3470/4595/3240 3423/4592/3237
f 3468/4591/3236 3469/4593/3238 3425/4590/3235
f 3467/4589/3234 3468/4591/3236 3416/4588/3233
f 3466/4587/3232 3467/4589/3234 3415/4586/3231
f 3465/4585/3230 3466/4587/3232 3403/4584/3229
f 3464/4583/3228 3465/4585/3230 3404/4582/3227
f 3463/4581/3226 3464/4583/3228 3418/4580/3225
f 3462/4579/3224 3463/4581/3226 3417/4578/3223
f 3461/4577/3222 3462/4579/3224 3395/4576/3221
f 3460/4575/3220 3461/4577/3222 3394/4574/3219
f 3459/4573/3218 3460/4575/3220 3375/4572/3217
f 3458/4571/3216 3459/4573/3218 3369/4570/3215
f 3457/4569/3214 3458/4571/3216 3355/4568/3213
f 3456/4567/3212 3457/4569/3214 3354/4566/3211
f 3455/4565/3210 3456/4567/3212 3356/4564/3209
f 3454/4563/3208 3455/4565/3210 3357/4562/3207
f 3453/4561/3206 3454/4563/3208 3358/4560/3205
f 3452/4559/3204 3453/4561/3206 3370/4558/3203
f 3451/4557/3202 3452/4559/3204 3371/4556/3201
f 3450/4555/3200 3451/4557/3202 3341/4554/3199
f 3449/4553/3198 3450/4555/3200 3340/4552/3197
f 3448/4551/3196 3449/4553/3198 3342/4550/3195
f 3447/4549/3194 3448/4551/3196 3360/4548/3193
f 3446/4547/3192 3447/4549/3194 3359/4546/3191
f 3445/4545/3190 3446/4547/3192 3361/4544/3189
f 3444/4543/3188 3445/4545/3190 3362/4542/3187
f 3443/4541/3186 3444/4543/3188 3363/4540/3185
f 3442/4539/3184 3443/4541/3186 3376/4538/3183
f 3441/4537/3182 3442/4539/3184 3373/4536/3181
f 3440/4535/3180 3441/4537/3182 3372/4534/3179
f 3439/4533/3178 3440/4535/3180 3365/4532/3177
f 3438/4531/3176 3439/4533/3178 3364/4530/3175
f 3437/4529/3174 3438/4531/3176 3344/4528/3173
f 3436/4527/3172 3437/4529/3174 3343/4526/3171
f 3435/4525/3170 3436/4527/3172 3345/4524/3169
f 3434/4523/3168 3435/4525/3170 3346/4522/3167
f 3433/4521/3166 3434/4523/3168 3347/4520/3165
f 3432/4519/3164 3433/4521/3166 3377/4518/3163
f 3431/4517/3162 3432/4519/3164 3378/4516/3161
f 3430/4515/3160 3431/4517/3162 3419/4513/3159
f 3520/4693/3337 3521/4694/3338 2240/4695/3338
f 3522/4696/3339 3520/4693/3337 2184/4697/3340
f 3523/4698/3341 3522/4696/3339 2183/4699/3342
f 3524/4700/3343 3523/4698/3341 2174/4701/3344
f 3525/4702/3345 3524/4700/3343 2185/4703/3346
f 3526/4704/3347 3525/4702/3345 2186/4705/3348
f 3527/4706/3349 3526/4704/3347 2241/4707/3350
f 3528/4708/3351 3527/4706/3349 2264/4709/3352
f 3529/4710/3353 3528/4708/3351 2187/4711/3354
f 3530/4712/3355 3529/4710/3353 2188/4713/3356
f 3531/4714/3357 3530/4712/3355 2175/4715/3358
f 3532/4716/3359 3531/4714/3357 2171/4717/3360
f 3533/4718/3361 3532/4716/3359 2176/4719/3362
f 3534/4720/3363 3533/4718/3361 2165/4721/3364
f 3535/4722/3365 3534/4720/3363 2164/4723/3366
f 3536/4724/3367 3535/4722/3365 2167/4725/3368
f 3537/4726/3369 3536/4724/3367 2166/4727/3370
f 3538/4728/3371 3537/4726/3369 2173/4729/3372
f 3539/4730/3373 3538/4728/3371 2172/4731/3374
f 3540/4732/3375 3539/4730/3373 2170/4733/3376
f 3541/4734/3377 3540/4732/3375 2169/4735/3378
f 3542/4736/3379 3541/4734/3377 2168/4737/3380
f 3543/4738/3381 3542/4736/3379 2190/4739/3382
f 3544/4740/3383 3543/4738/3381 2189/4741/3384
f 3545/4742/3385 3544/4740/3383 2242/4743/3386
f 3546/4744/3387 3545/4742/3385 2265/4745/3388
f 3547/4746/3389 3546/4744/3387 2193/4747/3390
f 3548/4748/3391 3547/4746/3389 2192/4749/3392
f 3549/4750/3393 3548/4748/3391 2243/4751/3394
f 3550/4752/3395 3549/4750/3393 2195/4753/3396
f 3551/4754/3397 3550/4752/3395 2194/4755/3398
f 3552/4756/3399 3551/4754/3397 2266/4757/3400
f 3553/4758/3401 3552/4756/3399 2196/4759/3402
f 3554/4760/3403 3553/4758/3401 2244/4761/3404
f 3555/4762/3405 3554/4760/3403 2268/4763/3406
f 3556/4764/3407 3555/4762/3405 2198/4765/3408
f 3557/4766/3409 3556/4764/3407 2245/4767/3410
f 3558/4768/3411 3557/4766/3409 2201/4769/3412
f 3559/4770/3413 3558/4768/3411 2203/4771/3414
f 3560/4772/3415 3559/4770/3413 2246/4773/3416
f 3561/4774/3417 3560/4772/3415 2205/4775/3418
f 3562/4776/3419 3561/4774/3417 2247/4777/3420
f 3563/4778/3421 3562/4776/3419 2207/4779/3422
f 3564/4780/3423 3563/4778/3421 2248/4781/3424
f 3565/4782/3425 3564/4780/3423 2277/4783/3426
f 3566/4784/3427 3565/4782/3425 2274/4785/3428
f 3567/4786/3429 3566/4784/3427 2276/4787/3430
f 3568/4788/3431 3567/4786/3429 2275/4789/3432
f 3569/4790/3433 3568/4788/3431 2270/4791/3434
f 3570/4792/3435 3569/4790/3433 2211/4793/3436
f 3571/4794/3437 3570/4792/3435 2210/4795/3438
f 3572/4796/3439 3571/4794/3437 2249/4797/3440
f 3573/4798/3441 3572/4796/3439 2250/4799/3442
f 3574/4800/3443 3573/4798/3441 2214/4801/3444
f 3575/4802/3445 3574/4800/3443 2213/4803/3446
f 3576/4804/3447 3575/4802/3445 2251/4805/3448
f 3577/4806/3449 3576/4804/3447 2216/4807/3450
f 3578/4808/3451 3577/4806/3449 2215/4809/3452
f 3579/4810/3453 3578/4808/3451 2218/4811/3454
f 3580/4812/3455 3579/4810/3453 2220/4813/3456
f 3581/4814/3457 3580/4812/3455 2219/4815/3458
f 3582/4816/3459 3581/4814/3457 2252/4817/3460
f 3583/4818/3461 3582/4816/3459 2222/4819/3462
f 3584/4820/3463 3583/4818/3461 2253/4821/3464
f 3585/4822/3465 3584/4820/3463 2224/4823/3466
f 3586/4824/3467 3585/4822/3465 2223/4825/3468
f 3587/4826/3469 3586/4824/3467 2225/4827/3470
f 3588/4828/3471 3587/4826/3469 2254/4829/3472
f 3589/4830/3473 3588/4828/3471 2178/4831/3474
f 3590/4832/3475 3589/4830/3473 2177/4833/3476
f 3591/4834/3477 3590/4832/3475 2228/4835/3478
f 3592/4836/3479 3591/4834/3477 2227/4837/3480
f 3593/4838/3481 3592/4836/3479 2256/4839/3482
f 3594/4840/3483 3593/4838/3481 2271/4841/3484
f 3595/4842/3485 3594/4840/3483 2257/4843/3486
f 3596/4844/3487 3595/4842/3485 2230/4845/3488
f 3597/4846/3489 3596/4844/3487 2229/4847/3490
f 3598/4848/3491 3597/4846/3489 2260/4849/3492
f 3599/4850/3493 3598/4848/3491 2233/4851/3494
f 3600/4852/3495 3599/4850/3493 2232/4853/3496
f 3601/4854/3497 3600/4852/3495 2235/4855/3498
f 3602/4856/3499 3601/4854/3497 2262/4857/3500
f 3603/4858/3501 3602/4856/3499 2182/4859/3502
f 3604/4860/3503 3603/4858/3501 2181/4861/3504
f 3605/4862/3505 3604/4860/3503 2237/4863/3506
f 3606/4864/3507 3605/4862/3505 2239/4865/3508
f 3607/4866/3509 3606/4864/3507 2238/4867/3510
f 3608/4868/3511 3607/4866/3509 2263/4869/3512
f 3609/4870/3513 3608/4868/3511 2272/4871/3514
f 3521/4694/3338 3609/4870/3513 2273/4872/3513
f 2273/4872/3513 2240/4695/3338 3521/4694/3338
f 2272/4871/3514 2273/4872/3513 3609/4870/3513
f 2263/4869/3512 2272/4871/3514 3608/4868/3511
f 2238/4867/3510 2263/4869/3512 3607/4866/3509
f 2239/4865/3508 2238/4867/3510 3606/4864/3507
f 2237/4863/3506 2239/4865/3508 3605/4862/3505
f 2181/4861/3504 2237/4863/3506 3604/4860/3503
f 2182/4859/3502 2181/4861/3504 3603/4858/3501
f 2262/4857/3500 2182/4859/3502 3602/4856/3499
f 2235/4855/3498 2262/4857/3500 3601/4854/3497
f 2232/4853/3496 2235/4855/3498 3600/4852/3495
f 2233/4851/3494 2232/4853/3496 3599/4850/3493
f 2260/4849/3492 2233/4851/3494 3598/4848/3491
f 2229/4847/3490 2260/4849/3492 3597/4846/3489
f 2230/4845/3488 2229/4847/3490 3596/4844/3487
f 2257/4843/3486 2230/4845/3488 3595/4842/3485
f 2271/4841/3484 2257/4843/3486 3594/4840/3483
f 2256/4839/3482 2271/4841/3484 3593/4838/3481
f 2227/4837/3480 2256/4839/3482 3592/4836/3479
f 2228/4835/3478 2227/4837/3480 3591/4834/3477
f 2177/4833/3476 2228/4835/3478 3590/4832/3475
f 2178/4831/3474 2177/4833/3476 3589/4830/3473
f 2254/4829/3472 2178/4831/3474 3588/4828/3471
f 2225/4827/3470 2254/4829/3472 3587/4826/3469
f 2223/4825/3468 2225/4827/3470 3586/4824/3467
f 2224/4823/3466 2223/4825/3468 3585/4822/3465
f 2253/4821/3464 2224/4823/3466 3584/4820/3463
f 2222/4819/3462 2253/4821/3464 3583/4818/3461
f 2252/4817/3460 2222/4819/3462 3582/4816/3459
f 2219/4815/3458 2252/4817/3460 3581/4814/3457
f 2220/4813/3456 2219/4815/3458 3580/4812/3455
f 2218/4811/3454 2220/4813/3456 3579/4810/3453
f 2215/4809/3452 2218/4811/3454 3578/4808/3451
f 2216/4807/3450 2215/4809/3452 3577/4806/3449
f 2251/4805/3448 2216/4807/3450 3576/4804/3447
f 2213/4803/3446 2251/4805/3448 3575/4802/3445
f 2214/4801/3444 2213/4803/3446 3574/4800/3443
f 2250/4799/3442 2214/4801/3444 3573/4798/3441
f 2249/4797/3440 2250/4799/3442 3572/4796/3439
f 2210/4795/3438 2249/4797/3440 3571/4794/3437
f 2211/4793/3436 2210/4795/3438 3570/4792/3435
f 2270/4791/3434 2211/4793/3436 3569/4790/3433
f 2275/4789/3432 2270/4791/3434 3568/4788/3431
f 2276/4787/3430 2275/4789/3432 3567/4786/3429
f 2274/4785/3428 2276/4787/3430 3566/4784/3427
f 2277/4783/3426 2274/4785/3428 3565/4782/3425
f 2248/4781/3424 2277/4783/3426 3564/4780/3423
f 2207/4779/3422 2248/4781/3424 3563/4778/3421
f 2247/4777/3420 2207/4779/3422 3562/4776/3419
f 2205/4775/3418 2247/4777/3420 3561/4774/3417
f 2246/4773/3416 2205/4775/3418 3560/4772/3415
f 2203/4771/3414 2246/4773/3416 3559/4770/3413
f 2201/4769/3412 2203/4771/3414 3558/4768/3411
f 2245/4767/3410 2201/4769/3412 3557/4766/3409
f 2198/4765/3408 2245/4767/3410 3556/4764/3407
f 2268/4763/3406 2198/4765/3408 3555/4762/3405
f 2244/4761/3404 2268/4763/3406 3554/4760/3403
f 2196/4759/3402 2244/4761/3404 3553/4758/3401
f 2266/4757/3400 2196/4759/3402 3552/4756/3399
f 2194/4755/3398 2266/4757/3400 3551/4754/3397
f 2195/4753/3396 2194/4755/3398 3550/4752/3395
f 2243/4751/3394 2195/4753/3396 3549/4750/3393
f 2192/4749/3392 2243/4751/3394 3548/4748/3391
f 2193/4747/3390 2192/4749/3392 3547/4746/3389
f 2265/4745/3388 2193/4747/3390 3546/4744/3387
f 2242/4743/3386 2265/4745/3388 3545/4742/3385
f 2189/4741/3384 2242/4743/3386 3544/4740/3383
f 2190/4739/3382 2189/4741/3384 3543/4738/3381
f 2168/4737/3380 2190/4739/3382 3542/4736/3379
f 2169/4735/3378 2168/4737/3380 3541/4734/3377
f 2170/4733/3376 2169/4735/3378 3540/4732/3375
f 2172/4731/3374 2170/4733/3376 3539/4730/3373
f 2173/4729/3372 2172/4731/3374 3538/4728/3371
f 2166/4727/3370 2173/4729/3372 3537/4726/3369
f 2167/4725/3368 2166/4727/3370 3536/4724/3367
f 2164/4723/3366 2167/4725/3368 3535/4722/3365
f 2165/4721/3364 2164/4723/3366 3534/4720/3363
f 2176/4719/3362 2165/4721/3364 3533/4718/3361
f 2171/4717/3360 2176/4719/3362 3532/4716/3359
f 2175/4715/3358 2171/4717/3360 3531/4714/3357
f 2188/4713/3356 2175/4715/3358 3530/4712/3355
f 2187/4711/3354 2188/4713/3356 3529/4710/3353
f 2264/4709/3352 2187/4711/3354 3528/4708/3351
f 2241/4707/3350 2264/4709/3352 3527/4706/3349
f 2186/4705/3348 2241/4707/3350 3526/4704/3347
f 2185/4703/3346 2186/4705/3348 3525/4702/3345
f 2174/4701/3344 2185/4703/3346 3524/4700/3343
f 2183/4699/3342 2174/4701/3344 3523/4698/3341
f 2184/4697/3340 2183/4699/3342 3522/4696/3339
f 2240/4695/3338 2184/4697/3340 3520/4693/3337
f 3544/4873/3515 3545/4874/3515 3610/4875/3515
f 3545/4874/3515 3546/4876/3515 3611/4877/3515
f 3551/4878/3515 3612/4879/3515 3613/4880/3515
f 3551/4878/3515 3552/4881/3515 3614/4882/3515
f 3561/4883/3515 3615/4884/3515 3616/4885/3515
f 3561/4883/3515 3562/4886/3515 3617/4887/3515
f 3538/4888/3515 3618/4889/3515 3619/4890/3515
f 3538/4888/3515 3539/4891/3515 3620/4892/3515
f 3539/4891/3515 3540/4893/3515 3621/4894/3515
f 3540/4893/3515 3541/4895/3515 3622/4896/3515
f 3543/4897/3515 3544/4873/3515 3623/4898/3515
f 3611/4877/3515 3610/4875/3515 3545/4874/3515
f 3614/4882/3515 3612/4879/3515 3551/4878/3515
f 3552/4881/3515 3553/4899/3515 3624/4900/3515
f 3554/4901/3515 3625/4902/3515 3624/4900/3515
f 3554/4901/3515 3555/4903/3515 3626/4904/3515
f 3617/4887/3515 3615/4884/3515 3561/4883/3515
f 3562/4886/3515 3563/4905/3515 3627/4906/3515
f 3526/4907/3515 3628/4908/3515 3629/4909/3515
f 3527/4910/3515 3630/4911/3515 3628/4908/3515
f 3528/4912/3515 3529/4913/3515 3631/4914/3515
f 3529/4913/3515 3530/4915/3515 3632/4916/3515
f 3537/4917/3515 3619/4890/3515 3633/4918/3515
f 3620/4892/3515 3618/4889/3515 3538/4888/3515
f 3622/4896/3515 3621/4894/3515 3540/4893/3515
f 3541/4895/3515 3542/4919/3515 3634/4920/3515
f 3542/4919/3515 3543/4897/3515 3635/4921/3515
f 3610/4875/3515 3623/4898/3515 3544/4873/3515
f 3548/4922/3515 3636/4923/3515 3637/4924/3515
f 3548/4922/3515 3549/4925/3515 3638/4926/3515
f 3549/4925/3515 3550/4927/3515 3613/4880/3515
f 3624/4900/3515 3614/4882/3515 3552/4881/3515
f 3626/4904/3515 3625/4902/3515 3554/4901/3515
f 3555/4903/3515 3556/4928/3515 3639/4929/3515
f 3558/4930/3515 3640/4931/3515 3641/4932/3515
f 3558/4930/3515 3559/4933/3515 3642/4934/3515
f 3560/4935/3515 3616/4885/3515 3642/4934/3515
f 3627/4906/3515 3617/4887/3515 3562/4886/3515
f 3607/4936/3515 3643/4937/3515 3644/4938/3515
f 3608/4939/3515 3645/4940/3515 3643/4937/3515
f 3522/4941/3515 3646/4942/3515 3647/4943/3515
f 3522/4941/3515 3523/4944/3515 3648/4945/3515
f 3525/4946/3515 3629/4909/3515 3649/4947/3515
f 3628/4908/3515 3526/4907/3515 3527/4910/3515
f 3528/4912/3515 3650/4948/3515 3630/4911/3515
f 3632/4916/3515 3631/4914/3515 3529/4913/3515
f 3536/4949/3515 3633/4918/3515 3651/4950/3515
f 3619/4890/3515 3537/4917/3515 3538/4888/3515
f 3634/4920/3515 3622/4896/3515 3541/4895/3515
f 3623/4898/3515 3635/4921/3515 3543/4897/3515
f 3638/4926/3515 3636/4923/3515 3548/4922/3515
f 3613/4880/3515 3550/4927/3515 3551/4878/3515
f 3639/4929/3515 3626/4904/3515 3555/4903/3515
f 3556/4928/3515 3557/4951/3515 3641/4932/3515
f 3642/4934/3515 3640/4931/3515 3558/4930/3515
f 3616/4885/3515 3560/4935/3515 3561/4883/3515
f 3596/4952/3515 3652/4953/3515 3653/4954/3515
f 3596/4952/3515 3597/4955/3515 3654/4956/3515
f 3643/4937/3515 3607/4936/3515 3608/4939/3515
f 3608/4939/3515 3609/4957/3515 3655/4958/3515
f 3521/4959/3515 3656/4960/3515 3655/4958/3515
f 3521/4959/3515 3520/4961/3515 3647/4943/3515
f 3648/4945/3515 3646/4942/3515 3522/4941/3515
f 3523/4944/3515 3524/4962/3515 3649/4947/3515
f 3629/4909/3515 3525/4946/3515 3526/4907/3515
f 3631/4914/3515 3650/4948/3515 3528/4912/3515
f 3534/4963/3515 3657/4964/3515 3658/4965/3515
f 3534/4963/3515 3535/4966/3515 3651/4950/3515
f 3633/4918/3515 3536/4949/3515 3537/4917/3515
f 3635/4921/3515 3634/4920/3515 3542/4919/3515
f 3547/4967/3515 3637/4924/3515 3611/4877/3515
f 3613/4880/3515 3638/4926/3515 3549/4925/3515
f 3641/4932/3515 3639/4929/3515 3556/4928/3515
f 3642/4934/3515 3559/4933/3515 3560/4935/3515
f 3595/4968/3515 3653/4954/3515 3659/4969/3515
f 3654/4956/3515 3652/4953/3515 3596/4952/3515
f 3599/4970/3515 3660/4971/3515 3661/4972/3515
f 3599/4970/3515 3600/4973/3515 3662/4974/3515
f 3601/4975/3515 3663/4976/3515 3662/4974/3515
f 3601/4975/3515 3602/4977/3515 3664/4978/3515
f 3655/4958/3515 3645/4940/3515 3608/4939/3515
f 3647/4943/3515 3656/4960/3515 3521/4959/3515
f 3649/4947/3515 3648/4945/3515 3523/4944/3515
f 3630/4911/3515 3527/4910/3515 3528/4912/3515
f 3532/4979/3515 3665/4980/3515 3666/4981/3515
f 3532/4979/3515 3533/4982/3515 3658/4965/3515
f 3651/4950/3515 3657/4964/3515 3534/4963/3515
f 3621/4894/3515 3620/4892/3515 3539/4891/3515
f 3637/4924/3515 3547/4967/3515 3548/4922/3515
f 3641/4932/3515 3557/4951/3515 3558/4930/3515
f 3573/4983/3515 3667/4984/3515 3668/4985/3515
f 3573/4983/3515 3574/4986/3515 3669/4987/3515
f 3585/4988/3515 3670/4989/3515 3671/4990/3515
f 3585/4988/3515 3586/4991/3515 3672/4992/3515
f 3653/4954/3515 3595/4968/3515 3596/4952/3515
f 3597/4955/3515 3598/4993/3515 3661/4972/3515
f 3662/4974/3515 3660/4971/3515 3599/4970/3515
f 3664/4978/3515 3663/4976/3515 3601/4975/3515
f 3603/4994/3515 3673/4995/3515 3664/4978/3515
f 3603/4994/3515 3604/4996/3515 3674/4997/3515
f 3604/4996/3515 3605/4998/3515 3675/4999/3515
f 3605/4998/3515 3606/5000/3515 3644/4938/3515
f 3655/4958/3515 3609/4957/3515 3521/4959/3515
f 3649/4947/3515 3524/4962/3515 3525/4946/3515
f 3531/5001/3515 3666/4981/3515 3632/4916/3515
f 3658/4965/3515 3665/4980/3515 3532/4979/3515
f 3651/4950/3515 3535/4966/3515 3536/4949/3515
f 3624/4900/3515 3553/4899/3515 3554/4901/3515
f 3564/5002/3515 3676/5003/3515 3627/4906/3515
f 3564/5002/3515 3565/5004/3515 3677/5005/3515
f 3572/5006/3515 3668/4985/3515 3678/5007/3515
f 3669/4987/3515 3667/4984/3515 3573/4983/3515
f 3579/5008/3515 3679/5009/3515 3680/5010/3515
f 3580/5011/3515 3681/5012/3515 3679/5009/3515
f 3583/5013/3515 3682/5014/3515 3683/5015/3515
f 3583/5013/3515 3584/5016/3515 3671/4990/3515
f 3672/4992/3515 3670/4989/3515 3585/4988/3515
f 3586/4991/3515 3587/5017/3515 3684/5018/3515
f 3590/5019/3515 3685/5020/3515 3686/5021/3515
f 3590/5019/3515 3591/5022/3515 3687/5023/3515
f 3661/4972/3515 3654/4956/3515 3597/4955/3515
f 3662/4974/3515 3600/4973/3515 3601/4975/3515
f 3674/4997/3515 3673/4995/3515 3603/4994/3515
f 3644/4938/3515 3675/4999/3515 3605/4998/3515
f 3647/4943/3515 3520/4961/3515 3522/4941/3515
f 3666/4981/3515 3531/5001/3515 3532/4979/3515
f 3611/4877/3515 3546/4876/3515 3547/4967/3515
f 3677/5005/3515 3676/5003/3515 3564/5002/3515
f 3570/5024/3515 3688/5025/3515 3689/5026/3515
f 3570/5024/3515 3571/5027/3515 3678/5007/3515
f 3668/4985/3515 3572/5006/3515 3573/4983/3515
f 3574/4986/3515 3575/5028/3515 3690/5029/3515
f 3679/5009/3515 3579/5008/3515 3580/5011/3515
f 3580/5011/3515 3581/5030/3515 3691/5031/3515
f 3582/5032/3515 3683/5015/3515 3691/5031/3515
f 3671/4990/3515 3682/5014/3515 3583/5013/3515
f 3684/5018/3515 3672/4992/3515 3586/4991/3515
f 3587/5017/3515 3588/5033/3515 3692/5034/3515
f 3589/5035/3515 3686/5021/3515 3692/5034/3515
f 3687/5023/3515 3685/5020/3515 3590/5019/3515
f 3592/5036/3515 3693/5037/3515 3687/5023/3515
f 3592/5036/3515 3593/5038/3515 3694/5039/3515
f 3661/4972/3515 3598/4993/3515 3599/4970/3515
f 3675/4999/3515 3674/4997/3515 3604/4996/3515
f 3632/4916/3515 3530/4915/3515 3531/5001/3515
f 3627/4906/3515 3563/4905/3515 3564/5002/3515
f 3678/5007/3515 3688/5025/3515 3570/5024/3515
f 3690/5029/3515 3669/4987/3515 3574/4986/3515
f 3691/5031/3515 3681/5012/3515 3580/5011/3515
f 3683/5015/3515 3582/5032/3515 3583/5013/3515
f 3692/5034/3515 3684/5018/3515 3587/5017/3515
f 3686/5021/3515 3589/5035/3515 3590/5019/3515
f 3694/5039/3515 3693/5037/3515 3592/5036/3515
f 3593/5038/3515 3594/5040/3515 3659/4969/3515
f 3664/4978/3515 3602/4977/3515 3603/4994/3515
f 3658/4965/3515 3533/4982/3515 3534/4963/3515
f 3678/5007/3515 3571/5027/3515 3572/5006/3515
f 3576/5041/3515 3695/5042/3515 3690/5029/3515
f 3577/5043/3515 3696/5044/3515 3695/5042/3515
f 3577/5043/3515 3578/5045/3515 3680/5010/3515
f 3691/5031/3515 3581/5030/3515 3582/5032/3515
f 3692/5034/3515 3588/5033/3515 3589/5035/3515
f 3659/4969/3515 3694/5039/3515 3593/5038/3515
f 3644/4938/3515 3606/5000/3515 3607/4936/3515
f 3566/5046/3515 3697/5047/3515 3677/5005/3515
f 3566/5046/3515 3567/5048/3515 3698/5049/3515
f 3568/5050/3515 3699/5051/3515 3698/5049/3515
f 3568/5050/3515 3569/5052/3515 3689/5026/3515
f 3690/5029/3515 3575/5028/3515 3576/5041/3515
f 3680/5010/3515 3696/5044/3515 3577/5043/3515
f 3671/4990/3515 3584/5016/3515 3585/4988/3515
f 3659/4969/3515 3594/5040/3515 3595/4968/3515
f 3698/5049/3515 3697/5047/3515 3566/5046/3515
f 3689/5026/3515 3699/5051/3515 3568/5050/3515
f 3695/5042/3515 3576/5041/3515 3577/5043/3515
f 3687/5023/3515 3591/5022/3515 3592/5036/3515
f 3698/5049/3515 3567/5048/3515 3568/5050/3515
f 3680/5010/3515 3578/5045/3515 3579/5008/3515
f 3689/5026/3515 3569/5052/3515 3570/5024/3515
f 3677/5005/3515 3565/5004/3515 3566/5046/3515
f 3676/5053/3516 3677/5054/3517 3700/5055/3517
f 3627/5056/3518 3676/5053/3516 3701/5057/3519
f 3617/5058/3520 3627/5056/3518 3702/5059/3521
f 3615/5060/3522 3617/5058/3520 3703/5061/3523
f 3616/5062/3524 3615/5060/3522 3704/5063/3525
f 3642/5064/3526 3616/5062/3524 3705/5065/3527
f 3640/5066/3528 3642/5064/3526 3706/5067/3529
f 3641/5068/3530 3640/5066/3528 3707/5069/3531
f 3639/5070/3532 3641/5068/3530 3708/5071/3533
f 3626/5072/3534 3639/5070/3532 3709/5073/3535
f 3625/5074/3536 3626/5072/3534 3710/5075/3537
f 3624/5076/3538 3625/5074/3536 3711/5077/3539
f 3614/5078/3540 3624/5076/3538 3712/5079/3541
f 3612/5080/3542 3614/5078/3540 3713/5081/3543
f 3613/5082/3544 3612/5080/3542 3714/5083/3545
f 3638/5084/3546 3613/5082/3544 3715/5085/3547
f 3636/5086/3548 3638/5084/3546 3716/5087/3549
f 3637/5088/3550 3636/5086/3548 3717/5089/3551
f 3611/5090/3552 3637/5088/3550 3718/5091/3553
f 3610/5092/3554 3611/5090/3552 3719/5093/3555
f 3623/5094/3556 3610/5092/3554 3720/5095/3557
f 3635/5096/3558 3623/5094/3556 3721/5097/3559
f 3634/5098/3560 3635/5096/3558 3722/5099/3561
f 3622/5100/3562 3634/5098/3560 3723/5101/3563
f 3621/5102/3564 3622/5100/3562 3724/5103/3565
f 3620/5104/3566 3621/5102/3564 3725/5105/3567
f 3618/5106/3568 3620/5104/3566 3726/5107/3569
f 3619/5108/3570 3618/5106/3568 3727/5109/3571
f 3633/5110/3572 3619/5108/3570 3728/5111/3573
f 3651/5112/3574 3633/5110/3572 3729/5113/3575
f 3657/5114/3576 3651/5112/3574 3730/5115/3577
f 3658/5116/3578 3657/5114/3576 3731/5117/3579
f 3665/5118/3580 3658/5116/3578 3732/5119/3581
f 3666/5120/3582 3665/5118/3580 3733/5121/3583
f 3632/5122/3584 3666/5120/3582 3734/5123/3585
f 3631/5124/3586 3632/5122/3584 3735/5125/3587
f 3650/5126/3588 3631/5124/3586 3736/5127/3589
f 3630/5128/3590 3650/5126/3588 3737/5129/3591
f 3628/5130/3592 3630/5128/3590 3738/5131/3593
f 3629/5132/3594 3628/5130/3592 3739/5133/3595
f 3649/5134/3596 3629/5132/3594 3740/5135/3597
f 3648/5136/3598 3649/5134/3596 3741/5137/3599
f 3646/5138/3600 3648/5136/3598 3742/5139/3601
f 3647/5140/3602 3646/5138/3600 3743/5141/3603
f 3656/5142/3604 3647/5140/3602 3744/5143/3605
f 3655/5144/3606 3656/5142/3604 3745/5145/3607
f 3645/5146/3608 3655/5144/3606 3746/5147/3609
f 3643/5148/3610 3645/5146/3608 3747/5149/3611
f 3644/5150/3612 3643/5148/3610 3748/5151/3613
f 3675/5152/3614 3644/5150/3612 3749/5153/3615
f 3674/5154/3616 3675/5152/3614 3750/5155/3617
f 3673/5156/3618 3674/5154/3616 3751/5157/3619
f 3664/5158/3620 3673/5156/3618 3752/5159/3621
f 3663/5160/3622 3664/5158/3620 3753/5161/3623
f 3662/5162/3624 3663/5160/3622 3754/5163/3625
f 3660/5164/3626 3662/5162/3624 3755/5165/3627
f 3661/5166/3628 3660/5164/3626 3756/5167/3629
f 3654/5168/3630 3661/5166/3628 3757/5169/3631
f 3652/5170/3632 3654/5168/3630 3758/5171/3633
f 3653/5172/3634 3652/5170/3632 3759/5173/3635
f 3659/5174/3636 3653/5172/3634 3760/5175/3637
f 3694/5176/3638 3659/5174/3636 3761/5177/3639
f 3693/5178/3640 3694/5176/3638 3762/5179/3641
f 3687/5180/3642 3693/5178/3640 3763/5181/3643
f 3685/5182/3644 3687/5180/3642 3764/5183/3645
f 3686/5184/3646 3685/5182/3644 3765/5185/3647
f 3692/5186/3648 3686/5184/3646 3766/5187/3649
f 3684/5188/3650 3692/5186/3648 3767/5189/3651
f 3672/5190/3652 3684/5188/3650 3768/5191/3653
f 3670/5192/3654 3672/5190/3652 3769/5193/3655
f 3671/5194/3656 3670/5192/3654 3770/5195/3657
f 3682/5196/3658 3671/5194/3656 3771/5197/3659
f 3683/5198/3660 3682/5196/3658 3772/5199/3661
f 3691/5200/3662 3683/5198/3660 3773/5201/3663
f 3681/5202/3664 3691/5200/3662 3774/5203/3665
f 3679/5204/3666 3681/5202/3664 3775/5205/3667
f 3680/5206/3668 3679/5204/3666 3776/5207/3669
f 3696/5208/3670 3680/5206/3668 3777/5209/3671
f 3695/5210/3672 3696/5208/3670 3778/5211/3673
f 3690/5212/3674 3695/5210/3672 3779/5213/3675
f 3669/5214/3676 3690/5212/3674 3780/5215/3677
f 3667/5216/3678 3669/5214/3676 3781/5217/3679
f 3668/5218/3680 3667/5216/3678 3782/5219/3681
f 3678/5220/3682 3668/5218/3680 3783/5221/3683
f 3688/5222/3684 3678/5220/3682 3784/5223/3685
f 3689/5224/3686 3688/5222/3684 3785/5225/3687
f 3699/5226/3688 3689/5224/3686 3786/5227/3689
f 3698/5228/3690 3699/5226/3688 3787/5229/3691
f 3697/5230/3692 3698/5228/3690 3788/5231/3693
f 3677/5054/3517 3697/5230/3692 3789/5232/3692
f 3789/5232/3692 3700/5055/3517 3677/5054/3517
f 3788/5231/3693 3789/5232/3692 3697/5230/3692
f 3787/5229/3691 3788/5231/3693 3698/5228/3690
f 3786/5227/3689 3787/5229/3691 3699/5226/3688
f 3785/5225/3687 3786/5227/3689 3689/5224/3686
f 3784/5223/3685 3785/5225/3687 3688/5222/3684
f 3783/5221/3683 3784/5223/3685 3678/5220/3682
f 3782/5219/3681 3783/5221/3683 3668/5218/3680
f 3781/5217/3679 3782/5219/3681 3667/5216/3678
f 3780/5215/3677 3781/5217/3679 3669/5214/3676
f 3779/5213/3675 3780/5215/3677 3690/5212/3674
f 3778/5211/3673 3779/5213/3675 3695/5210/3672
f 3777/5209/3671 3778/5211/3673 3696/5208/3670
f 3776/5207/3669 3777/5209/3671 3680/5206/3668
f 3775/5205/3667 3776/5207/3669 3679/5204/3666
f 3774/5203/3665 3775/5205/3667 3681/5202/3664
f 3773/5201/3663 3774/5203/3665 3691/5200/3662
f 3772/5199/3661 3773/5201/3663 3683/5198/3660
f 3771/5197/3659 3772/5199/3661 3682/5196/3658
f 3770/5195/3657 3771/5197/3659 3671/5194/3656
f 3769/5193/3655 3770/5195/3657 3670/5192/3654
f 3768/5191/3653 3769/5193/3655 3672/5190/3652
f 3767/5189/3651 3768/5191/3653 3684/5188/3650
f 3766/5187/3649 3767/5189/3651 3692/5186/3648
f 3765/5185/3647 3766/5187/3649 3686/5184/3646
f 3764/5183/3645 3765/5185/3647 3685/5182/3644
f 3763/5181/3643 3764/5183/3645 3687/5180/3642
f 3762/5179/3641 3763/5181/3643 3693/5178/3640
f 3761/5177/3639 3762/5179/3641 3694/5176/3638
f 3760/5175/3637 3761/5177/3639 3659/5174/3636
f 3759/5173/3635 3760/5175/3637 3653/5172/3634
f 3758/5171/3633 3759/5173/3635 3652/5170/3632
f 3757/5169/3631 3758/5171/3633 3654/5168/3630
f 3756/5167/3629 3757/5169/3631 3661/5166/3628
f 3755/5165/3627 3756/5167/3629 3660/5164/3626
f 3754/5163/3625 3755/5165/3627 3662/5162/3624
f 3753/5161/3623 3754/5163/3625 3663/5160/3622
f 3752/5159/3621 3753/5161/3623 3664/5158/3620
f 3751/5157/3619 3752/5159/3621 3673/5156/3618
f 3750/5155/3617 3751/5157/3619 3674/5154/3616
f 3749/5153/3615 3750/5155/3617 3675/5152/3614
f 3748/5151/3613 3749/5153/3615 3644/5150/3612
f 3747/5149/3611 3748/5151/3613 3643/5148/3610
f 3746/5147/3609 3747/5149/3611 3645/5146/3608
f 3745/5145/3607 3746/5147/3609 3655/5144/3606
f 3744/5143/3605 3745/5145/3607 3656/5142/3604
f 3743/5141/3603 3744/5143/3605 3647/5140/3602
f 3742/5139/3601 3743/5141/3603 3646/5138/3600
f 3741/5137/3599 3742/5139/3601 3648/5136/3598
f 3740/5135/3597 3741/5137/3599 3649/5134/3596
f 3739/5133/3595 3740/5135/3597 3629/5132/3594
f 3738/5131/3593 3739/5133/3595 3628/5130/3592
f 3737/5129/3591 3738/5131/3593 3630/5128/3590
f 3736/5127/3589 3737/5129/3591 3650/5126/3588
f 3735/5125/3587 3736/5127/3589 3631/5124/3586
f 3734/5123/3585 3735/5125/3587 3632/5122/3584
f 3733/5121/3583 3734/5123/3585 3666/5120/3582
f 3732/5119/3581 3733/5121/3583 3665/5118/3580
f 3731/5117/3579 3732/5119/3581 3658/5116/3578
f 3730/5115/3577 3731/5117/3579 3657/5114/3576
f 3729/5113/3575 3730/5115/3577 3651/5112/3574
f 3728/5111/3573 3729/5113/3575 3633/5110/3572
f 3727/5109/3571 3728/5111/3573 3619/5108/3570
f 3726/5107/3569 3727/5109/3571 3618/5106/3568
f 3725/5105/3567 3726/5107/3569 3620/5104/3566
f 3724/5103/3565 3725/5105/3567 3621/5102/3564
f 3723/5101/3563 3724/5103/3565 3622/5100/3562
f 3722/5099/3561 3723/5101/3563 3634/5098/3560
f 3721/5097/3559 3722/5099/3561 3635/5096/3558
f 3720/5095/3557 3721/5097/3559 3623/5094/3556
f 3719/5093/3555 3720/5095/3557 3610/5092/3554
f 3718/5091/3553 3719/5093/3555 3611/5090/3552
f 3717/5089/3551 3718/5091/3553 3637/5088/3550
f 3716/5087/3549 3717/5089/3551 3636/5086/3548
f 3715/5085/3547 3716/5087/3549 3638/5084/3546
f 3714/5083/3545 3715/5085/3547 3613/5082/3544
f 3713/5081/3543 3714/5083/3545 3612/5080/3542
f 3712/5079/3541 3713/5081/3543 3614/5078/3540
f 3711/5077/3539 3712/5079/3541 3624/5076/3538
f 3710/5075/3537 3711/5077/3539 3625/5074/3536
f 3709/5073/3535 3710/5075/3537 3626/5072/3534
f 3708/5071/3533 3709/5073/3535 3639/5070/3532
f 3707/5069/3531 3708/5071/3533 3641/5068/3530
f 3706/5067/3529 3707/5069/3531 3640/5066/3528
f 3705/5065/3527 3706/5067/3529 3642/5064/3526
f 3704/5063/3525 3705/5065/3527 3616/5062/3524
f 3703/5061/3523 3704/5063/3525 3615/5060/3522
f 3702/5059/3521 3703/5061/3523 3617/5058/3520
f 3701/5057/3519 3702/5059/3521 3627/5056/3518
f 3700/5055/3517 3701/5057/3519 3676/5053/3516
f 3880/5233/3694 3451/5234/3694 3450/5235/3694
f 3880/5233/3694 2619/5236/3694 3452/5237/3694
f 3880/5233/3694 3436/5238/3694 3435/5239/3694
f 3880/5233/3694 3438/5240/3694 3437/5241/3694
f 3452/5237/3694 3451/5234/3694 3880/5233/3694
f 2619/5236/3694 3456/5242/3694 3455/5243/3694
f 3511/5244/3694 3510/5245/3694 2640/5246/3694
f 3437/5241/3694 3436/5238/3694 3880/5233/3694
f 3880/5233/3694 3440/5247/3694 3439/5248/3694
f 3880/5233/3694 3446/5249/3694 3445/5250/3694
f 3880/5233/3694 3448/5251/3694 3447/5252/3694
f 2619/5236/3694 3453/5253/3694 3452/5237/3694
f 3455/5243/3694 3454/5254/3694 2619/5236/3694
f 2619/5236/3694 3458/5255/3694 3457/5256/3694
f 2639/5257/3694 3512/5258/3694 3511/5244/3694
f 2639/5257/3694 3518/5259/3694 3517/5260/3694
f 3880/5233/3694 3434/5261/3694 3433/5262/3694
f 3439/5248/3694 3438/5240/3694 3880/5233/3694
f 3880/5233/3694 3444/5263/3694 3443/5264/3694
f 3447/5252/3694 3446/5249/3694 3880/5233/3694
f 3454/5254/3694 3453/5253/3694 2619/5236/3694
f 2619/5236/3694 3459/5265/3694 3458/5255/3694
f 2628/5266/3694 3488/5267/3694 3487/5268/3694
f 2639/5257/3694 3513/5269/3694 3512/5258/3694
f 2639/5257/3694 3515/5270/3694 3514/5271/3694
f 3517/5260/3694 3516/5272/3694 2639/5257/3694
f 2639/5257/3694 3880/5233/3694 3519/5273/3694
f 3435/5239/3694 3434/5261/3694 3880/5233/3694
f 3880/5233/3694 3442/5274/3694 3441/5275/3694
f 3445/5250/3694 3444/5263/3694 3880/5233/3694
f 3457/5256/3694 3456/5242/3694 2619/5236/3694
f 3487/5268/3694 2627/5276/3694 2628/5266/3694
f 2628/5266/3694 3490/5277/3694 3489/5278/3694
f 3503/5279/3694 3502/5280/3694 2632/5281/3694
f 3506/5282/3694 3505/5283/3694 2634/5284/3694
f 3514/5271/3694 3513/5269/3694 2639/5257/3694
f 3519/5273/3694 3518/5259/3694 2639/5257/3694
f 3880/5233/3694 3431/5285/3694 3430/5286/3694
f 3441/5275/3694 3440/5247/3694 3880/5233/3694
f 3880/5233/3694 3449/5287/3694 3448/5251/3694
f 2619/5236/3694 3460/5288/3694 3459/5265/3694
f 2619/5236/3694 3462/5289/3694 3461/5290/3694
f 3487/5268/3694 3486/5291/3694 2627/5276/3694
f 2628/5266/3694 3491/5292/3694 3490/5277/3694
f 3496/5293/3694 3495/5294/3694 2629/5295/3694
f 2632/5281/3694 2633/5296/3694 3503/5279/3694
f 3505/5283/3694 3504/5297/3694 2633/5296/3694
f 2635/5298/3694 3507/5299/3694 3506/5282/3694
f 3508/5300/3694 3507/5299/3694 2635/5298/3694
f 3509/5301/3694 3508/5300/3694 2636/5302/3694
f 3516/5272/3694 3515/5270/3694 2639/5257/3694
f 3880/5233/3694 3432/5303/3694 3431/5285/3694
f 3443/5264/3694 3442/5274/3694 3880/5233/3694
f 3461/5290/3694 3460/5288/3694 2619/5236/3694
f 3466/5304/3694 2619/5236/3694 2620/5305/3694
f 2626/5306/3694 2627/5276/3694 3483/5307/3694
f 2627/5276/3694 3485/5308/3694 3484/5309/3694
f 3489/5278/3694 3488/5267/3694 2628/5266/3694
f 2628/5266/3694 2629/5295/3694 3492/5310/3694
f 2629/5295/3694 3494/5311/3694 3493/5312/3694
f 2629/5295/3694 2630/5313/3694 3496/5293/3694
f 3501/5314/3694 3500/5315/3694 2631/5316/3694
f 2633/5296/3694 3504/5297/3694 3503/5279/3694
f 2634/5284/3694 2635/5298/3694 3506/5282/3694
f 2636/5302/3694 2637/5317/3694 3509/5301/3694
f 3510/5245/3694 3509/5301/3694 2637/5317/3694
f 3430/5286/3694 3519/5273/3694 3880/5233/3694
f 3450/5235/3694 3449/5287/3694 3880/5233/3694
f 2619/5236/3694 3464/5318/3694 3463/5319/3694
f 2620/5305/3694 3467/5320/3694 3466/5304/3694
f 3467/5320/3694 2620/5305/3694 2621/5321/3694
f 2626/5306/3694 3481/5322/3694 3480/5323/3694
f 3483/5307/3694 3482/5324/3694 2626/5306/3694
f 3486/5291/3694 3485/5308/3694 2627/5276/3694
f 3493/5312/3694 3492/5310/3694 2629/5295/3694
f 2630/5313/3694 3497/5325/3694 3496/5293/3694
f 3499/5326/3694 3498/5327/3694 2630/5313/3694
f 2631/5316/3694 2632/5281/3694 3501/5314/3694
f 2633/5296/3694 2634/5284/3694 3505/5283/3694
f 2637/5317/3694 2640/5246/3694 3510/5245/3694
f 3433/5262/3694 3432/5303/3694 3880/5233/3694
f 2619/5236/3694 3465/5328/3694 3464/5318/3694
f 2621/5321/3694 3468/5329/3694 3467/5320/3694
f 3468/5329/3694 2621/5321/3694 2622/5330/3694
f 3470/5331/3694 2622/5330/3694 2623/5332/3694
f 3482/5324/3694 3481/5322/3694 2626/5306/3694
f 3492/5310/3694 3491/5292/3694 2628/5266/3694
f 2630/5313/3694 3498/5327/3694 3497/5325/3694
f 3500/5315/3694 3499/5326/3694 2631/5316/3694
f 2635/5298/3694 2636/5302/3694 3508/5300/3694
f 3463/5319/3694 3462/5289/3694 2619/5236/3694
f 2622/5330/3694 3469/5333/3694 3468/5329/3694
f 2623/5332/3694 3471/5334/3694 3470/5331/3694
f 3484/5309/3694 3483/5307/3694 2627/5276/3694
f 2630/5313/3694 2631/5316/3694 3499/5326/3694
f 2640/5246/3694 2639/5257/3694 3511/5244/3694
f 3470/5331/3694 3469/5333/3694 2622/5330/3694
f 3472/5335/3694 2623/5332/3694 2624/5336/3694
f 3475/5337/3694 2624/5336/3694 2625/5338/3694
f 2625/5338/3694 2626/5306/3694 3479/5339/3694
f 3495/5294/3694 3494/5311/3694 2629/5295/3694
f 3466/5304/3694 3465/5328/3694 2619/5236/3694
f 2624/5336/3694 3473/5340/3694 3472/5335/3694
f 2624/5336/3694 3475/5337/3694 3474/5341/3694
f 2625/5338/3694 3477/5342/3694 3476/5343/3694
f 3479/5339/3694 3478/5344/3694 2625/5338/3694
f 3502/5280/3694 3501/5314/3694 2632/5281/3694
f 3474/5341/3694 3473/5340/3694 2624/5336/3694
f 3478/5344/3694 3477/5342/3694 2625/5338/3694
f 3472/5335/3694 3471/5334/3694 2623/5332/3694
f 3480/5323/3694 3479/5339/3694 2626/5306/3694
f 3759/5345/3694 2643/5346/3694 2644/5347/3694
f 3754/5348/3694 2639/5257/3694 2638/5349/3694
f 3755/5350/3694 2638/5349/3694 2641/5351/3694
f 3756/5352/3694 2641/5351/3694 2642/5353/3694
f 2644/5347/3694 3760/5354/3694 3759/5345/3694
f 3760/5354/3694 2644/5347/3694 2645/5355/3694
f 3705/5356/3694 3704/5357/3694 2655/5358/3694
f 2659/5359/3694 3721/5360/3694 3720/5361/3694
f 2638/5349/3694 3755/5350/3694 3754/5348/3694
f 2642/5353/3694 3757/5362/3694 3756/5352/3694
f 3757/5362/3694 2642/5353/3694 2643/5346/3694
f 2645/5355/3694 3761/5363/3694 3760/5354/3694
f 3703/5364/3694 3702/5365/3694 2654/5366/3694
f 2655/5358/3694 2656/5367/3694 3705/5356/3694
f 2659/5359/3694 3715/5368/3694 3714/5369/3694
f 2659/5359/3694 3722/5370/3694 3721/5360/3694
f 3880/5233/3694 3724/5371/3694 3723/5372/3694
f 3880/5233/3694 3726/5373/3694 3725/5374/3694
f 2639/5257/3694 3747/5375/3694 3746/5376/3694
f 2639/5257/3694 3749/5377/3694 3748/5378/3694
f 2639/5257/3694 3751/5379/3694 3750/5380/3694
f 2639/5257/3694 3753/5381/3694 3752/5382/3694
f 2641/5351/3694 3756/5352/3694 3755/5350/3694
f 3759/5345/3694 3758/5383/3694 2643/5346/3694
f 3764/5384/3694 2646/5385/3694 2647/5386/3694
f 2652/5387/3694 3783/5388/3694 3782/5389/3694
f 3704/5357/3694 3703/5364/3694 2655/5358/3694
f 3707/5390/3694 3706/5391/3694 2656/5367/3694
f 3708/5392/3694 3707/5390/3694 2657/5393/3694
f 2659/5359/3694 3712/5394/3694 3711/5395/3694
f 3714/5369/3694 3713/5396/3694 2659/5359/3694
f 2659/5359/3694 3723/5372/3694 3722/5370/3694
f 3725/5374/3694 3724/5371/3694 3880/5233/3694
f 3880/5233/3694 3728/5397/3694 3727/5398/3694
f 3748/5378/3694 3747/5375/3694 2639/5257/3694
f 3752/5382/3694 3751/5379/3694 2639/5257/3694
f 2643/5346/3694 3758/5383/3694 3757/5362/3694
f 3762/5399/3694 2645/5355/3694 2646/5385/3694
f 2647/5386/3694 3766/5400/3694 3765/5401/3694
f 3766/5400/3694 2647/5386/3694 2648/5402/3694
f 3769/5403/3694 2648/5402/3694 2649/5404/3694
f 3782/5389/3694 2651/5405/3694 2652/5387/3694
f 2656/5367/3694 3706/5391/3694 3705/5356/3694
f 2657/5393/3694 2708/5406/3694 3708/5392/3694
f 3709/5407/3694 3708/5392/3694 2708/5406/3694
f 3711/5395/3694 3710/5408/3694 2659/5359/3694
f 2659/5359/3694 3716/5409/3694 3715/5368/3694
f 2659/5359/3694 3718/5410/3694 3717/5411/3694
f 3723/5372/3694 2659/5359/3694 3880/5233/3694
f 3880/5233/3694 3729/5412/3694 3728/5397/3694
f 3880/5233/3694 3737/5413/3694 3736/5414/3694
f 3880/5233/3694 3740/5415/3694 3739/5416/3694
f 3746/5376/3694 3880/5233/3694 2639/5257/3694
f 3754/5348/3694 3753/5381/3694 2639/5257/3694
f 2646/5385/3694 3764/5384/3694 3763/5417/3694
f 2648/5402/3694 3767/5418/3694 3766/5400/3694
f 2649/5404/3694 3771/5419/3694 3770/5420/3694
f 3782/5389/3694 3781/5421/3694 2651/5405/3694
f 3700/5422/3694 3789/5423/3694 2653/5424/3694
f 2656/5367/3694 2657/5393/3694 3707/5390/3694
f 3710/5408/3694 3709/5407/3694 2659/5359/3694
f 3717/5411/3694 3716/5409/3694 2659/5359/3694
f 3727/5398/3694 3726/5373/3694 3880/5233/3694
f 3880/5233/3694 3738/5425/3694 3737/5413/3694
f 3880/5233/3694 3741/5426/3694 3740/5415/3694
f 3880/5233/3694 3744/5427/3694 3743/5428/3694
f 3750/5380/3694 3749/5377/3694 2639/5257/3694
f 2646/5385/3694 3763/5417/3694 3762/5399/3694
f 2648/5402/3694 3768/5429/3694 3767/5418/3694
f 2649/5404/3694 3770/5420/3694 3769/5403/3694
f 2649/5404/3694 3773/5430/3694 3772/5431/3694
f 2650/5432/3694 3774/5433/3694 3773/5430/3694
f 2650/5432/3694 3777/5434/3694 3776/5435/3694
f 2652/5387/3694 3784/5436/3694 3783/5388/3694
f 2652/5387/3694 3786/5437/3694 3785/5438/3694
f 2653/5424/3694 3787/5439/3694 3786/5437/3694
f 2653/5424/3694 2654/5366/3694 3700/5422/3694
f 2654/5366/3694 3702/5365/3694 3701/5440/3694
f 2708/5406/3694 2659/5359/3694 3709/5407/3694
f 2659/5359/3694 3719/5441/3694 3718/5410/3694
f 3880/5233/3694 3730/5442/3694 3729/5412/3694
f 3880/5233/3694 3732/5443/3694 3731/5444/3694
f 3739/5416/3694 3738/5425/3694 3880/5233/3694
f 3743/5428/3694 3742/5445/3694 3880/5233/3694
f 3762/5399/3694 3761/5363/3694 2645/5355/3694
f 3769/5403/3694 3768/5429/3694 2648/5402/3694
f 3773/5430/3694 2649/5404/3694 2650/5432/3694
f 3776/5435/3694 3775/5446/3694 2650/5432/3694
f 2650/5432/3694 2651/5405/3694 3778/5447/3694
f 3785/5438/3694 3784/5436/3694 2652/5387/3694
f 2653/5424/3694 3788/5448/3694 3787/5439/3694
f 3701/5440/3694 3700/5422/3694 2654/5366/3694
f 3713/5396/3694 3712/5394/3694 2659/5359/3694
f 3731/5444/3694 3730/5442/3694 3880/5233/3694
f 3880/5233/3694 3734/5449/3694 3733/5450/3694
f 3742/5445/3694 3741/5426/3694 3880/5233/3694
f 2647/5386/3694 3765/5401/3694 3764/5384/3694
f 3775/5446/3694 3774/5433/3694 2650/5432/3694
f 2651/5405/3694 3779/5451/3694 3778/5447/3694
f 3781/5421/3694 3780/5452/3694 2651/5405/3694
f 3789/5423/3694 3788/5448/3694 2653/5424/3694
f 3720/5361/3694 3719/5441/3694 2659/5359/3694
f 3880/5233/3694 3735/5453/3694 3734/5449/3694
f 3880/5233/3694 3745/5454/3694 3744/5427/3694
f 3772/5431/3694 3771/5419/3694 2649/5404/3694
f 3780/5452/3694 3779/5451/3694 2651/5405/3694
f 2654/5366/3694 2655/5358/3694 3703/5364/3694
f 3736/5414/3694 3735/5453/3694 3880/5233/3694
f 3778/5447/3694 3777/5434/3694 2650/5432/3694
f 3733/5450/3694 3732/5443/3694 3880/5233/3694
f 3786/5437/3694 2652/5387/3694 2653/5424/3694
f 2963/5455/3694 3790/5456/3694 3791/5457/3694
f 3790/5456/3694 2963/5455/3694 2962/5458/3694
f 3791/5457/3694 2964/5459/3694 2963/5455/3694
f 2964/5459/3694 3792/5460/3694 3793/5461/3694
f 3791/5457/3694 3794/5462/3694 2964/5459/3694
f 2964/5459/3694 3795/5463/3694 3792/5460/3694
f 2962/5458/3694 2961/5464/3694 3790/5456/3694
f 3796/5465/3694 2956/5466/3694 2955/5467/3694
f 3790/5456/3694 2961/5464/3694 2960/5468/3694
f 3794/5462/3694 3795/5463/3694 2964/5459/3694
f 2965/5469/3694 3797/5470/3694 3798/5471/3694
f 2965/5469/3694 2964/5459/3694 3799/5472/3694
f 3796/5465/3694 2957/5473/3694 2956/5466/3694
f 3800/5474/3694 3790/5456/3694 2959/5475/3694
f 3793/5461/3694 3799/5472/3694 2964/5459/3694
f 3799/5472/3694 3797/5470/3694 2965/5469/3694
f 3796/5465/3694 2958/5476/3694 2957/5473/3694
f 2958/5476/3694 3796/5465/3694 3800/5474/3694
f 2965/5469/3694 3801/5477/3694 3802/5478/3694
f 3798/5471/3694 3801/5477/3694 2965/5469/3694
f 3796/5465/3694 2954/5479/3694 2953/5480/3694
f 2959/5475/3694 2958/5476/3694 3800/5474/3694
f 2965/5469/3694 3803/5481/3694 3804/5482/3694
f 2960/5468/3694 2959/5475/3694 3790/5456/3694
f 2955/5467/3694 2954/5479/3694 3796/5465/3694
f 3805/5483/3694 2967/5484/3694 2966/5485/3694
f 3805/5483/3694 2665/5486/3694 2968/5487/3694
f 2965/5469/3694 3806/5488/3694 3803/5481/3694
f 2953/5480/3694 2952/5489/3694 3796/5465/3694
f 2968/5487/3694 2967/5484/3694 3805/5483/3694
f 2665/5486/3694 2970/5490/3694 2969/5491/3694
f 2952/5489/3694 3807/5492/3694 3808/5493/3694
f 3802/5478/3694 3806/5488/3694 2965/5469/3694
f 2969/5491/3694 2968/5487/3694 2665/5486/3694
f 3808/5493/3694 3809/5494/3694 2952/5489/3694
f 2972/5495/3694 2666/5496/3694 2667/5497/3694
f 2671/5498/3694 2672/5499/3694 2894/5500/3694
f 3880/5233/3694 2659/5359/3694 3810/5501/3694
f 2659/5359/3694 3811/5502/3694 3812/5503/3694
f 2659/5359/3694 3813/5504/3694 3814/5505/3694
f 2685/5506/3694 2945/5507/3694 2944/5508/3694
f 3815/5509/3694 2946/5510/3694 2945/5507/3694
f 2665/5486/3694 3805/5483/3694 3816/5511/3694
f 2966/5485/3694 2965/5469/3694 3805/5483/3694
f 3809/5494/3694 3817/5512/3694 2952/5489/3694
f 2952/5489/3694 3815/5509/3694 3818/5513/3694
f 2667/5497/3694 2973/5514/3694 2972/5495/3694
f 2973/5514/3694 2667/5497/3694 2668/5515/3694
f 2975/5516/3694 2668/5515/3694 2669/5517/3694
f 2672/5499/3694 2895/5518/3694 2894/5500/3694
f 3812/5503/3694 3810/5501/3694 2659/5359/3694
f 2659/5359/3694 3819/5519/3694 3813/5504/3694
f 2659/5359/3694 3820/5520/3694 3821/5521/3694
f 2664/5522/3694 3822/5523/3694 3823/5524/3694
f 2945/5507/3694 2685/5506/3694 3815/5509/3694
f 3815/5509/3694 2948/5525/3694 2947/5526/3694
f 3815/5509/3694 2950/5527/3694 2949/5528/3694
f 3815/5509/3694 2952/5489/3694 2951/5529/3694
f 2665/5486/3694 3824/5530/3694 3825/5531/3694
f 3804/5482/3694 3805/5483/3694 2965/5469/3694
f 3818/5513/3694 3807/5492/3694 2952/5489/3694
f 2668/5515/3694 2974/5532/3694 2973/5514/3694
f 2669/5517/3694 2976/5533/3694 2975/5516/3694
f 2894/5500/3694 2893/5534/3694 2671/5498/3694
f 2672/5499/3694 2673/5535/3694 2898/5536/3694
f 2673/5535/3694 2902/5537/3694 2901/5538/3694
f 3814/5505/3694 3811/5502/3694 2659/5359/3694
f 2659/5359/3694 3826/5539/3694 3820/5520/3694
f 2662/5540/3694 3827/5541/3694 3828/5542/3694
f 3823/5524/3694 2663/5543/3694 2664/5522/3694
f 2685/5506/3694 2941/5544/3694 2940/5545/3694
f 2685/5506/3694 2943/5546/3694 2942/5547/3694
f 2947/5526/3694 2946/5510/3694 3815/5509/3694
f 2951/5529/3694 2950/5527/3694 3815/5509/3694
f 3825/5531/3694 3829/5548/3694 2665/5486/3694
f 3817/5512/3694 3796/5465/3694 2952/5489/3694
f 2970/5490/3694 2665/5486/3694 2666/5496/3694
f 2975/5516/3694 2974/5532/3694 2668/5515/3694
f 2672/5499/3694 2896/5549/3694 2895/5518/3694
f 2898/5536/3694 2897/5550/3694 2672/5499/3694
f 2901/5538/3694 2900/5551/3694 2673/5535/3694
f 3880/5233/3694 3830/5552/3694 3831/5553/3694
f 3821/5521/3694 3819/5519/3694 2659/5359/3694
f 3832/5554/3694 2659/5359/3694 2658/5555/3694
f 2662/5540/3694 3833/5556/3694 3827/5541/3694
f 2663/5543/3694 3834/5557/3694 3835/5558/3694
f 2664/5522/3694 3836/5559/3694 3822/5523/3694
f 3837/5560/3694 3838/5561/3694 2664/5522/3694
f 2942/5547/3694 2941/5544/3694 2685/5506/3694
f 2949/5528/3694 2948/5525/3694 3815/5509/3694
f 3816/5511/3694 3824/5530/3694 2665/5486/3694
f 2972/5495/3694 2971/5562/3694 2666/5496/3694
f 2890/5563/3694 2670/5564/3694 2671/5498/3694
f 2897/5550/3694 2896/5549/3694 2672/5499/3694
f 2900/5551/3694 2899/5565/3694 2673/5535/3694
f 2674/5566/3694 2903/5567/3694 2902/5537/3694
f 2674/5566/3694 2675/5568/3694 2907/5569/3694
f 2675/5568/3694 2909/5570/3694 2908/5571/3694
f 2911/5572/3694 2910/5573/3694 2675/5568/3694
f 2926/5574/3694 2925/5575/3694 2686/5576/3694
f 2685/5506/3694 2928/5577/3694 2927/5578/3694
f 3810/5501/3694 3830/5552/3694 3880/5233/3694
f 2659/5359/3694 3839/5579/3694 3840/5580/3694
f 2659/5359/3694 3841/5581/3694 3842/5582/3694
f 2658/5555/3694 3843/5583/3694 3832/5554/3694
f 2660/5584/3694 2661/5585/3694 3844/5586/3694
f 2661/5585/3694 3845/5587/3694 3846/5588/3694
f 2661/5585/3694 2662/5540/3694 3847/5589/3694
f 3828/5542/3694 3848/5590/3694 2662/5540/3694
f 2685/5506/3694 2939/5591/3694 2938/5592/3694
f 3823/5524/3694 3834/5557/3694 2663/5543/3694
f 2664/5522/3694 2665/5486/3694 3837/5560/3694
f 2944/5508/3694 2943/5546/3694 2685/5506/3694
f 2666/5496/3694 2971/5562/3694 2970/5490/3694
f 3880/5233/3694 3849/5593/3694 3850/5594/3694
f 2977/5595/3694 2669/5517/3694 2670/5564/3694
f 2670/5564/3694 2890/5563/3694 2979/5596/3694
f 2671/5498/3694 2892/5597/3694 2891/5598/3694
f 2899/5565/3694 2898/5536/3694 2673/5535/3694
f 2674/5566/3694 2904/5599/3694 2903/5567/3694
f 2674/5566/3694 2906/5600/3694 2905/5601/3694
f 2908/5571/3694 2907/5569/3694 2675/5568/3694
f 2675/5568/3694 2676/5602/3694 2911/5572/3694
f 2916/5603/3694 2915/5604/3694 2677/5605/3694
f 2925/5575/3694 2924/5606/3694 2683/5607/3694
f 2927/5578/3694 2926/5574/3694 2685/5506/3694
f 2685/5506/3694 2930/5608/3694 2929/5609/3694
f 3880/5233/3694 3851/5610/3694 3852/5611/3694
f 3840/5580/3694 3826/5539/3694 2659/5359/3694
f 3832/5554/3694 3841/5581/3694 2659/5359/3694
f 3844/5586/3694 3853/5612/3694 2660/5584/3694
f 3846/5588/3694 3854/5613/3694 2661/5585/3694
f 3848/5590/3694 3847/5589/3694 2662/5540/3694
f 2663/5543/3694 3855/5614/3694 3833/5556/3694
f 2938/5592/3694 2937/5615/3694 2685/5506/3694
f 3838/5561/3694 3836/5559/3694 2664/5522/3694
f 3829/5548/3694 3837/5560/3694 2665/5486/3694
f 3850/5594/3694 2685/5506/3694 3880/5233/3694
f 2670/5564/3694 2978/5616/3694 2977/5595/3694
f 2671/5498/3694 2891/5598/3694 2890/5563/3694
f 2902/5537/3694 2673/5535/3694 2674/5566/3694
f 2907/5569/3694 2906/5600/3694 2674/5566/3694
f 2676/5602/3694 2912/5617/3694 2911/5572/3694
f 2914/5618/3694 2913/5619/3694 2676/5602/3694
f 2677/5605/3694 2678/5620/3694 2916/5603/3694
f 2686/5576/3694 2685/5506/3694 2926/5574/3694
f 2685/5506/3694 2931/5621/3694 2930/5608/3694
f 2685/5506/3694 2934/5622/3694 2933/5623/3694
f 3880/5233/3694 3856/5624/3694 3857/5625/3694
f 3880/5233/3694 3858/5626/3694 3859/5627/3694
f 3880/5233/3694 3860/5628/3694 3861/5629/3694
f 3880/5233/3694 3862/5630/3694 3851/5610/3694
f 3842/5582/3694 3839/5579/3694 2659/5359/3694
f 3854/5613/3694 3844/5586/3694 2661/5585/3694
f 3833/5556/3694 2662/5540/3694 2663/5543/3694
f 2937/5615/3694 2936/5631/3694 2685/5506/3694
f 2940/5545/3694 2939/5591/3694 2685/5506/3694
f 2685/5506/3694 3863/5632/3694 3864/5633/3694
f 3850/5594/3694 3865/5634/3694 2685/5506/3694
f 3880/5233/3694 3866/5635/3694 3867/5636/3694
f 2979/5596/3694 2978/5616/3694 2670/5564/3694
f 2905/5601/3694 2904/5599/3694 2674/5566/3694
f 2676/5602/3694 2913/5619/3694 2912/5617/3694
f 2915/5604/3694 2914/5618/3694 2677/5605/3694
f 2918/5637/3694 2917/5638/3694 2678/5620/3694
f 2923/5639/3694 2922/5640/3694 2681/5641/3694
f 2924/5606/3694 2923/5639/3694 2682/5642/3694
f 2929/5609/3694 2928/5577/3694 2685/5506/3694
f 2933/5623/3694 2932/5643/3694 2685/5506/3694
f 3880/5233/3694 3868/5644/3694 3856/5624/3694
f 3880/5233/3694 3869/5645/3694 3858/5626/3694
f 3880/5233/3694 3870/5646/3694 3860/5628/3694
f 3831/5553/3694 3862/5630/3694 3880/5233/3694
f 3847/5589/3694 3845/5587/3694 2661/5585/3694
f 3835/5558/3694 3855/5614/3694 2663/5543/3694
f 3865/5634/3694 3863/5632/3694 2685/5506/3694
f 3867/5636/3694 3871/5647/3694 3880/5233/3694
f 2893/5534/3694 2892/5597/3694 2671/5498/3694
f 2676/5602/3694 2677/5605/3694 2914/5618/3694
f 2678/5620/3694 2679/5648/3694 2918/5637/3694
f 2920/5649/3694 2919/5650/3694 2679/5648/3694
f 2921/5651/3694 2920/5649/3694 2680/5652/3694
f 2682/5642/3694 2683/5607/3694 2924/5606/3694
f 2932/5643/3694 2931/5621/3694 2685/5506/3694
f 3880/5233/3694 3872/5653/3694 3868/5644/3694
f 3880/5233/3694 3873/5654/3694 3869/5645/3694
f 3880/5233/3694 3874/5655/3694 3875/5656/3694
f 3852/5611/3694 3870/5646/3694 3880/5233/3694
f 3876/5657/3694 2658/5555/3694 2660/5584/3694
f 2936/5631/3694 2935/5658/3694 2685/5506/3694
f 3871/5647/3694 3849/5593/3694 3880/5233/3694
f 2910/5573/3694 2909/5570/3694 2675/5568/3694
f 2679/5648/3694 2919/5650/3694 2918/5637/3694
f 2680/5652/3694 2681/5641/3694 2921/5651/3694
f 2683/5607/3694 2686/5576/3694 2925/5575/3694
f 3859/5627/3694 3872/5653/3694 3880/5233/3694
f 3861/5629/3694 3874/5655/3694 3880/5233/3694
f 2658/5555/3694 3876/5657/3694 3877/5659/3694
f 2660/5584/3694 3878/5660/3694 3879/5661/3694
f 3864/5633/3694 3815/5509/3694 2685/5506/3694
f 2917/5638/3694 2916/5603/3694 2678/5620/3694
f 2681/5641/3694 2922/5640/3694 2921/5651/3694
f 2685/5506/3694 2935/5658/3694 2934/5622/3694
f 3875/5656/3694 3873/5654/3694 3880/5233/3694
f 2660/5584/3694 3879/5661/3694 3876/5657/3694
f 2977/5595/3694 2976/5533/3694 2669/5517/3694
f 2681/5641/3694 2682/5642/3694 2923/5639/3694
f 3877/5659/3694 3843/5583/3694 2658/5555/3694
f 2679/5648/3694 2680/5652/3694 2920/5649/3694
f 3853/5612/3694 3878/5660/3694 2660/5584/3694
f 2619/5236/3694 3226/5662/3694 3225/5663/3694
f 2619/5236/3694 3227/5664/3694 3226/5662/3694
f 3880/5233/3694 3229/5665/3694 3228/5666/3694
f 3880/5233/3694 3231/5667/3694 3230/5668/3694
f 2619/5236/3694 3228/5666/3694 3227/5664/3694
f 3230/5668/3694 3229/5665/3694 3880/5233/3694
f 2619/5236/3694 3224/5669/3694 3223/5670/3694
f 3228/5666/3694 2619/5236/3694 3880/5233/3694
f 3880/5233/3694 3233/5671/3694 3232/5672/3694
f 3225/5663/3694 3224/5669/3694 2619/5236/3694
f 3880/5233/3694 3234/5673/3694 3233/5671/3694
f 3880/5233/3694 3242/5674/3694 3241/5675/3694
f 3880/5233/3694 3248/5676/3694 3247/5677/3694
f 2685/5506/3694 3166/5678/3694 3165/5679/3694
f 2685/5506/3694 3168/5680/3694 3167/5681/3694
f 3169/5682/3694 2685/5506/3694 2684/5683/3694
f 3171/5684/3694 2687/5685/3694 2688/5686/3694
f 3172/5687/3694 2688/5686/3694 2689/5688/3694
f 3220/5689/3694 3219/5690/3694 2617/5691/3694
f 3232/5672/3694 3231/5667/3694 3880/5233/3694
f 3880/5233/3694 3237/5692/3694 3236/5693/3694
f 3880/5233/3694 3243/5694/3694 3242/5674/3694
f 3880/5233/3694 3245/5695/3694 3244/5696/3694
f 3247/5677/3694 3246/5697/3694 3880/5233/3694
f 2685/5506/3694 3249/5698/3694 3248/5676/3694
f 3167/5681/3694 3166/5678/3694 2685/5506/3694
f 2684/5683/3694 3170/5699/3694 3169/5682/3694
f 2689/5688/3694 3173/5700/3694 3172/5687/3694
f 3177/5701/3694 2691/5702/3694 2692/5703/3694
f 3219/5690/3694 3218/5704/3694 2616/5705/3694
f 2617/5691/3694 2618/5706/3694 3220/5689/3694
f 3221/5707/3694 3220/5689/3694 2709/5708/3694
f 3880/5233/3694 3235/5709/3694 3234/5673/3694
f 3880/5233/3694 3238/5710/3694 3237/5692/3694
f 3244/5696/3694 3243/5694/3694 3880/5233/3694
f 3248/5676/3694 3880/5233/3694 2685/5506/3694
f 2685/5506/3694 3161/5711/3694 3160/5712/3694
f 2685/5506/3694 3164/5713/3694 3163/5714/3694
f 3169/5682/3694 3168/5680/3694 2685/5506/3694
f 3170/5699/3694 2684/5683/3694 2687/5685/3694
f 2689/5688/3694 3174/5715/3694 3173/5700/3694
f 3174/5715/3694 2689/5688/3694 2690/5716/3694
f 3175/5717/3694 2690/5716/3694 2691/5702/3694
f 2692/5703/3694 3179/5718/3694 3178/5719/3694
f 3215/5720/3694 3214/5721/3694 2704/5722/3694
f 3217/5723/3694 3216/5724/3694 2706/5725/3694
f 3218/5704/3694 3217/5723/3694 2707/5726/3694
f 2618/5706/3694 2709/5708/3694 3220/5689/3694
f 2619/5236/3694 3222/5727/3694 3221/5707/3694
f 3236/5693/3694 3235/5709/3694 3880/5233/3694
f 3880/5233/3694 3240/5728/3694 3239/5729/3694
f 3246/5697/3694 3245/5695/3694 3880/5233/3694
f 2685/5506/3694 3162/5730/3694 3161/5711/3694
f 3165/5679/3694 3164/5713/3694 2685/5506/3694
f 2688/5686/3694 3172/5687/3694 3171/5684/3694
f 2691/5702/3694 3176/5731/3694 3175/5717/3694
f 2692/5703/3694 3178/5719/3694 3177/5701/3694
f 2704/5722/3694 2705/5732/3694 3215/5720/3694
f 3216/5724/3694 3215/5720/3694 2705/5732/3694
f 2707/5726/3694 2616/5705/3694 3218/5704/3694
f 2709/5708/3694 2619/5236/3694 3221/5707/3694
f 3239/5729/3694 3238/5710/3694 3880/5233/3694
f 3160/5712/3694 3249/5698/3694 2685/5506/3694
f 2687/5685/3694 3171/5684/3694 3170/5699/3694
f 3177/5701/3694 3176/5731/3694 2691/5702/3694
f 3179/5718/3694 2692/5703/3694 2693/5733/3694
f 3210/5734/3694 3209/5735/3694 2701/5736/3694
f 3212/5737/3694 3211/5738/3694 2702/5739/3694
f 3213/5740/3694 3212/5737/3694 2703/5741/3694
f 2705/5732/3694 2706/5725/3694 3216/5724/3694
f 2616/5705/3694 2617/5691/3694 3219/5690/3694
f 3241/5675/3694 3240/5728/3694 3880/5233/3694
f 2690/5716/3694 3175/5717/3694 3174/5715/3694
f 2693/5733/3694 3181/5742/3694 3180/5743/3694
f 3181/5742/3694 2693/5733/3694 2694/5744/3694
f 3184/5745/3694 2694/5744/3694 2695/5746/3694
f 2702/5739/3694 3211/5738/3694 3210/5734/3694
f 2703/5741/3694 2704/5722/3694 3213/5740/3694
f 2706/5725/3694 2707/5726/3694 3217/5723/3694
f 3163/5714/3694 3162/5730/3694 2685/5506/3694
f 2694/5744/3694 3182/5747/3694 3181/5742/3694
f 2695/5746/3694 3186/5748/3694 3185/5749/3694
f 2697/5750/3694 3197/5751/3694 3196/5752/3694
f 2698/5753/3694 3198/5754/3694 3197/5751/3694
f 2702/5739/3694 2703/5741/3694 3212/5737/3694
f 3223/5670/3694 3222/5727/3694 2619/5236/3694
f 2694/5744/3694 3183/5755/3694 3182/5747/3694
f 2695/5746/3694 3185/5749/3694 3184/5745/3694
f 2696/5756/3694 2697/5750/3694 3193/5757/3694
f 3197/5751/3694 2697/5750/3694 2698/5753/3694
f 2699/5758/3694 3202/5759/3694 3201/5760/3694
f 3205/5761/3694 3204/5762/3694 2699/5758/3694
f 3208/5763/3694 3207/5764/3694 2700/5765/3694
f 3214/5721/3694 3213/5740/3694 2704/5722/3694
f 3184/5745/3694 3183/5755/3694 2694/5744/3694
f 2695/5746/3694 3188/5766/3694 3187/5767/3694
f 2696/5756/3694 3189/5768/3694 3188/5766/3694
f 2696/5756/3694 3191/5769/3694 3190/5770/3694
f 2697/5750/3694 3194/5771/3694 3193/5757/3694
f 2698/5753/3694 3199/5772/3694 3198/5754/3694
f 2698/5753/3694 3201/5760/3694 3200/5773/3694
f 2699/5758/3694 3203/5774/3694 3202/5759/3694
f 2699/5758/3694 2700/5765/3694 3205/5761/3694
f 2700/5765/3694 3207/5764/3694 3206/5775/3694
f 2701/5736/3694 3209/5735/3694 3208/5763/3694
f 2693/5733/3694 3180/5743/3694 3179/5718/3694
f 3188/5766/3694 2695/5746/3694 2696/5756/3694
f 2696/5756/3694 3192/5776/3694 3191/5769/3694
f 2697/5750/3694 3195/5777/3694 3194/5771/3694
f 3200/5773/3694 3199/5772/3694 2698/5753/3694
f 3204/5762/3694 3203/5774/3694 2699/5758/3694
f 2700/5765/3694 2701/5736/3694 3208/5763/3694
f 3187/5767/3694 3186/5748/3694 2695/5746/3694
f 3193/5757/3694 3192/5776/3694 2696/5756/3694
f 3201/5760/3694 2698/5753/3694 2699/5758/3694
f 2701/5736/3694 2702/5739/3694 3210/5734/3694
f 3196/5752/3694 3195/5777/3694 2697/5750/3694
f 3190/5770/3694 3189/5768/3694 2696/5756/3694
f 3206/5775/3694 3205/5761/3694 2700/5765/3694
f 3857/5625/3694 3866/5635/3694 3880/5233/3694
f 3746/5376/3694 3745/5454/3694 3880/5233/3694
f 2625/5338/3694 3476/5343/3694 3475/5337/3694
f 3828/5778/3695 3881/5779/3695 3882/5780/3696
f 3848/5781/3696 3882/5780/3696 3883/5782/3697
f 3847/5783/3697 3883/5782/3697 3884/5784/3698
f 3845/5785/3698 3884/5784/3698 3885/5786/3699
f 3846/5787/3699 3885/5786/3699 3886/5788/3700
f 3854/5789/3700 3886/5788/3700 3887/5790/3701
f 3844/5791/3701 3887/5790/3701 3888/5792/3702
f 3853/5793/3702 3888/5792/3702 3889/5794/3703
f 3878/5795/3703 3889/5794/3703 3890/5796/3704
f 3879/5797/3704 3890/5796/3704 3891/5798/3705
f 3876/5799/3705 3891/5798/3705 3892/5800/3706
f 3877/5801/3706 3892/5800/3706 3893/5802/3707
f 3843/5803/3707 3893/5802/3707 3894/5804/3708
f 3832/5805/3708 3894/5804/3708 3895/5806/3709
f 3841/5807/3709 3895/5806/3709 3896/5808/3710
f 3842/5809/3710 3896/5808/3710 3897/5810/3711
f 3839/5811/3711 3897/5810/3711 3898/5812/3712
f 3840/5813/3712 3898/5812/3712 3899/5814/3713
f 3826/5815/3713 3899/5814/3713 3900/5816/3714
f 3820/5817/3714 3900/5816/3714 3901/5818/3715
f 3821/5819/3715 3901/5818/3715 3902/5820/3716
f 3819/5821/3716 3902/5820/3716 3903/5822/3717
f 3813/5823/3717 3903/5822/3717 3904/5824/3718
f 3814/5825/3718 3904/5824/3718 3905/5826/3719
f 3811/5827/3719 3905/5826/3719 3906/5828/3720
f 3812/5829/3720 3906/5828/3720 3907/5830/3721
f 3810/5831/3721 3907/5830/3721 3908/5832/3722
f 3830/5833/3722 3908/5832/3722 3909/5834/3723
f 3831/5835/3723 3909/5834/3723 3910/5836/3724
f 3862/5837/3724 3910/5836/3724 3911/5838/3725
f 3851/5839/3725 3911/5838/3725 3912/5840/3726
f 3852/5841/3726 3912/5840/3726 3913/5842/3727
f 3870/5843/3727 3913/5842/3727 3914/5844/3728
f 3860/5845/3728 3914/5844/3728 3915/5846/3729
f 3861/5847/3729 3915/5846/3729 3916/5848/3730
f 3874/5849/3730 3916/5848/3730 3917/5850/3731
f 3875/5851/3731 3917/5850/3731 3918/5852/3732
f 3873/5853/3732 3918/5852/3732 3919/5854/3733
f 3869/5855/3733 3919/5854/3733 3920/5856/3734
f 3858/5857/3734 3920/5856/3734 3921/5858/3735
f 3859/5859/3735 3921/5858/3735 3922/5860/3736
f 3872/5861/3736 3922/5860/3736 3923/5862/3737
f 3868/5863/3737 3923/5862/3737 3924/5864/3738
f 3856/5865/3738 3924/5864/3738 3925/5866/3739
f 3857/5867/3739 3925/5866/3739 3926/5868/3740
f 3866/5869/3740 3926/5868/3740 3927/5870/3741
f 3867/5871/3741 3927/5870/3741 3928/5872/3742
f 3871/5873/3742 3928/5872/3742 3929/5874/3743
f 3849/5875/3743 3929/5874/3743 3930/5876/3744
f 3850/5877/3744 3930/5876/3744 3931/5878/3745
f 3865/5879/3745 3931/5878/3745 3932/5880/3746
f 3863/5881/3746 3932/5880/3746 3933/5882/3747
f 3864/5883/3747 3933/5882/3747 3934/5884/3748
f 3815/5885/3748 3934/5884/3748 3935/5886/3749
f 3818/5887/3749 3935/5886/3749 3936/5888/3750
f 3807/5889/3750 3936/5888/3750 3937/5890/3751
f 3808/5891/3751 3937/5890/3751 3938/5892/3752
f 3809/5893/3752 3938/5892/3752 3939/5894/3753
f 3817/5895/3753 3939/5894/3753 3940/5896/3754
f 3796/5897/3754 3940/5896/3754 3941/5898/3755
f 3800/5899/3755 3941/5898/3755 3942/5900/3756
f 3790/5901/3756 3942/5900/3756 3943/5902/3757
f 3791/5903/3757 3943/5902/3757 3944/5904/3758
f 3794/5905/3758 3944/5904/3758 3945/5906/3759
f 3795/5907/3759 3945/5906/3759 3946/5908/3760
f 3792/5909/3760 3946/5908/3760 3947/5910/3761
f 3793/5911/3761 3947/5910/3761 3948/5912/3762
f 3799/5913/3762 3948/5912/3762 3949/5914/3763
f 3797/5915/3763 3949/5914/3763 3950/5916/3764
f 3798/5917/3764 3950/5916/3764 3951/5918/3765
f 3801/5919/3765 3951/5918/3765 3952/5920/3766
f 3802/5921/3766 3952/5920/3766 3953/5922/3767
f 3806/5923/3767 3953/5922/3767 3954/5924/3768
f 3803/5925/3768 3954/5924/3768 3955/5926/3769
f 3804/5927/3769 3955/5926/3769 3956/5928/3770
f 3805/5929/3770 3956/5928/3770 3957/5930/3771
f 3816/5931/3771 3957/5930/3771 3958/5932/3772
f 3824/5933/3772 3958/5932/3772 3959/5934/3773
f 3825/5935/3773 3959/5934/3773 3960/5936/3774
f 3829/5937/3774 3960/5936/3774 3961/5938/3775
f 3837/5939/3775 3961/5938/3775 3962/5940/3776
f 3838/5941/3776 3962/5940/3776 3963/5942/3777
f 3836/5943/3777 3963/5942/3777 3964/5944/3778
f 3822/5945/3778 3964/5944/3778 3965/5946/3779
f 3823/5947/3779 3965/5946/3779 3966/5948/3780
f 3834/5949/3780 3966/5948/3780 3967/5950/3781
f 3835/5951/3781 3967/5950/3781 3968/5952/3782
f 3855/5953/3782 3968/5952/3782 3969/5954/3783
f 3833/5955/3783 3969/5954/3783 3970/5956/3784
f 3827/5957/3784 3970/5956/3784 3881/5779/3695
f 3881/5779/3695 3828/5778/3695 3827/5957/3784
f 3970/5956/3784 3827/5957/3784 3833/5955/3783
f 3969/5954/3783 3833/5955/3783 3855/5953/3782
f 3968/5952/3782 3855/5953/3782 3835/5951/3781
f 3967/5950/3781 3835/5951/3781 3834/5949/3780
f 3966/5948/3780 3834/5949/3780 3823/5947/3779
f 3965/5946/3779 3823/5947/3779 3822/5945/3778
f 3964/5944/3778 3822/5945/3778 3836/5943/3777
f 3963/5942/3777 3836/5943/3777 3838/5941/3776
f 3962/5940/3776 3838/5941/3776 3837/5939/3775
f 3961/5938/3775 3837/5939/3775 3829/5937/3774
f 3960/5936/3774 3829/5937/3774 3825/5935/3773
f 3959/5934/3773 3825/5935/3773 3824/5933/3772
f 3958/5932/3772 3824/5933/3772 3816/5931/3771
f 3957/5930/3771 3816/5931/3771 3805/5929/3770
f 3956/5928/3770 3805/5929/3770 3804/5927/3769
f 3955/5926/3769 3804/5927/3769 3803/5925/3768
f 3954/5924/3768 3803/5925/3768 3806/5923/3767
f 3953/5922/3767 3806/5923/3767 3802/5921/3766
f 3952/5920/3766 3802/5921/3766 3801/5919/3765
f 3951/5918/3765 3801/5919/3765 3798/5917/3764
f 3950/5916/3764 3798/5917/3764 3797/5915/3763
f 3949/5914/3763 3797/5915/3763 3799/5913/3762
f 3948/5912/3762 3799/5913/3762 3793/5911/3761
f 3947/5910/3761 3793/5911/3761 3792/5909/3760
f 3946/5908/3760 3792/5909/3760 3795/5907/3759
f 3945/5906/3759 3795/5907/3759 3794/5905/3758
f 3944/5904/3758 3794/5905/3758 3791/5903/3757
f 3943/5902/3757 3791/5903/3757 3790/5901/3756
f 3942/5900/3756 3790/5901/3756 3800/5899/3755
f 3941/5898/3755 3800/5899/3755 3796/5897/3754
f 3940/5896/3754 3796/5897/3754 3817/5895/3753
f 3939/5894/3753 3817/5895/3753 3809/5893/3752
f 3938/5892/3752 3809/5893/3752 3808/5891/3751
f 3937/5890/3751 3808/5891/3751 3807/5889/3750
f 3936/5888/3750 3807/5889/3750 3818/5887/3749
f 3935/5886/3749 3818/5887/3749 3815/5885/3748
f 3934/5884/3748 3815/5885/3748 3864/5883/3747
f 3933/5882/3747 3864/5883/3747 3863/5881/3746
f 3932/5880/3746 3863/5881/3746 3865/5879/3745
f 3931/5878/3745 3865/5879/3745 3850/5877/3744
f 3930/5876/3744 3850/5877/3744 3849/5875/3743
f 3929/5874/3743 3849/5875/3743 3871/5873/3742
f 3928/5872/3742 3871/5873/3742 3867/5871/3741
f 3927/5870/3741 3867/5871/3741 3866/5869/3740
f 3926/5868/3740 3866/5869/3740 3857/5867/3739
f 3925/5866/3739 3857/5867/3739 3856/5865/3738
f 3924/5864/3738 3856/5865/3738 3868/5863/3737
f 3923/5862/3737 3868/5863/3737 3872/5861/3736
f 3922/5860/3736 3872/5861/3736 3859/5859/3735
f 3921/5858/3735 3859/5859/3735 3858/5857/3734
f 3920/5856/3734 3858/5857/3734 3869/5855/3733
f 3919/5854/3733 3869/5855/3733 3873/5853/3732
f 3918/5852/3732 3873/5853/3732 3875/5851/3731
f 3917/5850/3731 3875/5851/3731 3874/5849/3730
f 3916/5848/3730 3874/5849/3730 3861/5847/3729
f 3915/5846/3729 3861/5847/3729 3860/5845/3728
f 3914/5844/3728 3860/5845/3728 3870/5843/3727
f 3913/5842/3727 3870/5843/3727 3852/5841/3726
f 3912/5840/3726 3852/5841/3726 3851/5839/3725
f 3911/5838/3725 3851/5839/3725 3862/5837/3724
f 3910/5836/3724 3862/5837/3724 3831/5835/3723
f 3909/5834/3723 3831/5835/3723 3830/5833/3722
f 3908/5832/3722 3830/5833/3722 3810/5831/3721
f 3907/5830/3721 3810/5831/3721 3812/5829/3720
f 3906/5828/3720 3812/5829/3720 3811/5827/3719
f 3905/5826/3719 3811/5827/3719 3814/5825/3718
f 3904/5824/3718 3814/5825/3718 3813/5823/3717
f 3903/5822/3717 3813/5823/3717 3819/5821/3716
f 3902/5820/3716 3819/5821/3716 3821/5819/3715
f 3901/5818/3715 3821/5819/3715 3820/5817/3714
f 3900/5816/3714 3820/5817/3714 3826/5815/3713
f 3899/5814/3713 3826/5815/3713 3840/5813/3712
f 3898/5812/3712 3840/5813/3712 3839/5811/3711
f 3897/5810/3711 3839/5811/3711 3842/5809/3710
f 3896/5808/3710 3842/5809/3710 3841/5807/3709
f 3895/5806/3709 3841/5807/3709 3832/5805/3708
f 3894/5804/3708 3832/5805/3708 3843/5803/3707
f 3893/5802/3707 3843/5803/3707 3877/5801/3706
f 3892/5800/3706 3877/5801/3706 3876/5799/3705
f 3891/5798/3705 3876/5799/3705 3879/5797/3704
f 3890/5796/3704 3879/5797/3704 3878/5795/3703
f 3889/5794/3703 3878/5795/3703 3853/5793/3702
f 3888/5792/3702 3853/5793/3702 3844/5791/3701
f 3887/5790/3701 3844/5791/3701 3854/5789/3700
f 3886/5788/3700 3854/5789/3700 3846/5787/3699
f 3885/5786/3699 3846/5787/3699 3845/5785/3698
f 3884/5784/3698 3845/5785/3698 3847/5783/3697
f 3883/5782/3697 3847/5783/3697 3848/5781/3696
f 3882/5780/3696 3848/5781/3696 3828/5778/3695
f 3971/5958/3785 3925/5959/3785 3924/5960/3785
f 3924/5960/3785 3923/5961/3785 3971/5958/3785
f 3923/5961/3785 3922/5962/3785 3971/5958/3785
f 3922/5962/3785 3921/5963/3785 3971/5958/3785
f 3921/5963/3785 3920/5964/3785 3971/5958/3785
f 3920/5964/3785 3919/5965/3785 3971/5958/3785
f 3919/5965/3785 3918/5966/3785 3971/5958/3785
f 3918/5966/3785 3917/5967/3785 3971/5958/3785
f 3917/5967/3785 3916/5968/3785 3971/5958/3785
f 3916/5968/3785 3915/5969/3785 3971/5958/3785
f 3915/5969/3785 3914/5970/3785 3971/5958/3785
f 3914/5970/3785 3913/5971/3785 3971/5958/3785
f 3913/5971/3785 3912/5972/3785 3971/5958/3785
f 3912/5972/3785 3911/5973/3785 3971/5958/3785
f 3911/5973/3785 3910/5974/3785 3971/5958/3785
f 3910/5974/3785 3909/5975/3785 3971/5958/3785
f 3909/5975/3785 3908/5976/3785 3971/5958/3785
f 3908/5976/3785 3907/5977/3785 3971/5958/3785
f 3907/5977/3785 3906/5978/3785 3971/5958/3785
f 3906/5978/3785 3905/5979/3785 3971/5958/3785
f 3905/5979/3785 3904/5980/3785 3971/5958/3785
f 3904/5980/3785 3903/5981/3785 3971/5958/3785
f 3903/5981/3785 3902/5982/3785 3971/5958/3785
f 3902/5982/3785 3901/5983/3785 3971/5958/3785
f 3901/5983/3785 3900/5984/3785 3971/5958/3785
f 3900/5984/3785 3899/5985/3785 3971/5958/3785
f 3899/5985/3785 3898/5986/3785 3971/5958/3785
f 3898/5986/3785 3897/5987/3785 3971/5958/3785
f 3897/5987/3785 3896/5988/3785 3971/5958/3785
f 3896/5988/3785 3895/5989/3785 3971/5958/3785
f 3895/5989/3785 3894/5990/3785 3971/5958/3785
f 3894/5990/3785 3893/5991/3785 3971/5958/3785
f 3893/5991/3785 3892/5992/3785 3971/5958/3785
f 3892/5992/3785 3891/5993/3785 3971/5958/3785
f 3891/5993/3785 3890/5994/3785 3971/5958/3785
f 3890/5994/3785 3889/5995/3785 3971/5958/3785
f 3889/5995/3785 3888/5996/3785 3971/5958/3785
f 3888/5996/3785 3887/5997/3785 3971/5958/3785
f 3887/5997/3785 3886/5998/3785 3971/5958/3785
f 3886/5998/3785 3885/5999/3785 3971/5958/3785
f 3885/5999/3785 3884/6000/3785 3971/5958/3785
f 3884/6000/3785 3883/6001/3785 3971/5958/3785
f 3883/6001/3785 3882/6002/3785 3971/5958/3785
f 3882/6002/3785 3881/6003/3785 3971/5958/3785
f 3881/6003/3785 3970/6004/3785 3971/5958/3785
f 3970/6004/3785 3969/6005/3785 3971/5958/3785
f 3969/6005/3785 3968/6006/3785 3971/5958/3785
f 3968/6006/3785 3967/6007/3785 3971/5958/3785
f 3967/6007/3785 3966/6008/3785 3971/5958/3785
f 3966/6008/3785 3965/6009/3785 3971/5958/3785
f 3965/6009/3785 3964/6010/3785 3971/5958/3785
f 3964/6010/3785 3963/6011/3785 3971/5958/3785
f 3963/6011/3785 3962/6012/3785 3971/5958/3785
f 3962/6012/3785 3961/6013/3785 3971/5958/3785
f 3961/6013/3785 3960/6014/3785 3971/5958/3785
f 3960/6014/3785 3959/6015/3785 3971/5958/3785
f 3959/6015/3785 3958/6016/3785 3971/5958/3785
f 3958/6016/3785 3957/6017/3785 3971/5958/3785
f 3957/6017/3785 3956/6018/3785 3971/5958/3785
f 3956/6018/3785 3955/6019/3785 3971/5958/3785
f 3955/6019/3785 3954/6020/3785 3971/5958/3785
f 3954/6020/3785 3953/6021/3785 3971/5958/3785
f 3953/6021/3785 3952/6022/3785 3971/5958/3785
f 3952/6022/3785 3951/6023/3785 3971/5958/3785
f 3951/6023/3785 3950/6024/3785 3971/5958/3785
f 3950/6024/3785 3949/6025/3785 3971/5958/3785
f 3949/6025/3785 3948/6026/3785 3971/5958/3785
f 3948/6026/3785 3947/6027/3785 3971/5958/3785
f 3947/6027/3785 3946/6028/3785 3971/5958/3785
f 3946/6028/3785 3945/6029/3785 3971/5958/3785
f 3945/6029/3785 3944/6030/3785 3971/5958/3785
f 3944/6030/3785 3943/6031/3785 3971/5958/3785
f 3943/6031/3785 3942/6032/3785 3971/5958/3785
f 3942/6032/3785 3941/6033/3785 3971/5958/3785
f 3941/6033/3785 3940/6034/3785 3971/5958/3785
f 3940/6034/3785 3939/6035/3785 3971/5958/3785
f 3939/6035/3785 3938/6036/3785 3971/5958/3785
f 3938/6036/3785 3937/6037/3785 3971/5958/3785
f 3937/6037/3785 3936/6038/3785 3971/5958/3785
f 3936/6038/3785 3935/6039/3785 3971/5958/3785
f 3935/6039/3785 3934/6040/3785 3971/5958/3785
f 3934/6040/3785 3933/6041/3785 3971/5958/3785
f 3933/6041/3785 3932/6042/3785 3971/5958/3785
f 3932/6042/3785 3931/6043/3785 3971/5958/3785
f 3931/6043/3785 3930/6044/3785 3971/5958/3785
f 3930/6044/3785 3929/6045/3785 3971/5958/3785
f 3929/6045/3785 3928/6046/3785 3971/5958/3785
f 3928/6046/3785 3927/6047/3785 3971/5958/3785
f 3927/6047/3785 3926/6048/3785 3971/5958/3785
f 3926/6048/3785 3925/5959/3785 3971/5958/3785
g Body_11
v -0.0283436 0.0237831 0.006 0.627451 0.627451 0.643137
v -0.0245134 0.0205692 0.006 0.627451 0.627451 0.643137
v -0.0230189 0.0222291 0.006 0.627451 0.627451 0.643137
v -0.0299336 0.0217481 0.006 0.627451 0.627451 0.643137
v -0.0258885 0.0188091 0.006 0.627451 0.627451 0.643137
v -0.0266156 0.0257024 0.006 0.627451 0.627451 0.643137
v -0.0214122 0.0237806 0.006 0.627451 0.627451 0.643137
v -0.0338012 0.0150493 0.006 0.627451 0.627451 0.643137
v -0.0347686 0.0126547 0.006 0.627451 0.627451 0.643137
v -0.0300702 0.0109446 0.006 0.627451 0.627451 0.643137
v -0.0355667 0.0101986 0.006 0.627451 0.627451 0.643137
v -0.0307604 0.0088204 0.006 0.627451 0.627451 0.643137
v 0.0355667 0.0101986 0.006 0.627451 0.627451 0.643137
v 0.0307604 0.0088204 0.006 0.627451 0.627451 0.643137
v 0.0313007 0.00665317 0.006 0.627451 0.627451 0.643137
v 0.0347686 0.0126547 0.006 0.627451 0.627451 0.643137
v 0.0300702 0.0109446 0.006 0.627451 0.627451 0.643137
v 0.0338012 0.0150493 0.006 0.627451 0.627451 0.643137
v 0.0292335 0.0130156 0.006 0.627451 0.627451 0.643137
v 0.0326691 0.0173704 0.006 0.627451 0.627451 0.643137
v 0.0282543 0.0150231 0.006 0.627451 0.627451 0.643137
v 0.0313778 0.019607 0.006 0.627451 0.627451 0.643137
v 0.0271375 0.0169574 0.006 0.627451 0.627451 0.643137
v 0.0299336 0.0217481 0.006 0.627451 0.627451 0.643137
v 0.0258885 0.0188091 0.006 0.627451 0.627451 0.643137
v -0.0227795 0.0291564 0.006 0.627451 0.627451 0.643137
v -0.0247578 0.0274964 0.006 0.627451 0.627451 0.643137
v -0.0313778 0.019607 0.006 0.627451 0.627451 0.643137
v -0.0271375 0.0169574 0.006 0.627451 0.627451 0.643137
v -0.0326691 0.0173704 0.006 0.627451 0.627451 0.643137
v -0.0282543 0.0150231 0.006 0.627451 0.627451 0.643137
v -0.0292335 0.0130156 0.006 0.627451 0.627451 0.643137
v -0.0361915 0.00769273 0.006 0.627451 0.627451 0.643137
v -0.0313007 0.00665317 0.006 0.627451 0.627451 0.643137
v -0.0366399 0.0051494 0.006 0.627451 0.627451 0.643137
v -0.0316886 0.00445354 0.006 0.627451 0.627451 0.643137
v 0.0361915 0.00769273 0.006 0.627451 0.627451 0.643137
v 0.0316886 0.00445354 0.006 0.627451 0.627451 0.643137
v 0.0266156 0.0257024 0.006 0.627451 0.627451 0.643137
v 0.0230189 0.0222291 0.006 0.627451 0.627451 0.643137
v 0.0245134 0.0205692 0.006 0.627451 0.627451 0.643137
v 0.0247578 0.0274964 0.006 0.627451 0.627451 0.643137
v 0.0214122 0.0237806 0.006 0.627451 0.627451 0.643137
v 0.0283436 0.0237831 0.006 0.627451 0.627451 0.643137
v -0.0369099 0.00258099 0.006 0.627451 0.627451 0.643137
v -0.031922 0.00223221 0.006 0.627451 0.627451 0.643137
v -0.037 -2.4077e-18 0.006 0.627451 0.627451 0.643137
v -0.032 9.67471e-18 0.006 0.627451 0.627451 0.643137
v -0.0326691 -0.0173704 0.006 0.627451 0.627451 0.643137
v -0.0313778 -0.019607 0.006 0.627451 0.627451 0.643137
v -0.0271375 -0.0169574 0.006 0.627451 0.627451 0.643137
v -0.0299336 -0.0217481 0.006 0.627451 0.627451 0.643137
v -0.0258885 -0.0188091 0.006 0.627451 0.627451 0.643137
v -0.0283436 -0.0237831 0.006 0.627451 0.627451 0.643137
v -0.0245134 -0.0205692 0.006 0.627451 0.627451 0.643137
v -0.0266156 -0.0257024 0.006 0.627451 0.627451 0.643137
v -0.0230189 -0.0222291 0.006 0.627451 0.627451 0.643137
v 0.0206901 0.0306744 0.006 0.627451 0.627451 0.643137
v 0.0178942 0.0265292 0.006 0.627451 0.627451 0.643137
v 0.0197012 0.0252163 0.006 0.627451 0.627451 0.643137
v 0.0185 0.0320429 0.006 0.627451 0.627451 0.643137
v 0.016 0.0277128 0.006 0.627451 0.627451 0.643137
v 0.0162197 0.0332554 0.006 0.627451 0.627451 0.643137
v 0.0140279 0.0287614 0.006 0.627451 0.627451 0.643137
v 0.0138604 0.0343058 0.006 0.627451 0.627451 0.643137
v 0.0119874 0.0296699 0.006 0.627451 0.627451 0.643137
v -0.0369099 -0.00258099 0.006 0.627451 0.627451 0.643137
v -0.031922 -0.00223221 0.006 0.627451 0.627451 0.643137
v -0.0366399 -0.0051494 0.006 0.627451 0.627451 0.643137
v -0.0316886 -0.00445354 0.006 0.627451 0.627451 0.643137
v -0.0361915 -0.00769273 0.006 0.627451 0.627451 0.643137
v -0.0313007 -0.00665317 0.006 0.627451 0.627451 0.643137
v -0.0355667 -0.0101986 0.006 0.627451 0.627451 0.643137
v -0.0307604 -0.0088204 0.006 0.627451 0.627451 0.643137
v 0.0227795 0.0291564 0.006 0.627451 0.627451 0.643137
v 0.0114336 0.0351891 0.006 0.627451 0.627451 0.643137
v 0.00988854 0.0304338 0.006 0.627451 0.627451 0.643137
v 0.00895111 0.0359009 0.006 0.627451 0.627451 0.643137
v 0.0077415 0.0310495 0.006 0.627451 0.627451 0.643137
v 0.00642498 0.0364379 0.006 0.627451 0.627451 0.643137
v 0.00555674 0.0315138 0.006 0.627451 0.627451 0.643137
v 0.00386755 0.0367973 0.006 0.627451 0.627451 0.643137
v 0.00334491 0.0318247 0.006 0.627451 0.627451 0.643137
v -0.0347686 -0.0126547 0.006 0.627451 0.627451 0.643137
v -0.0300702 -0.0109446 0.006 0.627451 0.627451 0.643137
v -0.0338012 -0.0150493 0.006 0.627451 0.627451 0.643137
v -0.0292335 -0.0130156 0.006 0.627451 0.627451 0.643137
v -0.0282543 -0.0150231 0.006 0.627451 0.627451 0.643137
v -0.0247578 -0.0274964 0.006 0.627451 0.627451 0.643137
v -0.0214122 -0.0237806 0.006 0.627451 0.627451 0.643137
v -0.0206901 -0.0306744 0.006 0.627451 0.627451 0.643137
v -0.0178942 -0.0265292 0.006 0.627451 0.627451 0.643137
v -0.0197012 -0.0252163 0.006 0.627451 0.627451 0.643137
v -0.0185 -0.0320429 0.006 0.627451 0.627451 0.643137
v -0.016 -0.0277128 0.006 0.627451 0.627451 0.643137
v 0.0185 -0.0320429 0.006 0.627451 0.627451 0.643137
v 0.016 -0.0277128 0.006 0.627451 0.627451 0.643137
v 0.0140279 -0.0287614 0.006 0.627451 0.627451 0.643137
v 0.0206901 -0.0306744 0.006 0.627451 0.627451 0.643137
v 0.0178942 -0.0265292 0.006 0.627451 0.627451 0.643137
v 0.00129128 0.0369775 0.006 0.627451 0.627451 0.643137
v 0.00111678 0.0319805 0.006 0.627451 0.627451 0.643137
v -0.00129128 0.0369775 0.006 0.627451 0.627451 0.643137
v -0.00111678 0.0319805 0.006 0.627451 0.627451 0.643137
v -0.00642498 0.0364379 0.006 0.627451 0.627451 0.643137
v -0.00555674 0.0315138 0.006 0.627451 0.627451 0.643137
v -0.00334491 0.0318247 0.006 0.627451 0.627451 0.643137
v -0.00895111 0.0359009 0.006 0.627451 0.627451 0.643137
v -0.0077415 0.0310495 0.006 0.627451 0.627451 0.643137
v -0.0227795 -0.0291564 0.006 0.627451 0.627451 0.643137
v -0.0162197 -0.0332554 0.006 0.627451 0.627451 0.643137
v -0.0140279 -0.0287614 0.006 0.627451 0.627451 0.643137
v -0.0138604 -0.0343058 0.006 0.627451 0.627451 0.643137
v -0.0119874 -0.0296699 0.006 0.627451 0.627451 0.643137
v 0.0227795 -0.0291564 0.006 0.627451 0.627451 0.643137
v 0.0197012 -0.0252163 0.006 0.627451 0.627451 0.643137
v -0.00386755 0.0367973 0.006 0.627451 0.627451 0.643137
v -0.0114336 0.0351891 0.006 0.627451 0.627451 0.643137
v -0.00988854 0.0304338 0.006 0.627451 0.627451 0.643137
v -0.00129128 -0.0369775 0.006 0.627451 0.627451 0.643137
v -0.00111678 -0.0319805 0.006 0.627451 0.627451 0.643137
v -0.00334491 -0.0318247 0.006 0.627451 0.627451 0.643137
v 0.00129128 -0.0369775 0.006 0.627451 0.627451 0.643137
v 0.00111678 -0.0319805 0.006 0.627451 0.627451 0.643137
v 0.00386755 -0.0367973 0.006 0.627451 0.627451 0.643137
v 0.00334491 -0.0318247 0.006 0.627451 0.627451 0.643137
v 0.00642498 -0.0364379 0.006 0.627451 0.627451 0.643137
v 0.00555674 -0.0315138 0.006 0.627451 0.627451 0.643137
v 0.0114336 -0.0351891 0.006 0.627451 0.627451 0.643137
v 0.00988854 -0.0304338 0.006 0.627451 0.627451 0.643137
v 0.0077415 -0.0310495 0.006 0.627451 0.627451 0.643137
v 0.0138604 -0.0343058 0.006 0.627451 0.627451 0.643137
v 0.0119874 -0.0296699 0.006 0.627451 0.627451 0.643137
v 0.0162197 -0.0332554 0.006 0.627451 0.627451 0.643137
v 0.0247578 -0.0274964 0.006 0.627451 0.627451 0.643137
v 0.0214122 -0.0237806 0.006 0.627451 0.627451 0.643137
v 0.0266156 -0.0257024 0.006 0.627451 0.627451 0.643137
v 0.0230189 -0.0222291 0.006 0.627451 0.627451 0.643137
v 0.0283436 -0.0237831 0.006 0.627451 0.627451 0.643137
v 0.0245134 -0.0205692 0.006 0.627451 0.627451 0.643137
v 0.0299336 -0.0217481 0.006 0.627451 0.627451 0.643137
v 0.0258885 -0.0188091 0.006 0.627451 0.627451 0.643137
v -0.0138604 0.0343058 0.006 0.627451 0.627451 0.643137
v -0.0119874 0.0296699 0.006 0.627451 0.627451 0.643137
v -0.0206901 0.0306744 0.006 0.627451 0.627451 0.643137
v -0.0178942 0.0265292 0.006 0.627451 0.627451 0.643137
v -0.016 0.0277128 0.006 0.627451 0.627451 0.643137
v -0.0197012 0.0252163 0.006 0.627451 0.627451 0.643137
v 0.0355667 -0.0101986 0.006 0.627451 0.627451 0.643137
v 0.0307604 -0.0088204 0.006 0.627451 0.627451 0.643137
v 0.0300702 -0.0109446 0.006 0.627451 0.627451 0.643137
v 0.0361915 -0.00769273 0.006 0.627451 0.627451 0.643137
v 0.0313007 -0.00665317 0.006 0.627451 0.627451 0.643137
v -0.0162197 0.0332554 0.006 0.627451 0.627451 0.643137
v -0.0140279 0.0287614 0.006 0.627451 0.627451 0.643137
v -0.0185 0.0320429 0.006 0.627451 0.627451 0.643137
v -0.0114336 -0.0351891 0.006 0.627451 0.627451 0.643137
v -0.00988854 -0.0304338 0.006 0.627451 0.627451 0.643137
v -0.00895111 -0.0359009 0.006 0.627451 0.627451 0.643137
v -0.0077415 -0.0310495 0.006 0.627451 0.627451 0.643137
v 0.00895111 -0.0359009 0.006 0.627451 0.627451 0.643137
v 0.0366399 -0.0051494 0.006 0.627451 0.627451 0.643137
v 0.0316886 -0.00445354 0.006 0.627451 0.627451 0.643137
v 0.0369099 -0.00258099 0.006 0.627451 0.627451 0.643137
v 0.031922 -0.00223221 0.006 0.627451 0.627451 0.643137
v 0.037 -6.93889e-18 0.006 0.627451 0.627451 0.643137
v 0.032 -2.0819e-18 0.006 0.627451 0.627451 0.643137
v 0.0313778 -0.019607 0.006 0.627451 0.627451 0.643137
v 0.0271375 -0.0169574 0.006 0.627451 0.627451 0.643137
v 0.0326691 -0.0173704 0.006 0.627451 0.627451 0.643137
v 0.0282543 -0.0150231 0.006 0.627451 0.627451 0.643137
v 0.0338012 -0.0150493 0.006 0.627451 0.627451 0.643137
v 0.0292335 -0.0130156 0.006 0.627451 0.627451 0.643137
v 0.0347686 -0.0126547 0.006 0.627451 0.627451 0.643137
v -0.00642498 -0.0364379 0.006 0.627451 0.627451 0.643137
v -0.00555674 -0.0315138 0.006 0.627451 0.627451 0.643137
v -0.00386755 -0.0367973 0.006 0.627451 0.627451 0.643137
v 0.0369099 0.00258099 0.006 0.627451 0.627451 0.643137
v 0.031922 0.00223221 0.006 0.627451 0.627451 0.643137
v 0.0366399 0.0051494 0.006 0.627451 0.627451 0.643137
v 0.037 -6.93889e-18 -0.009 0.627451 0.627451 0.643137
v 0.0369099 0.00258099 -0.009 0.627451 0.627451 0.643137
v 0.0366399 0.0051494 -0.009 0.627451 0.627451 0.643137
v 0.0361915 0.00769273 -0.009 0.627451 0.627451 0.643137
v 0.0355667 0.0101986 -0.009 0.627451 0.627451 0.643137
v 0.0347686 0.0126547 -0.009 0.627451 0.627451 0.643137
v 0.0338012 0.0150493 -0.009 0.627451 0.627451 0.643137
v 0.0326691 0.0173704 -0.009 0.627451 0.627451 0.643137
v 0.0313778 0.019607 -0.009 0.627451 0.627451 0.643137
v 0.0299336 0.0217481 -0.009 0.627451 0.627451 0.643137
v 0.0283436 0.0237831 -0.009 0.627451 0.627451 0.643137
v 0.0266156 0.0257024 -0.009 0.627451 0.627451 0.643137
v 0.0247578 0.0274964 -0.009 0.627451 0.627451 0.643137
v 0.0227795 0.0291564 -0.009 0.627451 0.627451 0.643137
v 0.0206901 0.0306744 -0.009 0.627451 0.627451 0.643137
v 0.0185 0.0320429 -0.009 0.627451 0.627451 0.643137
v 0.0162197 0.0332554 -0.009 0.627451 0.627451 0.643137
v 0.0138604 0.0343058 -0.009 0.627451 0.627451 0.643137
v 0.0114336 0.0351891 -0.009 0.627451 0.627451 0.643137
v 0.00895111 0.0359009 -0.009 0.627451 0.627451 0.643137
v 0.00642498 0.0364379 -0.009 0.627451 0.627451 0.643137
v 0.00386755 0.0367973 -0.009 0.627451 0.627451 0.643137
v 0.00129128 0.0369775 -0.009 0.627451 0.627451 0.643137
v -0.00129128 0.0369775 -0.009 0.627451 0.627451 0.643137
v -0.00386755 0.0367973 -0.009 0.627451 0.627451 0.643137
v -0.00642498 0.0364379 -0.009 0.627451 0.627451 0.643137
v -0.00895111 0.0359009 -0.009 0.627451 0.627451 0.643137
v -0.0114336 0.0351891 -0.009 0.627451 0.627451 0.643137
v -0.0138604 0.0343058 -0.009 0.627451 0.627451 0.643137
v -0.0162197 0.0332554 -0.009 0.627451 0.627451 0.643137
v -0.0185 0.0320429 -0.009 0.627451 0.627451 0.643137
v -0.0206901 0.0306744 -0.009 0.627451 0.627451 0.643137
v -0.0227795 0.0291564 -0.009 0.627451 0.627451 0.643137
v -0.0247578 0.0274964 -0.009 0.627451 0.627451 0.643137
v -0.0266156 0.0257024 -0.009 0.627451 0.627451 0.643137
v -0.0283436 0.0237831 -0.009 0.627451 0.627451 0.643137
v -0.0299336 0.0217481 -0.009 0.627451 0.627451 0.643137
v -0.0313778 0.019607 -0.009 0.627451 0.627451 0.643137
v -0.0326691 0.0173704 -0.009 0.627451 0.627451 0.643137
v -0.0338012 0.0150493 -0.009 0.627451 0.627451 0.643137
v -0.0347686 0.0126547 -0.009 0.627451 0.627451 0.643137
v -0.0355667 0.0101986 -0.009 0.627451 0.627451 0.643137
v -0.0361915 0.00769273 -0.009 0.627451 0.627451 0.643137
v -0.0366399 0.0051494 -0.009 0.627451 0.627451 0.643137
v -0.0369099 0.00258099 -0.009 0.627451 0.627451 0.643137
v -0.037 6.65469e-18 -0.009 0.627451 0.627451 0.643137
v -0.0369099 -0.00258099 -0.009 0.627451 0.627451 0.643137
v -0.0366399 -0.0051494 -0.009 0.627451 0.627451 0.643137
v -0.0361915 -0.00769273 -0.009 0.627451 0.627451 0.643137
v -0.0355667 -0.0101986 -0.009 0.627451 0.627451 0.643137
v -0.0347686 -0.0126547 -0.009 0.627451 0.627451 0.643137
v -0.0338012 -0.0150493 -0.009 0.627451 0.627451 0.643137
v -0.0326691 -0.0173704 -0.009 0.627451 0.627451 0.643137
v -0.0313778 -0.019607 -0.009 0.627451 0.627451 0.643137
v -0.0299336 -0.0217481 -0.009 0.627451 0.627451 0.643137
v -0.0283436 -0.0237831 -0.009 0.627451 0.627451 0.643137
v -0.0266156 -0.0257024 -0.009 0.627451 0.627451 0.643137
v -0.0247578 -0.0274964 -0.009 0.627451 0.627451 0.643137
v -0.0227795 -0.0291564 -0.009 0.627451 0.627451 0.643137
v -0.0206901 -0.0306744 -0.009 0.627451 0.627451 0.643137
v -0.0185 -0.0320429 -0.009 0.627451 0.627451 0.643137
v -0.0162197 -0.0332554 -0.009 0.627451 0.627451 0.643137
v -0.0138604 -0.0343058 -0.009 0.627451 0.627451 0.643137
v -0.0114336 -0.0351891 -0.009 0.627451 0.627451 0.643137
v -0.00895111 -0.0359009 -0.009 0.627451 0.627451 0.643137
v -0.00642498 -0.0364379 -0.009 0.627451 0.627451 0.643137
v -0.00386755 -0.0367973 -0.009 0.627451 0.627451 0.643137
v -0.00129128 -0.0369775 -0.009 0.627451 0.627451 0.643137
v 0.00129128 -0.0369775 -0.009 0.627451 0.627451 0.643137
v 0.00386755 -0.0367973 -0.009 0.627451 0.627451 0.643137
v 0.00642498 -0.0364379 -0.009 0.627451 0.627451 0.643137
v 0.00895111 -0.0359009 -0.009 0.627451 0.627451 0.643137
v 0.0114336 -0.0351891 -0.009 0.627451 0.627451 0.643137
v 0.0138604 -0.0343058 -0.009 0.627451 0.627451 0.643137
v 0.0162197 -0.0332554 -0.009 0.627451 0.627451 0.643137
v 0.0185 -0.0320429 -0.009 0.627451 0.627451 0.643137
v 0.0206901 -0.0306744 -0.009 0.627451 0.627451 0.643137
v 0.0227795 -0.0291564 -0.009 0.627451 0.627451 0.643137
v 0.0247578 -0.0274964 -0.009 0.627451 0.627451 0.643137
v 0.0266156 -0.0257024 -0.009 0.627451 0.627451 0.643137
v 0.0283436 -0.0237831 -0.009 0.627451 0.627451 0.643137
v 0.0299336 -0.0217481 -0.009 0.627451 0.627451 0.643137
v 0.0313778 -0.019607 -0.009 0.627451 0.627451 0.643137
v 0.0326691 -0.0173704 -0.009 0.627451 0.627451 0.643137
v 0.0338012 -0.0150493 -0.009 0.627451 0.627451 0.643137
v 0.0347686 -0.0126547 -0.009 0.627451 0.627451 0.643137
v 0.0355667 -0.0101986 -0.009 0.627451 0.627451 0.643137
v 0.0361915 -0.00769273 -0.009 0.627451 0.627451 0.643137
v 0.0366399 -0.0051494 -0.009 0.627451 0.627451 0.643137
v 0.0369099 -0.00258099 -0.009 0.627451 0.627451 0.643137
v -0.0300702 0.0109446 -0.009 0.627451 0.627451 0.643137
v -0.0307604 0.0088204 -0.009 0.627451 0.627451 0.643137
v -0.0292335 0.0130156 -0.009 0.627451 0.627451 0.643137
v -0.0313007 0.00665317 -0.009 0.627451 0.627451 0.643137
v -0.0316886 0.00445354 -0.009 0.627451 0.627451 0.643137
v -0.0282543 0.0150231 -0.009 0.627451 0.627451 0.643137
v 0.0230189 0.0222291 -0.009 0.627451 0.627451 0.643137
v 0.0245134 0.0205692 -0.009 0.627451 0.627451 0.643137
v 0.0245134 -0.0205692 -0.009 0.627451 0.627451 0.643137
v 0.0258885 -0.0188091 -0.009 0.627451 0.627451 0.643137
v 0.0230189 -0.0222291 -0.009 0.627451 0.627451 0.643137
v 0.0178942 -0.0265292 -0.009 0.627451 0.627451 0.643137
v 0.0197012 -0.0252163 -0.009 0.627451 0.627451 0.643137
v 0.016 -0.0277128 -0.009 0.627451 0.627451 0.643137
v -0.0245134 -0.0205692 -0.009 0.627451 0.627451 0.643137
v -0.0230189 -0.0222291 -0.009 0.627451 0.627451 0.643137
v -0.0258885 -0.0188091 -0.009 0.627451 0.627451 0.643137
v -0.031922 0.00223221 -0.009 0.627451 0.627451 0.643137
v -0.032 1.83697e-18 -0.009 0.627451 0.627451 0.643137
v -0.00555674 0.0315138 -0.009 0.627451 0.627451 0.643137
v -0.00334491 0.0318247 -0.009 0.627451 0.627451 0.643137
v 0.0258885 0.0188091 -0.009 0.627451 0.627451 0.643137
v 0.0271375 0.0169574 -0.009 0.627451 0.627451 0.643137
v 0.0282543 0.0150231 -0.009 0.627451 0.627451 0.643137
v 0.0292335 0.0130156 -0.009 0.627451 0.627451 0.643137
v 0.0300702 0.0109446 -0.009 0.627451 0.627451 0.643137
v 0.0214122 -0.0237806 -0.009 0.627451 0.627451 0.643137
v 0.0140279 -0.0287614 -0.009 0.627451 0.627451 0.643137
v -0.0140279 -0.0287614 -0.009 0.627451 0.627451 0.643137
v -0.0119874 -0.0296699 -0.009 0.627451 0.627451 0.643137
v -0.016 -0.0277128 -0.009 0.627451 0.627451 0.643137
v -0.0178942 -0.0265292 -0.009 0.627451 0.627451 0.643137
v -0.0197012 -0.0252163 -0.009 0.627451 0.627451 0.643137
v -0.0214122 -0.0237806 -0.009 0.627451 0.627451 0.643137
v -0.0271375 -0.0169574 -0.009 0.627451 0.627451 0.643137
v -0.0282543 -0.0150231 -0.009 0.627451 0.627451 0.643137
v -0.0271375 0.0169574 -0.009 0.627451 0.627451 0.643137
v -0.0258885 0.0188091 -0.009 0.627451 0.627451 0.643137
v -0.0245134 0.0205692 -0.009 0.627451 0.627451 0.643137
v -0.0230189 0.0222291 -0.009 0.627451 0.627451 0.643137
v -0.0077415 0.0310495 -0.009 0.627451 0.627451 0.643137
v -0.00988854 0.0304338 -0.009 0.627451 0.627451 0.643137
v 0.00555674 0.0315138 -0.009 0.627451 0.627451 0.643137
v 0.00334491 0.0318247 -0.009 0.627451 0.627451 0.643137
v 0.0077415 0.0310495 -0.009 0.627451 0.627451 0.643137
v 0.00988854 0.0304338 -0.009 0.627451 0.627451 0.643137
v 0.0119874 0.0296699 -0.009 0.627451 0.627451 0.643137
v 0.0140279 0.0287614 -0.009 0.627451 0.627451 0.643137
v 0.016 0.0277128 -0.009 0.627451 0.627451 0.643137
v 0.0178942 0.0265292 -0.009 0.627451 0.627451 0.643137
v 0.0197012 0.0252163 -0.009 0.627451 0.627451 0.643137
v 0.0214122 0.0237806 -0.009 0.627451 0.627451 0.643137
v 0.0307604 0.0088204 -0.009 0.627451 0.627451 0.643137
v 0.0313007 0.00665317 -0.009 0.627451 0.627451 0.643137
v 0.031922 -0.00223221 -0.009 0.627451 0.627451 0.643137
v 0.032 -2.0819e-18 -0.009 0.627451 0.627451 0.643137
v 0.0316886 -0.00445354 -0.009 0.627451 0.627451 0.643137
v 0.0119874 -0.0296699 -0.009 0.627451 0.627451 0.643137
v 0.00334491 -0.0318247 -0.009 0.627451 0.627451 0.643137
v 0.00555674 -0.0315138 -0.009 0.627451 0.627451 0.643137
v 0.00111678 -0.0319805 -0.009 0.627451 0.627451 0.643137
v -0.00111678 -0.0319805 -0.009 0.627451 0.627451 0.643137
v -0.00334491 -0.0318247 -0.009 0.627451 0.627451 0.643137
v -0.0292335 -0.0130156 -0.009 0.627451 0.627451 0.643137
v -0.0300702 -0.0109446 -0.009 0.627451 0.627451 0.643137
v -0.0214122 0.0237806 -0.009 0.627451 0.627451 0.643137
v -0.0140279 0.0287614 -0.009 0.627451 0.627451 0.643137
v -0.016 0.0277128 -0.009 0.627451 0.627451 0.643137
v -0.0119874 0.0296699 -0.009 0.627451 0.627451 0.643137
v -0.00111678 0.0319805 -0.009 0.627451 0.627451 0.643137
v 0.00111678 0.0319805 -0.009 0.627451 0.627451 0.643137
v 0.0316886 0.00445354 -0.009 0.627451 0.627451 0.643137
v 0.0313007 -0.00665317 -0.009 0.627451 0.627451 0.643137
v 0.0307604 -0.0088204 -0.009 0.627451 0.627451 0.643137
v 0.0300702 -0.0109446 -0.009 0.627451 0.627451 0.643137
v 0.00988854 -0.0304338 -0.009 0.627451 0.627451 0.643137
v 0.0077415 -0.0310495 -0.009 0.627451 0.627451 0.643137
v -0.0313007 -0.00665317 -0.009 0.627451 0.627451 0.643137
v -0.0307604 -0.0088204 -0.009 0.627451 0.627451 0.643137
v -0.0316886 -0.00445354 -0.009 0.627451 0.627451 0.643137
v 0.0292335 -0.0130156 -0.009 0.627451 0.627451 0.643137
v 0.0282543 -0.0150231 -0.009 0.627451 0.627451 0.643137
v -0.0197012 0.0252163 -0.009 0.627451 0.627451 0.643137
v -0.0178942 0.0265292 -0.009 0.627451 0.627451 0.643137
v 0.031922 0.00223221 -0.009 0.627451 0.627451 0.643137
v 0.0271375 -0.0169574 -0.009 0.627451 0.627451 0.643137
v -0.031922 -0.00223221 -0.009 0.627451 0.627451 0.643137
v -0.00988854 -0.0304338 -0.009 0.627451 0.627451 0.643137
v -0.0077415 -0.0310495 -0.009 0.627451 0.627451 0.643137
v -0.00555674 -0.0315138 -0.009 0.627451 0.627451 0.643137
vn -0 -0 1
vn 1 0 0
vn 0.997564 0.0697565 0
vn 0.990268 0.139173 0
vn 0.978148 0.207912 0
vn 0.961262 0.275637 0
vn 0.939693 0.34202 0
vn 0.913545 0.406737 0
vn 0.882948 0.469472 0
vn 0.848048 0.529919 0
vn 0.809017 0.587785 0
vn 0.766044 0.642788 0
vn 0.71934 0.694658 0
vn 0.669131 0.743145 0
vn 0.615661 0.788011 0
vn 0.559193 0.829038 0
vn 0.5 0.866025 0
vn 0.438371 0.898794 0
vn 0.374607 0.927184 0
vn 0.309017 0.951057 0
vn 0.241922 0.970296 0
vn 0.173648 0.984808 0
vn 0.104528 0.994522 0
vn 0.0348995 0.999391 0
vn -0.0348995 0.999391 0
vn -0.104528 0.994522 0
vn -0.173648 0.984808 0
vn -0.241922 0.970296 0
vn -0.309017 0.951057 0
vn -0.374607 0.927184 0
vn -0.438371 0.898794 0
vn -0.5 0.866025 0
vn -0.559193 0.829038 0
vn -0.615661 0.788011 0
vn -0.669131 0.743145 0
vn -0.71934 0.694658 0
vn -0.766044 0.642788 0
vn -0.809017 0.587785 0
vn -0.848048 0.529919 0
vn -0.882948 0.469472 0
vn -0.913545 0.406737 0
vn -0.939693 0.34202 0
vn -0.961262 0.275637 0
vn -0.978148 0.207912 0
vn -0.990268 0.139173 0
vn -0.997564 0.0697565 0
vn -1 1.22465e-16 0
vn -0.997564 -0.0697565 -0
vn -0.990268 -0.139173 -0
vn -0.978148 -0.207912 -0
vn -0.961262 -0.275637 -0
vn -0.939693 -0.34202 -0
vn -0.913545 -0.406737 -0
vn -0.882948 -0.469472 -0
vn -0.848048 -0.529919 -0
vn -0.809017 -0.587785 -0
vn -0.766044 -0.642788 -0
vn -0.71934 -0.694658 -0
vn -0.669131 -0.743145 -0
vn -0.615661 -0.788011 -0
vn -0.559193 -0.829038 -0
vn -0.5 -0.866025 -0
vn -0.438371 -0.898794 -0
vn -0.374607 -0.927184 -0
vn -0.309017 -0.951057 -0
vn -0.241922 -0.970296 -0
vn -0.173648 -0.984808 -0
vn -0.104528 -0.994522 -0
vn -0.0348995 -0.999391 -0
vn 0.0348995 -0.999391 0
vn 0.104528 -0.994522 0
vn 0.173648 -0.984808 0
vn 0.241922 -0.970296 0
vn 0.309017 -0.951057 0
vn 0.374607 -0.927184 0
vn 0.438371 -0.898794 0
vn 0.5 -0.866025 0
vn 0.559193 -0.829038 0
vn 0.615661 -0.788011 0
vn 0.669131 -0.743145 0
vn 0.71934 -0.694658 0
vn 0.766044 -0.642788 0
vn 0.809017 -0.587785 0
vn 0.848048 -0.529919 0
vn 0.882948 -0.469472 0
vn 0.913545 -0.406737 0
vn 0.939693 -0.34202 0
vn 0.961262 -0.275637 0
vn 0.978148 -0.207912 0
vn 0.990268 -0.139173 0
vn 0.997564 -0.0697565 0
vn 0 0 -1
vn -0.997564 0.0697565 -0
vn -1 2.44929e-16 -0
vn -0.990268 0.139173 -0
vn -0.997564 0.0697565 -0
vn -0.978148 0.207912 -0
vn -0.990268 0.139173 -0
vn -0.961262 0.275637 -0
vn -0.978148 0.207912 -0
vn -0.939693 0.34202 -0
vn -0.961262 0.275637 -0
vn -0.913545 0.406737 -0
vn -0.939693 0.34202 -0
vn -0.882948 0.469472 -0
vn -0.913545 0.406737 -0
vn -0.848048 0.529919 -0
vn -0.882948 0.469472 -0
vn -0.809017 0.587785 -0
vn -0.848048 0.529919 -0
vn -0.766044 0.642788 -0
vn -0.809017 0.587785 -0
vn -0.71934 0.694658 -0
vn -0.766044 0.642788 -0
vn -0.669131 0.743145 -0
vn -0.71934 0.694658 -0
vn -0.615661 0.788011 -0
vn -0.669131 0.743145 -0
vn -0.559193 0.829038 -0
vn -0.615661 0.788011 -0
vn -0.5 0.866025 -0
vn -0.559193 0.829038 -0
vn -0.438371 0.898794 -0
vn -0.5 0.866025 -0
vn -0.374607 0.927184 -0
vn -0.438371 0.898794 -0
vn -0.309017 0.951057 -0
vn -0.374607 0.927184 -0
vn -0.241922 0.970296 -0
vn -0.309017 0.951057 -0
vn -0.173648 0.984808 -0
vn -0.241922 0.970296 -0
vn -0.104528 0.994522 -0
vn -0.173648 0.984808 -0
vn -0.0348995 0.999391 -0
vn -0.104528 0.994522 -0
vn 0.0348995 0.999391 0
vn -0.0348995 0.999391 -0
vn 0.104528 0.994522 0
vn 0.0348995 0.999391 0
vn 0.173648 0.984808 0
vn 0.104528 0.994522 0
vn 0.241922 0.970296 0
vn 0.173648 0.984808 0
vn 0.309017 0.951057 0
vn 0.241922 0.970296 0
vn 0.374607 0.927184 0
vn 0.309017 0.951057 0
vn 0.438371 0.898794 0
vn 0.374607 0.927184 0
vn 0.5 0.866025 0
vn 0.438371 0.898794 0
vn 0.559193 0.829038 0
vn 0.5 0.866025 0
vn 0.615661 0.788011 0
vn 0.559193 0.829038 0
vn 0.669131 0.743145 0
vn 0.615661 0.788011 0
vn 0.71934 0.694658 0
vn 0.669131 0.743145 0
vn 0.766044 0.642788 0
vn 0.71934 0.694658 0
vn 0.809017 0.587785 0
vn 0.766044 0.642788 0
vn 0.848048 0.529919 0
vn 0.809017 0.587785 0
vn 0.882948 0.469472 0
vn 0.848048 0.529919 0
vn 0.913545 0.406737 0
vn 0.882948 0.469472 0
vn 0.939693 0.34202 0
vn 0.913545 0.406737 0
vn 0.961262 0.275637 0
vn 0.939693 0.34202 0
vn 0.978148 0.207912 0
vn 0.961262 0.275637 0
vn 0.990268 0.139173 0
vn 0.978148 0.207912 0
vn 0.997564 0.0697565 0
vn 0.990268 0.139173 0
vn 1 -1.22465e-16 -0
vn 0.997564 0.0697565 0
vn 0.997564 -0.0697565 -0
vn 1 -1.22465e-16 -0
vn 0.990268 -0.139173 -0
vn 0.997564 -0.0697565 -0
vn 0.978148 -0.207912 -0
vn 0.990268 -0.139173 -0
vn 0.961262 -0.275637 -0
vn 0.978148 -0.207912 -0
vn 0.939693 -0.34202 -0
vn 0.961262 -0.275637 -0
vn 0.913545 -0.406737 -0
vn 0.939693 -0.34202 -0
vn 0.882948 -0.469472 -0
vn 0.913545 -0.406737 -0
vn 0.848048 -0.529919 -0
vn 0.882948 -0.469472 -0
vn 0.809017 -0.587785 -0
vn 0.848048 -0.529919 -0
vn 0.766044 -0.642788 -0
vn 0.809017 -0.587785 -0
vn 0.71934 -0.694658 -0
vn 0.766044 -0.642788 -0
vn 0.669131 -0.743145 -0
vn 0.71934 -0.694658 -0
vn 0.615661 -0.788011 -0
vn 0.669131 -0.743145 -0
vn 0.559193 -0.829038 -0
vn 0.615661 -0.788011 -0
vn 0.5 -0.866025 -0
vn 0.559193 -0.829038 -0
vn 0.438371 -0.898794 -0
vn 0.5 -0.866025 -0
vn 0.374607 -0.927184 -0
vn 0.438371 -0.898794 -0
vn 0.309017 -0.951057 -0
vn 0.374607 -0.927184 -0
vn 0.241922 -0.970296 -0
vn 0.309017 -0.951057 -0
vn 0.173648 -0.984808 -0
vn 0.241922 -0.970296 -0
vn 0.104528 -0.994522 -0
vn 0.173648 -0.984808 -0
vn 0.0348995 -0.999391 -0
vn 0.104528 -0.994522 -0
vn -0.0348995 -0.999391 -0
vn 0.0348995 -0.999391 -0
vn -0.104528 -0.994522 -0
vn -0.0348995 -0.999391 -0
vn -0.173648 -0.984808 -0
vn -0.104528 -0.994522 -0
vn -0.241922 -0.970296 -0
vn -0.173648 -0.984808 -0
vn -0.309017 -0.951057 -0
vn -0.241922 -0.970296 -0
vn -0.374607 -0.927184 -0
vn -0.309017 -0.951057 -0
vn -0.438371 -0.898794 -0
vn -0.374607 -0.927184 -0
vn -0.5 -0.866025 -0
vn -0.438371 -0.898794 -0
vn -0.559193 -0.829038 -0
vn -0.5 -0.866025 -0
vn -0.615661 -0.788011 -0
vn -0.559193 -0.829038 -0
vn -0.669131 -0.743145 -0
vn -0.615661 -0.788011 -0
vn -0.71934 -0.694658 -0
vn -0.669131 -0.743145 -0
vn -0.766044 -0.642788 -0
vn -0.71934 -0.694658 -0
vn -0.809017 -0.587785 -0
vn -0.766044 -0.642788 -0
vn -0.848048 -0.529919 -0
vn -0.809017 -0.587785 -0
vn -0.882948 -0.469472 -0
vn -0.848048 -0.529919 -0
vn -0.913545 -0.406737 -0
vn -0.882948 -0.469472 -0
vn -0.939693 -0.34202 -0
vn -0.913545 -0.406737 -0
vn -0.961262 -0.275637 -0
vn -0.939693 -0.34202 -0
vn -0.978148 -0.207912 -0
vn -0.961262 -0.275637 -0
vn -0.990268 -0.139173 -0
vn -0.978148 -0.207912 -0
vn -0.997564 -0.0697565 -0
vn -0.990268 -0.139173 -0
vt 0.0237831 -0.0283436
vt 0.0205692 -0.0245134
vt 0.0222291 -0.0230189
vt 0.0217481 -0.0299336
vt 0.0188091 -0.0258885
vt 0.0257024 -0.0266156
vt 0.0237806 -0.0214122
vt 0.0150493 -0.0338012
vt 0.0126547 -0.0347686
vt 0.0109446 -0.0300702
vt 0.0101986 -0.0355667
vt 0.0088204 -0.0307604
vt 0.0101986 0.0355667
vt 0.0088204 0.0307604
vt 0.00665317 0.0313007
vt 0.0126547 0.0347686
vt 0.0109446 0.0300702
vt 0.0150493 0.0338012
vt 0.0130156 0.0292335
vt 0.0173704 0.0326691
vt 0.0150231 0.0282543
vt 0.019607 0.0313778
vt 0.0169574 0.0271375
vt 0.0217481 0.0299336
vt 0.0188091 0.0258885
vt 0.0291564 -0.0227795
vt 0.0274964 -0.0247578
vt 0.019607 -0.0313778
vt 0.0169574 -0.0271375
vt 0.0173704 -0.0326691
vt 0.0150231 -0.0282543
vt 0.0130156 -0.0292335
vt 0.00769273 -0.0361915
vt 0.00665317 -0.0313007
vt 0.0051494 -0.0366399
vt 0.00445354 -0.0316886
vt 0.00769273 0.0361915
vt 0.00445354 0.0316886
vt 0.0257024 0.0266156
vt 0.0222291 0.0230189
vt 0.0205692 0.0245134
vt 0.0274964 0.0247578
vt 0.0237806 0.0214122
vt 0.0237831 0.0283436
vt 0.00258099 -0.0369099
vt 0.00223221 -0.031922
vt 6.65469e-18 -0.037
vt 1.83697e-18 -0.032
vt -0.0173704 -0.0326691
vt -0.019607 -0.0313778
vt -0.0169574 -0.0271375
vt -0.0217481 -0.0299336
vt -0.0188091 -0.0258885
vt -0.0237831 -0.0283436
vt -0.0205692 -0.0245134
vt -0.0257024 -0.0266156
vt -0.0222291 -0.0230189
vt 0.0306744 0.0206901
vt 0.0265292 0.0178942
vt 0.0252163 0.0197012
vt 0.0320429 0.0185
vt 0.0277128 0.016
vt 0.0332554 0.0162197
vt 0.0287614 0.0140279
vt 0.0343058 0.0138604
vt 0.0296699 0.0119874
vt -0.00258099 -0.0369099
vt -0.00223221 -0.031922
vt -0.0051494 -0.0366399
vt -0.00445354 -0.0316886
vt -0.00769273 -0.0361915
vt -0.00665317 -0.0313007
vt -0.0101986 -0.0355667
vt -0.0088204 -0.0307604
vt 0.0291564 0.0227795
vt 0.0351891 0.0114336
vt 0.0304338 0.00988854
vt 0.0359009 0.00895111
vt 0.0310495 0.0077415
vt 0.0364379 0.00642498
vt 0.0315138 0.00555674
vt 0.0367973 0.00386755
vt 0.0318247 0.00334491
vt -0.0126547 -0.0347686
vt -0.0109446 -0.0300702
vt -0.0150493 -0.0338012
vt -0.0130156 -0.0292335
vt -0.0150231 -0.0282543
vt -0.0274964 -0.0247578
vt -0.0237806 -0.0214122
vt -0.0306744 -0.0206901
vt -0.0265292 -0.0178942
vt -0.0252163 -0.0197012
vt -0.0320429 -0.0185
vt -0.0277128 -0.016
vt -0.0320429 0.0185
vt -0.0277128 0.016
vt -0.0287614 0.0140279
vt -0.0306744 0.0206901
vt -0.0265292 0.0178942
vt 0.0369775 0.00129128
vt 0.0319805 0.00111678
vt 0.0369775 -0.00129128
vt 0.0319805 -0.00111678
vt 0.0364379 -0.00642498
vt 0.0315138 -0.00555674
vt 0.0318247 -0.00334491
vt 0.0359009 -0.00895111
vt 0.0310495 -0.0077415
vt -0.0291564 -0.0227795
vt -0.0332554 -0.0162197
vt -0.0287614 -0.0140279
vt -0.0343058 -0.0138604
vt -0.0296699 -0.0119874
vt -0.0291564 0.0227795
vt -0.0252163 0.0197012
vt 0.0367973 -0.00386755
vt 0.0351891 -0.0114336
vt 0.0304338 -0.00988854
vt -0.0369775 -0.00129128
vt -0.0319805 -0.00111678
vt -0.0318247 -0.00334491
vt -0.0369775 0.00129128
vt -0.0319805 0.00111678
vt -0.0367973 0.00386755
vt -0.0318247 0.00334491
vt -0.0364379 0.00642498
vt -0.0315138 0.00555674
vt -0.0351891 0.0114336
vt -0.0304338 0.00988854
vt -0.0310495 0.0077415
vt -0.0343058 0.0138604
vt -0.0296699 0.0119874
vt -0.0332554 0.0162197
vt -0.0274964 0.0247578
vt -0.0237806 0.0214122
vt -0.0257024 0.0266156
vt -0.0222291 0.0230189
vt -0.0237831 0.0283436
vt -0.0205692 0.0245134
vt -0.0217481 0.0299336
vt -0.0188091 0.0258885
vt 0.0343058 -0.0138604
vt 0.0296699 -0.0119874
vt 0.0306744 -0.0206901
vt 0.0265292 -0.0178942
vt 0.0277128 -0.016
vt 0.0252163 -0.0197012
vt -0.0101986 0.0355667
vt -0.0088204 0.0307604
vt -0.0109446 0.0300702
vt -0.00769273 0.0361915
vt -0.00665317 0.0313007
vt 0.0332554 -0.0162197
vt 0.0287614 -0.0140279
vt 0.0320429 -0.0185
vt -0.0351891 -0.0114336
vt -0.0304338 -0.00988854
vt -0.0359009 -0.00895111
vt -0.0310495 -0.0077415
vt -0.0359009 0.00895111
vt -0.0051494 0.0366399
vt -0.00445354 0.0316886
vt -0.00258099 0.0369099
vt -0.00223221 0.031922
vt -6.93889e-18 0.037
vt -2.0819e-18 0.032
vt -0.019607 0.0313778
vt -0.0169574 0.0271375
vt -0.0173704 0.0326691
vt -0.0150231 0.0282543
vt -0.0150493 0.0338012
vt -0.0130156 0.0292335
vt -0.0126547 0.0347686
vt -0.0364379 -0.00642498
vt -0.0315138 -0.00555674
vt -0.0367973 -0.00386755
vt 0.00258099 0.0369099
vt 0.00223221 0.031922
vt 0.0051494 0.0366399
vt 6.28319 0.018
vt 6.28319 0.003
vt 6.353 0.003
vt 6.353 0.018
vt 0.139626 0.003
vt 0.139626 0.018
vt 0.20944 0.003
vt 0.20944 0.018
vt 0.279253 0.003
vt 0.279253 0.018
vt 0.349066 0.003
vt 0.349066 0.018
vt 0.418879 0.003
vt 0.418879 0.018
vt 0.488692 0.003
vt 0.488692 0.018
vt 0.558505 0.003
vt 0.558505 0.018
vt 0.628319 0.003
vt 0.628319 0.018
vt 0.698132 0.003
vt 0.698132 0.018
vt 0.767945 0.003
vt 0.767945 0.018
vt 0.837758 0.003
vt 0.837758 0.018
vt 0.907571 0.003
vt 0.907571 0.018
vt 0.977384 0.003
vt 0.977384 0.018
vt 1.0472 0.003
vt 1.0472 0.018
vt 1.11701 0.003
vt 1.11701 0.018
vt 1.18682 0.003
vt 1.18682 0.018
vt 1.25664 0.003
vt 1.25664 0.018
vt 1.32645 0.003
vt 1.32645 0.018
vt 1.39626 0.003
vt 1.39626 0.018
vt 1.46608 0.003
vt 1.46608 0.018
vt 1.53589 0.003
vt 1.53589 0.018
vt 1.6057 0.003
vt 1.6057 0.018
vt 1.67552 0.003
vt 1.67552 0.018
vt 1.74533 0.003
vt 1.74533 0.018
vt 1.81514 0.003
vt 1.81514 0.018
vt 1.88496 0.003
vt 1.88496 0.018
vt 1.95477 0.003
vt 1.95477 0.018
vt 2.02458 0.003
vt 2.02458 0.018
vt 2.0944 0.003
vt 2.0944 0.018
vt 2.16421 0.003
vt 2.16421 0.018
vt 2.23402 0.003
vt 2.23402 0.018
vt 2.30383 0.003
vt 2.30383 0.018
vt 2.37365 0.003
vt 2.37365 0.018
vt 2.44346 0.003
vt 2.44346 0.018
vt 2.51327 0.003
vt 2.51327 0.018
vt 2.58309 0.003
vt 2.58309 0.018
vt 2.6529 0.003
vt 2.6529 0.018
vt 2.72271 0.003
vt 2.72271 0.018
vt 2.79253 0.003
vt 2.79253 0.018
vt 2.86234 0.003
vt 2.86234 0.018
vt 2.93215 0.003
vt 2.93215 0.018
vt 3.00197 0.003
vt 3.00197 0.018
vt 3.07178 0.003
vt 3.07178 0.018
vt 3.14159 0.003
vt 3.14159 0.018
vt 3.21141 0.003
vt 3.21141 0.018
vt 3.28122 0.003
vt 3.28122 0.018
vt 3.35103 0.003
vt 3.35103 0.018
vt 3.42085 0.003
vt 3.42085 0.018
vt 3.49066 0.003
vt 3.49066 0.018
vt 3.56047 0.003
vt 3.56047 0.018
vt 3.63028 0.003
vt 3.63028 0.018
vt 3.7001 0.003
vt 3.7001 0.018
vt 3.76991 0.003
vt 3.76991 0.018
vt 3.83972 0.003
vt 3.83972 0.018
vt 3.90954 0.003
vt 3.90954 0.018
vt 3.97935 0.003
vt 3.97935 0.018
vt 4.04916 0.003
vt 4.04916 0.018
vt 4.11898 0.003
vt 4.11898 0.018
vt 4.18879 0.003
vt 4.18879 0.018
vt 4.2586 0.003
vt 4.2586 0.018
vt 4.32842 0.003
vt 4.32842 0.018
vt 4.39823 0.003
vt 4.39823 0.018
vt 4.46804 0.003
vt 4.46804 0.018
vt 4.53786 0.003
vt 4.53786 0.018
vt 4.60767 0.003
vt 4.60767 0.018
vt 4.67748 0.003
vt 4.67748 0.018
vt 4.7473 0.003
vt 4.7473 0.018
vt 4.81711 0.003
vt 4.81711 0.018
vt 4.88692 0.003
vt 4.88692 0.018
vt 4.95674 0.003
vt 4.95674 0.018
vt 5.02655 0.003
vt 5.02655 0.018
vt 5.09636 0.003
vt 5.09636 0.018
vt 5.16617 0.003
vt 5.16617 0.018
vt 5.23599 0.003
vt 5.23599 0.018
vt 5.3058 0.003
vt 5.3058 0.018
vt 5.37561 0.003
vt 5.37561 0.018
vt 5.44543 0.003
vt 5.44543 0.018
vt 5.51524 0.003
vt 5.51524 0.018
vt 5.58505 0.003
vt 5.58505 0.018
vt 5.65487 0.003
vt 5.65487 0.018
vt 5.72468 0.003
vt 5.72468 0.018
vt 5.79449 0.003
vt 5.79449 0.018
vt 5.86431 0.003
vt 5.86431 0.018
vt 5.93412 0.003
vt 5.93412 0.018
vt 6.00393 0.003
vt 6.00393 0.018
vt 6.07375 0.003
vt 6.07375 0.018
vt 6.14356 0.003
vt 6.14356 0.018
vt 6.21337 0.003
vt 6.21337 0.018
vt 0.0126547 -0.0347686
vt 0.0109446 -0.0300702
vt 0.0088204 -0.0307604
vt 0.0150493 -0.0338012
vt 0.0130156 -0.0292335
vt 0.00769273 -0.0361915
vt 0.00665317 -0.0313007
vt 0.00445354 -0.0316886
vt 0.0101986 -0.0355667
vt 0.0173704 -0.0326691
vt 0.0150231 -0.0282543
vt 0.0274964 0.0247578
vt 0.0257024 0.0266156
vt 0.0222291 0.0230189
vt 0.0237831 0.0283436
vt 0.0205692 0.0245134
vt -0.0237831 0.0283436
vt -0.0205692 0.0245134
vt -0.0188091 0.0258885
vt -0.0257024 0.0266156
vt -0.0222291 0.0230189
vt -0.0306744 0.0206901
vt -0.0265292 0.0178942
vt -0.0252163 0.0197012
vt -0.0320429 0.0185
vt -0.0277128 0.016
vt -0.0237831 -0.0283436
vt -0.0205692 -0.0245134
vt -0.0222291 -0.0230189
vt -0.0217481 -0.0299336
vt -0.0188091 -0.0258885
vt 0.00258099 -0.0369099
vt 0.00223221 -0.031922
vt 9.67471e-18 -0.032
vt 0.0051494 -0.0366399
vt 0.0359009 -0.00895111
vt 0.0364379 -0.00642498
vt 0.0315138 -0.00555674
vt 0.0367973 -0.00386755
vt 0.0318247 -0.00334491
vt 0.0217481 0.0299336
vt 0.0188091 0.0258885
vt 0.019607 0.0313778
vt 0.0169574 0.0271375
vt 0.0173704 0.0326691
vt 0.0150231 0.0282543
vt 0.0150493 0.0338012
vt 0.0130156 0.0292335
vt 0.0126547 0.0347686
vt 0.0109446 0.0300702
vt -0.0274964 0.0247578
vt -0.0237806 0.0214122
vt -0.0332554 0.0162197
vt -0.0287614 0.0140279
vt -0.0332554 -0.0162197
vt -0.0287614 -0.0140279
vt -0.0296699 -0.0119874
vt -0.0320429 -0.0185
vt -0.0277128 -0.016
vt -0.0306744 -0.0206901
vt -0.0265292 -0.0178942
vt -0.0291564 -0.0227795
vt -0.0252163 -0.0197012
vt -0.0257024 -0.0266156
vt -0.0237806 -0.0214122
vt -0.019607 -0.0313778
vt -0.0169574 -0.0271375
vt -0.0173704 -0.0326691
vt -0.0150231 -0.0282543
vt 0.019607 -0.0313778
vt 0.0169574 -0.0271375
vt 0.0217481 -0.0299336
vt 0.0188091 -0.0258885
vt 0.0237831 -0.0283436
vt 0.0205692 -0.0245134
vt 0.0257024 -0.0266156
vt 0.0222291 -0.0230189
vt 0.0310495 -0.0077415
vt 0.0304338 -0.00988854
vt 0.0364379 0.00642498
vt 0.0315138 0.00555674
vt 0.0318247 0.00334491
vt 0.0359009 0.00895111
vt 0.0310495 0.0077415
vt 0.0351891 0.0114336
vt 0.0304338 0.00988854
vt 0.0343058 0.0138604
vt 0.0296699 0.0119874
vt 0.0332554 0.0162197
vt 0.0287614 0.0140279
vt 0.0320429 0.0185
vt 0.0277128 0.016
vt 0.0306744 0.0206901
vt 0.0265292 0.0178942
vt 0.0291564 0.0227795
vt 0.0252163 0.0197012
vt 0.0237806 0.0214122
vt 0.0101986 0.0355667
vt 0.0088204 0.0307604
vt 0.00769273 0.0361915
vt 0.00665317 0.0313007
vt -0.00258099 0.0369099
vt -0.00223221 0.031922
vt -2.0819e-18 0.032
vt -0.0051494 0.0366399
vt -0.00445354 0.0316886
vt -0.0291564 0.0227795
vt -0.0343058 0.0138604
vt -0.0296699 0.0119874
vt -0.0367973 0.00386755
vt -0.0318247 0.00334491
vt -0.0315138 0.00555674
vt -0.0369775 0.00129128
vt -0.0319805 0.00111678
vt -0.0369775 -0.00129128
vt -0.0319805 -0.00111678
vt -0.0367973 -0.00386755
vt -0.0318247 -0.00334491
vt -0.0150493 -0.0338012
vt -0.0130156 -0.0292335
vt -0.0126547 -0.0347686
vt -0.0109446 -0.0300702
vt 0.0274964 -0.0247578
vt 0.0237806 -0.0214122
vt 0.0332554 -0.0162197
vt 0.0287614 -0.0140279
vt 0.0277128 -0.016
vt 0.0343058 -0.0138604
vt 0.0296699 -0.0119874
vt 0.0351891 -0.0114336
vt 0.0369775 -0.00129128
vt 0.0319805 -0.00111678
vt 0.0369775 0.00129128
vt 0.0319805 0.00111678
vt 0.0051494 0.0366399
vt 0.00445354 0.0316886
vt -0.00769273 0.0361915
vt -0.00665317 0.0313007
vt -0.0101986 0.0355667
vt -0.0088204 0.0307604
vt -0.0126547 0.0347686
vt -0.0109446 0.0300702
vt -0.0351891 0.0114336
vt -0.0304338 0.00988854
vt -0.0359009 0.00895111
vt -0.0310495 0.0077415
vt -0.0274964 -0.0247578
vt -0.00769273 -0.0361915
vt -0.00665317 -0.0313007
vt -0.0088204 -0.0307604
vt -0.0051494 -0.0366399
vt -0.00445354 -0.0316886
vt 0.0367973 0.00386755
vt -0.0150493 0.0338012
vt -0.0130156 0.0292335
vt -0.0173704 0.0326691
vt -0.0150231 0.0282543
vt -0.0364379 0.00642498
vt -0.0101986 -0.0355667
vt 0.0291564 -0.0227795
vt 0.0252163 -0.0197012
vt 0.0306744 -0.0206901
vt 0.0265292 -0.0178942
vt 0.0320429 -0.0185
vt 0.00258099 0.0369099
vt 0.00223221 0.031922
vt -6.93889e-18 0.037
vt -0.019607 0.0313778
vt -0.0169574 0.0271375
vt -0.0217481 0.0299336
vt -0.00258099 -0.0369099
vt -0.00223221 -0.031922
vt -2.4077e-18 -0.037
vt -0.0351891 -0.0114336
vt -0.0304338 -0.00988854
vt -0.0310495 -0.0077415
vt -0.0343058 -0.0138604
vt -0.0364379 -0.00642498
vt -0.0315138 -0.00555674
vt -0.0359009 -0.00895111
vt -0.0698132 0.018
vt 0 0.018
vt 0 0.003
vt 6.14356 0.018
vt -0.0698132 0.003
vt 6.07375 0.018
vt 6.14356 0.003
vt 6.00393 0.018
vt 6.07375 0.003
vt 5.93412 0.018
vt 6.00393 0.003
vt 5.86431 0.018
vt 5.93412 0.003
vt 5.79449 0.018
vt 5.86431 0.003
vt 5.72468 0.018
vt 5.79449 0.003
vt 5.65487 0.018
vt 5.72468 0.003
vt 5.58505 0.018
vt 5.65487 0.003
vt 5.51524 0.018
vt 5.58505 0.003
vt 5.44543 0.018
vt 5.51524 0.003
vt 5.37561 0.018
vt 5.44543 0.003
vt 5.3058 0.018
vt 5.37561 0.003
vt 5.23599 0.018
vt 5.3058 0.003
vt 5.16617 0.018
vt 5.23599 0.003
vt 5.09636 0.018
vt 5.16617 0.003
vt 5.02655 0.018
vt 5.09636 0.003
vt 4.95674 0.018
vt 5.02655 0.003
vt 4.88692 0.018
vt 4.95674 0.003
vt 4.81711 0.018
vt 4.88692 0.003
vt 4.7473 0.018
vt 4.81711 0.003
vt 4.67748 0.018
vt 4.7473 0.003
vt 4.60767 0.018
vt 4.67748 0.003
vt 4.53786 0.018
vt 4.60767 0.003
vt 4.46804 0.018
vt 4.53786 0.003
vt 4.39823 0.018
vt 4.46804 0.003
vt 4.32842 0.018
vt 4.39823 0.003
vt 4.2586 0.018
vt 4.32842 0.003
vt 4.18879 0.018
vt 4.2586 0.003
vt 4.11898 0.018
vt 4.18879 0.003
vt 4.04916 0.018
vt 4.11898 0.003
vt 3.97935 0.018
vt 4.04916 0.003
vt 3.90954 0.018
vt 3.97935 0.003
vt 3.83972 0.018
vt 3.90954 0.003
vt 3.76991 0.018
vt 3.83972 0.003
vt 3.7001 0.018
vt 3.76991 0.003
vt 3.63028 0.018
vt 3.7001 0.003
vt 3.56047 0.018
vt 3.63028 0.003
vt 3.49066 0.018
vt 3.56047 0.003
vt 3.42085 0.018
vt 3.49066 0.003
vt 3.35103 0.018
vt 3.42085 0.003
vt 3.28122 0.018
vt 3.35103 0.003
vt 3.21141 0.018
vt 3.28122 0.003
vt 3.14159 0.018
vt 3.21141 0.003
vt 3.07178 0.018
vt 3.14159 0.003
vt 3.00197 0.018
vt 3.07178 0.003
vt 2.93215 0.018
vt 3.00197 0.003
vt 2.86234 0.018
vt 2.93215 0.003
vt 2.79253 0.018
vt 2.86234 0.003
vt 2.72271 0.018
vt 2.79253 0.003
vt 2.6529 0.018
vt 2.72271 0.003
vt 2.58309 0.018
vt 2.6529 0.003
vt 2.51327 0.018
vt 2.58309 0.003
vt 2.44346 0.018
vt 2.51327 0.003
vt 2.37365 0.018
vt 2.44346 0.003
vt 2.30383 0.018
vt 2.37365 0.003
vt 2.23402 0.018
vt 2.30383 0.003
vt 2.16421 0.018
vt 2.23402 0.003
vt 2.0944 0.018
vt 2.16421 0.003
vt 2.02458 0.018
vt 2.0944 0.003
vt 1.95477 0.018
vt 2.02458 0.003
vt 1.88496 0.018
vt 1.95477 0.003
vt 1.81514 0.018
vt 1.88496 0.003
vt 1.74533 0.018
vt 1.81514 0.003
vt 1.67552 0.018
vt 1.74533 0.003
vt 1.6057 0.018
vt 1.67552 0.003
vt 1.53589 0.018
vt 1.6057 0.003
vt 1.46608 0.018
vt 1.53589 0.003
vt 1.39626 0.018
vt 1.46608 0.003
vt 1.32645 0.018
vt 1.39626 0.003
vt 1.25664 0.018
vt 1.32645 0.003
vt 1.18682 0.018
vt 1.25664 0.003
vt 1.11701 0.018
vt 1.18682 0.003
vt 1.0472 0.018
vt 1.11701 0.003
vt 0.977384 0.018
vt 1.0472 0.003
vt 0.907571 0.018
vt 0.977384 0.003
vt 0.837758 0.018
vt 0.907571 0.003
vt 0.767945 0.018
vt 0.837758 0.003
vt 0.698132 0.018
vt 0.767945 0.003
vt 0.628319 0.018
vt 0.698132 0.003
vt 0.558505 0.018
vt 0.628319 0.003
vt 0.488692 0.018
vt 0.558505 0.003
vt 0.418879 0.018
vt 0.488692 0.003
vt 0.349066 0.018
vt 0.418879 0.003
vt 0.279253 0.018
vt 0.349066 0.003
vt 0.20944 0.018
vt 0.279253 0.003
vt 0.139626 0.018
vt 0.20944 0.003
vt 0.0698132 0.018
vt 0.139626 0.003
vt 0.0698132 0.003
f 3972/6049/3786 3973/6050/3786 3974/6051/3786
f 3972/6049/3786 3975/6052/3786 3976/6053/3786
f 3977/6054/3786 3974/6051/3786 3978/6055/3786
f 3976/6053/3786 3973/6050/3786 3972/6049/3786
f 3979/6056/3786 3980/6057/3786 3981/6058/3786
f 3980/6057/3786 3982/6059/3786 3983/6060/3786
f 3984/6061/3786 3985/6062/3786 3986/6063/3786
f 3987/6064/3786 3988/6065/3786 3985/6062/3786
f 3989/6066/3786 3990/6067/3786 3988/6065/3786
f 3991/6068/3786 3992/6069/3786 3990/6067/3786
f 3993/6070/3786 3994/6071/3786 3992/6069/3786
f 3993/6070/3786 3995/6072/3786 3996/6073/3786
f 3997/6074/3786 3998/6075/3786 3978/6055/3786
f 3974/6051/3786 3977/6054/3786 3972/6049/3786
f 3975/6052/3786 3999/6076/3786 4000/6077/3786
f 3999/6076/3786 4001/6078/3786 4002/6079/3786
f 4001/6078/3786 3979/6056/3786 4003/6080/3786
f 3983/6060/3786 3981/6058/3786 3980/6057/3786
f 3982/6059/3786 4004/6081/3786 4005/6082/3786
f 4004/6081/3786 4006/6083/3786 4007/6084/3786
f 4008/6085/3786 3986/6063/3786 4009/6086/3786
f 3985/6062/3786 3984/6061/3786 3987/6064/3786
f 3990/6067/3786 3989/6066/3786 3991/6068/3786
f 3996/6073/3786 3994/6071/3786 3993/6070/3786
f 4010/6087/3786 4011/6088/3786 4012/6089/3786
f 4013/6090/3786 4014/6091/3786 4011/6088/3786
f 3978/6055/3786 3998/6075/3786 3977/6054/3786
f 4002/6079/3786 4000/6077/3786 3999/6076/3786
f 3981/6058/3786 4003/6080/3786 3979/6056/3786
f 4007/6084/3786 4005/6082/3786 4004/6081/3786
f 3986/6063/3786 4008/6085/3786 3984/6061/3786
f 3992/6069/3786 3991/6068/3786 3993/6070/3786
f 4015/6092/3786 4012/6089/3786 3996/6073/3786
f 4011/6088/3786 4010/6087/3786 4013/6090/3786
f 4000/6077/3786 3976/6053/3786 3975/6052/3786
f 4005/6082/3786 3983/6060/3786 3982/6059/3786
f 4016/6093/3786 4017/6094/3786 4007/6084/3786
f 4018/6095/3786 4019/6096/3786 4017/6094/3786
f 4020/6097/3786 4021/6098/3786 4022/6099/3786
f 4021/6098/3786 4023/6100/3786 4024/6101/3786
f 4023/6100/3786 4025/6102/3786 4026/6103/3786
f 4025/6102/3786 4027/6104/3786 4028/6105/3786
f 3988/6065/3786 3987/6064/3786 3989/6066/3786
f 4012/6089/3786 4015/6092/3786 4010/6087/3786
f 4029/6106/3786 4030/6107/3786 4031/6108/3786
f 4029/6106/3786 4032/6109/3786 4033/6110/3786
f 4034/6111/3786 4035/6112/3786 4033/6110/3786
f 4034/6111/3786 4036/6113/3786 4037/6114/3786
f 4003/6080/3786 4002/6079/3786 4001/6078/3786
f 4017/6094/3786 4016/6093/3786 4018/6095/3786
f 4038/6115/3786 4039/6116/3786 4019/6096/3786
f 4038/6115/3786 4040/6117/3786 4041/6118/3786
f 4040/6117/3786 4042/6119/3786 4043/6120/3786
f 4042/6119/3786 4044/6121/3786 4045/6122/3786
f 4024/6101/3786 4022/6099/3786 4021/6098/3786
f 4028/6105/3786 4026/6103/3786 4025/6102/3786
f 3996/6073/3786 3995/6072/3786 4015/6092/3786
f 4046/6123/3786 4031/6108/3786 4014/6091/3786
f 4033/6110/3786 4030/6107/3786 4029/6106/3786
f 4037/6114/3786 4035/6112/3786 4034/6111/3786
f 4047/6124/3786 4048/6125/3786 4037/6114/3786
f 4047/6124/3786 4049/6126/3786 4050/6127/3786
f 4051/6128/3786 4052/6129/3786 4050/6127/3786
f 4051/6128/3786 4053/6130/3786 4054/6131/3786
f 4007/6084/3786 4006/6083/3786 4016/6093/3786
f 4041/6118/3786 4039/6116/3786 4038/6115/3786
f 4045/6122/3786 4043/6120/3786 4042/6119/3786
f 4044/6121/3786 4055/6132/3786 4056/6133/3786
f 4057/6134/3786 4058/6135/3786 4056/6133/3786
f 4057/6134/3786 4020/6097/3786 4059/6136/3786
f 4026/6103/3786 4024/6101/3786 4023/6100/3786
f 4027/6104/3786 4060/6137/3786 4061/6138/3786
f 4062/6139/3786 4063/6140/3786 4064/6141/3786
f 4062/6139/3786 4065/6142/3786 4066/6143/3786
f 4067/6144/3786 4068/6145/3786 4069/6146/3786
f 4067/6144/3786 4070/6147/3786 4071/6148/3786
f 4014/6091/3786 4013/6090/3786 4046/6123/3786
f 4033/6110/3786 4032/6109/3786 4034/6111/3786
f 4050/6127/3786 4048/6125/3786 4047/6124/3786
f 4054/6131/3786 4052/6129/3786 4051/6128/3786
f 4072/6149/3786 4073/6150/3786 4054/6131/3786
f 4074/6151/3786 4075/6152/3786 4073/6150/3786
f 4076/6153/3786 4077/6154/3786 4078/6155/3786
f 4079/6156/3786 4080/6157/3786 4077/6154/3786
f 4019/6096/3786 4018/6095/3786 4038/6115/3786
f 4056/6133/3786 4045/6122/3786 4044/6121/3786
f 4059/6136/3786 4058/6135/3786 4057/6134/3786
f 4061/6138/3786 4028/6105/3786 4027/6104/3786
f 4060/6137/3786 4081/6158/3786 4064/6141/3786
f 4066/6143/3786 4063/6140/3786 4062/6139/3786
f 4065/6142/3786 4082/6159/3786 4083/6160/3786
f 4082/6159/3786 4084/6161/3786 4085/6162/3786
f 4071/6148/3786 4068/6145/3786 4067/6144/3786
f 4070/6147/3786 4086/6163/3786 4087/6164/3786
f 4031/6108/3786 4046/6123/3786 4029/6106/3786
f 4050/6127/3786 4049/6126/3786 4051/6128/3786
f 4073/6150/3786 4072/6149/3786 4074/6151/3786
f 4074/6151/3786 4088/6165/3786 4078/6155/3786
f 4077/6154/3786 4076/6153/3786 4079/6156/3786
f 4079/6156/3786 4089/6166/3786 4090/6167/3786
f 4043/6120/3786 4041/6118/3786 4040/6117/3786
f 4022/6099/3786 4059/6136/3786 4020/6097/3786
f 4064/6141/3786 4081/6158/3786 4062/6139/3786
f 4085/6162/3786 4083/6160/3786 4082/6159/3786
f 4091/6168/3786 4092/6169/3786 4093/6170/3786
f 4091/6168/3786 4094/6171/3786 4095/6172/3786
f 4094/6171/3786 4096/6173/3786 4097/6174/3786
f 4096/6173/3786 4098/6175/3786 4099/6176/3786
f 4100/6177/3786 4101/6178/3786 4102/6179/3786
f 4100/6177/3786 4103/6180/3786 4104/6181/3786
f 4103/6180/3786 4105/6182/3786 4069/6146/3786
f 4087/6164/3786 4071/6148/3786 4070/6147/3786
f 4106/6183/3786 4107/6184/3786 4087/6164/3786
f 4108/6185/3786 4109/6186/3786 4107/6184/3786
f 4110/6187/3786 4111/6188/3786 4109/6186/3786
f 4110/6187/3786 4112/6189/3786 4113/6190/3786
f 4037/6114/3786 4036/6113/3786 4047/6124/3786
f 4078/6155/3786 4075/6152/3786 4074/6151/3786
f 4090/6167/3786 4080/6157/3786 4079/6156/3786
f 4114/6191/3786 4115/6192/3786 4090/6167/3786
f 4116/6193/3786 4117/6194/3786 4118/6195/3786
f 4116/6193/3786 3997/6074/3786 4119/6196/3786
f 4056/6133/3786 4055/6132/3786 4057/6134/3786
f 4083/6160/3786 4066/6143/3786 4065/6142/3786
f 4095/6172/3786 4092/6169/3786 4091/6168/3786
f 4099/6176/3786 4097/6174/3786 4096/6173/3786
f 4104/6181/3786 4101/6178/3786 4100/6177/3786
f 4069/6146/3786 4105/6182/3786 4067/6144/3786
f 4107/6184/3786 4106/6183/3786 4108/6185/3786
f 4113/6190/3786 4111/6188/3786 4110/6187/3786
f 4120/6197/3786 4121/6198/3786 4122/6199/3786
f 4123/6200/3786 4124/6201/3786 4121/6198/3786
f 4054/6131/3786 4053/6130/3786 4072/6149/3786
f 4090/6167/3786 4089/6166/3786 4114/6191/3786
f 4125/6202/3786 4126/6203/3786 4115/6192/3786
f 4125/6202/3786 4127/6204/3786 4118/6195/3786
f 4119/6196/3786 4117/6194/3786 4116/6193/3786
f 4064/6141/3786 4061/6138/3786 4060/6137/3786
f 4084/6161/3786 4128/6205/3786 4129/6206/3786
f 4128/6205/3786 4130/6207/3786 4131/6208/3786
f 4097/6174/3786 4095/6172/3786 4094/6171/3786
f 4098/6175/3786 4132/6209/3786 4102/6179/3786
f 4069/6146/3786 4104/6181/3786 4103/6180/3786
f 4109/6186/3786 4108/6185/3786 4110/6187/3786
f 4121/6198/3786 4120/6197/3786 4123/6200/3786
f 4133/6210/3786 4134/6211/3786 4124/6201/3786
f 4135/6212/3786 4136/6213/3786 4134/6211/3786
f 4135/6212/3786 4137/6214/3786 4138/6215/3786
f 4078/6155/3786 4088/6165/3786 4076/6153/3786
f 4118/6195/3786 4126/6203/3786 4125/6202/3786
f 3978/6055/3786 4119/6196/3786 3997/6074/3786
f 4131/6208/3786 4129/6206/3786 4128/6205/3786
f 4102/6179/3786 4099/6176/3786 4098/6175/3786
f 4087/6164/3786 4086/6163/3786 4106/6183/3786
f 4139/6216/3786 4140/6217/3786 4113/6190/3786
f 4139/6216/3786 4141/6218/3786 4142/6219/3786
f 4143/6220/3786 4144/6221/3786 4142/6219/3786
f 4143/6220/3786 4145/6222/3786 4122/6199/3786
f 4124/6201/3786 4123/6200/3786 4133/6210/3786
f 4138/6215/3786 4136/6213/3786 4135/6212/3786
f 4115/6192/3786 4114/6191/3786 4125/6202/3786
f 4129/6206/3786 4085/6162/3786 4084/6161/3786
f 4146/6223/3786 4147/6224/3786 4131/6208/3786
f 4146/6223/3786 4148/6225/3786 4093/6170/3786
f 4102/6179/3786 4132/6209/3786 4100/6177/3786
f 4142/6219/3786 4140/6217/3786 4139/6216/3786
f 4122/6199/3786 4144/6221/3786 4143/6220/3786
f 4134/6211/3786 4133/6210/3786 4135/6212/3786
f 4118/6195/3786 4127/6204/3786 4116/6193/3786
f 4093/6170/3786 4147/6224/3786 4146/6223/3786
f 4113/6190/3786 4112/6189/3786 4139/6216/3786
f 4122/6199/3786 4145/6222/3786 4120/6197/3786
f 4149/6226/3786 4150/6227/3786 4138/6215/3786
f 4149/6226/3786 4151/6228/3786 4009/6086/3786
f 4131/6208/3786 4130/6207/3786 4146/6223/3786
f 4142/6219/3786 4141/6218/3786 4143/6220/3786
f 4009/6086/3786 4150/6227/3786 4149/6226/3786
f 4093/6170/3786 4148/6225/3786 4091/6168/3786
f 4009/6086/3786 4151/6228/3786 4008/6085/3786
f 4138/6215/3786 4137/6214/3786 4149/6226/3786
f 4137/6229/3787 4152/6230/3787 4153/6231/3788
f 4149/6232/3788 4153/6231/3788 4154/6233/3789
f 4151/6234/3789 4154/6233/3789 4155/6235/3790
f 4008/6236/3790 4155/6235/3790 4156/6237/3791
f 3984/6238/3791 4156/6237/3791 4157/6239/3792
f 3987/6240/3792 4157/6239/3792 4158/6241/3793
f 3989/6242/3793 4158/6241/3793 4159/6243/3794
f 3991/6244/3794 4159/6243/3794 4160/6245/3795
f 3993/6246/3795 4160/6245/3795 4161/6247/3796
f 3995/6248/3796 4161/6247/3796 4162/6249/3797
f 4015/6250/3797 4162/6249/3797 4163/6251/3798
f 4010/6252/3798 4163/6251/3798 4164/6253/3799
f 4013/6254/3799 4164/6253/3799 4165/6255/3800
f 4046/6256/3800 4165/6255/3800 4166/6257/3801
f 4029/6258/3801 4166/6257/3801 4167/6259/3802
f 4032/6260/3802 4167/6259/3802 4168/6261/3803
f 4034/6262/3803 4168/6261/3803 4169/6263/3804
f 4036/6264/3804 4169/6263/3804 4170/6265/3805
f 4047/6266/3805 4170/6265/3805 4171/6267/3806
f 4049/6268/3806 4171/6267/3806 4172/6269/3807
f 4051/6270/3807 4172/6269/3807 4173/6271/3808
f 4053/6272/3808 4173/6271/3808 4174/6273/3809
f 4072/6274/3809 4174/6273/3809 4175/6275/3810
f 4074/6276/3810 4175/6275/3810 4176/6277/3811
f 4088/6278/3811 4176/6277/3811 4177/6279/3812
f 4076/6280/3812 4177/6279/3812 4178/6281/3813
f 4079/6282/3813 4178/6281/3813 4179/6283/3814
f 4089/6284/3814 4179/6283/3814 4180/6285/3815
f 4114/6286/3815 4180/6285/3815 4181/6287/3816
f 4125/6288/3816 4181/6287/3816 4182/6289/3817
f 4127/6290/3817 4182/6289/3817 4183/6291/3818
f 4116/6292/3818 4183/6291/3818 4184/6293/3819
f 3997/6294/3819 4184/6293/3819 4185/6295/3820
f 3998/6296/3820 4185/6295/3820 4186/6297/3821
f 3977/6298/3821 4186/6297/3821 4187/6299/3822
f 3972/6300/3822 4187/6299/3822 4188/6301/3823
f 3975/6302/3823 4188/6301/3823 4189/6303/3824
f 3999/6304/3824 4189/6303/3824 4190/6305/3825
f 4001/6306/3825 4190/6305/3825 4191/6307/3826
f 3979/6308/3826 4191/6307/3826 4192/6309/3827
f 3980/6310/3827 4192/6309/3827 4193/6311/3828
f 3982/6312/3828 4193/6311/3828 4194/6313/3829
f 4004/6314/3829 4194/6313/3829 4195/6315/3830
f 4006/6316/3830 4195/6315/3830 4196/6317/3831
f 4016/6318/3831 4196/6317/3831 4197/6319/3832
f 4018/6320/3832 4197/6319/3832 4198/6321/3833
f 4038/6322/3833 4198/6321/3833 4199/6323/3834
f 4040/6324/3834 4199/6323/3834 4200/6325/3835
f 4042/6326/3835 4200/6325/3835 4201/6327/3836
f 4044/6328/3836 4201/6327/3836 4202/6329/3837
f 4055/6330/3837 4202/6329/3837 4203/6331/3838
f 4057/6332/3838 4203/6331/3838 4204/6333/3839
f 4020/6334/3839 4204/6333/3839 4205/6335/3840
f 4021/6336/3840 4205/6335/3840 4206/6337/3841
f 4023/6338/3841 4206/6337/3841 4207/6339/3842
f 4025/6340/3842 4207/6339/3842 4208/6341/3843
f 4027/6342/3843 4208/6341/3843 4209/6343/3844
f 4060/6344/3844 4209/6343/3844 4210/6345/3845
f 4081/6346/3845 4210/6345/3845 4211/6347/3846
f 4062/6348/3846 4211/6347/3846 4212/6349/3847
f 4065/6350/3847 4212/6349/3847 4213/6351/3848
f 4082/6352/3848 4213/6351/3848 4214/6353/3849
f 4084/6354/3849 4214/6353/3849 4215/6355/3850
f 4128/6356/3850 4215/6355/3850 4216/6357/3851
f 4130/6358/3851 4216/6357/3851 4217/6359/3852
f 4146/6360/3852 4217/6359/3852 4218/6361/3853
f 4148/6362/3853 4218/6361/3853 4219/6363/3854
f 4091/6364/3854 4219/6363/3854 4220/6365/3855
f 4094/6366/3855 4220/6365/3855 4221/6367/3856
f 4096/6368/3856 4221/6367/3856 4222/6369/3857
f 4098/6370/3857 4222/6369/3857 4223/6371/3858
f 4132/6372/3858 4223/6371/3858 4224/6373/3859
f 4100/6374/3859 4224/6373/3859 4225/6375/3860
f 4103/6376/3860 4225/6375/3860 4226/6377/3861
f 4105/6378/3861 4226/6377/3861 4227/6379/3862
f 4067/6380/3862 4227/6379/3862 4228/6381/3863
f 4070/6382/3863 4228/6381/3863 4229/6383/3864
f 4086/6384/3864 4229/6383/3864 4230/6385/3865
f 4106/6386/3865 4230/6385/3865 4231/6387/3866
f 4108/6388/3866 4231/6387/3866 4232/6389/3867
f 4110/6390/3867 4232/6389/3867 4233/6391/3868
f 4112/6392/3868 4233/6391/3868 4234/6393/3869
f 4139/6394/3869 4234/6393/3869 4235/6395/3870
f 4141/6396/3870 4235/6395/3870 4236/6397/3871
f 4143/6398/3871 4236/6397/3871 4237/6399/3872
f 4145/6400/3872 4237/6399/3872 4238/6401/3873
f 4120/6402/3873 4238/6401/3873 4239/6403/3874
f 4123/6404/3874 4239/6403/3874 4240/6405/3875
f 4133/6406/3875 4240/6405/3875 4241/6407/3876
f 4135/6408/3876 4241/6407/3876 4152/6230/3787
f 4152/6230/3787 4137/6229/3787 4135/6408/3876
f 4241/6407/3876 4135/6408/3876 4133/6406/3875
f 4240/6405/3875 4133/6406/3875 4123/6404/3874
f 4239/6403/3874 4123/6404/3874 4120/6402/3873
f 4238/6401/3873 4120/6402/3873 4145/6400/3872
f 4237/6399/3872 4145/6400/3872 4143/6398/3871
f 4236/6397/3871 4143/6398/3871 4141/6396/3870
f 4235/6395/3870 4141/6396/3870 4139/6394/3869
f 4234/6393/3869 4139/6394/3869 4112/6392/3868
f 4233/6391/3868 4112/6392/3868 4110/6390/3867
f 4232/6389/3867 4110/6390/3867 4108/6388/3866
f 4231/6387/3866 4108/6388/3866 4106/6386/3865
f 4230/6385/3865 4106/6386/3865 4086/6384/3864
f 4229/6383/3864 4086/6384/3864 4070/6382/3863
f 4228/6381/3863 4070/6382/3863 4067/6380/3862
f 4227/6379/3862 4067/6380/3862 4105/6378/3861
f 4226/6377/3861 4105/6378/3861 4103/6376/3860
f 4225/6375/3860 4103/6376/3860 4100/6374/3859
f 4224/6373/3859 4100/6374/3859 4132/6372/3858
f 4223/6371/3858 4132/6372/3858 4098/6370/3857
f 4222/6369/3857 4098/6370/3857 4096/6368/3856
f 4221/6367/3856 4096/6368/3856 4094/6366/3855
f 4220/6365/3855 4094/6366/3855 4091/6364/3854
f 4219/6363/3854 4091/6364/3854 4148/6362/3853
f 4218/6361/3853 4148/6362/3853 4146/6360/3852
f 4217/6359/3852 4146/6360/3852 4130/6358/3851
f 4216/6357/3851 4130/6358/3851 4128/6356/3850
f 4215/6355/3850 4128/6356/3850 4084/6354/3849
f 4214/6353/3849 4084/6354/3849 4082/6352/3848
f 4213/6351/3848 4082/6352/3848 4065/6350/3847
f 4212/6349/3847 4065/6350/3847 4062/6348/3846
f 4211/6347/3846 4062/6348/3846 4081/6346/3845
f 4210/6345/3845 4081/6346/3845 4060/6344/3844
f 4209/6343/3844 4060/6344/3844 4027/6342/3843
f 4208/6341/3843 4027/6342/3843 4025/6340/3842
f 4207/6339/3842 4025/6340/3842 4023/6338/3841
f 4206/6337/3841 4023/6338/3841 4021/6336/3840
f 4205/6335/3840 4021/6336/3840 4020/6334/3839
f 4204/6333/3839 4020/6334/3839 4057/6332/3838
f 4203/6331/3838 4057/6332/3838 4055/6330/3837
f 4202/6329/3837 4055/6330/3837 4044/6328/3836
f 4201/6327/3836 4044/6328/3836 4042/6326/3835
f 4200/6325/3835 4042/6326/3835 4040/6324/3834
f 4199/6323/3834 4040/6324/3834 4038/6322/3833
f 4198/6321/3833 4038/6322/3833 4018/6320/3832
f 4197/6319/3832 4018/6320/3832 4016/6318/3831
f 4196/6317/3831 4016/6318/3831 4006/6316/3830
f 4195/6315/3830 4006/6316/3830 4004/6314/3829
f 4194/6313/3829 4004/6314/3829 3982/6312/3828
f 4193/6311/3828 3982/6312/3828 3980/6310/3827
f 4192/6309/3827 3980/6310/3827 3979/6308/3826
f 4191/6307/3826 3979/6308/3826 4001/6306/3825
f 4190/6305/3825 4001/6306/3825 3999/6304/3824
f 4189/6303/3824 3999/6304/3824 3975/6302/3823
f 4188/6301/3823 3975/6302/3823 3972/6300/3822
f 4187/6299/3822 3972/6300/3822 3977/6298/3821
f 4186/6297/3821 3977/6298/3821 3998/6296/3820
f 4185/6295/3820 3998/6296/3820 3997/6294/3819
f 4184/6293/3819 3997/6294/3819 4116/6292/3818
f 4183/6291/3818 4116/6292/3818 4127/6290/3817
f 4182/6289/3817 4127/6290/3817 4125/6288/3816
f 4181/6287/3816 4125/6288/3816 4114/6286/3815
f 4180/6285/3815 4114/6286/3815 4089/6284/3814
f 4179/6283/3814 4089/6284/3814 4079/6282/3813
f 4178/6281/3813 4079/6282/3813 4076/6280/3812
f 4177/6279/3812 4076/6280/3812 4088/6278/3811
f 4176/6277/3811 4088/6278/3811 4074/6276/3810
f 4175/6275/3810 4074/6276/3810 4072/6274/3809
f 4174/6273/3809 4072/6274/3809 4053/6272/3808
f 4173/6271/3808 4053/6272/3808 4051/6270/3807
f 4172/6269/3807 4051/6270/3807 4049/6268/3806
f 4171/6267/3806 4049/6268/3806 4047/6266/3805
f 4170/6265/3805 4047/6266/3805 4036/6264/3804
f 4169/6263/3804 4036/6264/3804 4034/6262/3803
f 4168/6261/3803 4034/6262/3803 4032/6260/3802
f 4167/6259/3802 4032/6260/3802 4029/6258/3801
f 4166/6257/3801 4029/6258/3801 4046/6256/3800
f 4165/6255/3800 4046/6256/3800 4013/6254/3799
f 4164/6253/3799 4013/6254/3799 4010/6252/3798
f 4163/6251/3798 4010/6252/3798 4015/6250/3797
f 4162/6249/3797 4015/6250/3797 3995/6248/3796
f 4161/6247/3796 3995/6248/3796 3993/6246/3795
f 4160/6245/3795 3993/6246/3795 3991/6244/3794
f 4159/6243/3794 3991/6244/3794 3989/6242/3793
f 4158/6241/3793 3989/6242/3793 3987/6240/3792
f 4157/6239/3792 3987/6240/3792 3984/6238/3791
f 4156/6237/3791 3984/6238/3791 4008/6236/3790
f 4155/6235/3790 4008/6236/3790 4151/6234/3789
f 4154/6233/3789 4151/6234/3789 4149/6232/3788
f 4153/6231/3788 4149/6232/3788 4137/6229/3787
f 4192/6409/3877 4242/6410/3877 4243/6411/3877
f 4191/6412/3877 4244/6413/3877 4242/6410/3877
f 4194/6414/3877 4245/6415/3877 4246/6416/3877
f 4193/6417/3877 4243/6411/3877 4245/6415/3877
f 4242/6410/3877 4192/6409/3877 4191/6412/3877
f 4190/6418/3877 4247/6419/3877 4244/6413/3877
f 4164/6420/3877 4163/6421/3877 4248/6422/3877
f 4163/6421/3877 4162/6423/3877 4249/6424/3877
f 4232/6425/3877 4250/6426/3877 4251/6427/3877
f 4232/6425/3877 4231/6428/3877 4252/6429/3877
f 4228/6430/3877 4253/6431/3877 4254/6432/3877
f 4227/6433/3877 4255/6434/3877 4253/6431/3877
f 4207/6435/3877 4256/6436/3877 4257/6437/3877
f 4206/6438/3877 4258/6439/3877 4256/6436/3877
f 4196/6440/3877 4259/6441/3877 4260/6442/3877
f 4196/6440/3877 4195/6443/3877 4246/6416/3877
f 4245/6415/3877 4194/6414/3877 4193/6417/3877
f 4244/6413/3877 4191/6412/3877 4190/6418/3877
f 4178/6444/3877 4177/6445/3877 4261/6446/3877
f 4177/6445/3877 4176/6447/3877 4262/6448/3877
f 4249/6424/3877 4248/6422/3877 4163/6421/3877
f 4162/6423/3877 4161/6449/3877 4263/6450/3877
f 4160/6451/3877 4264/6452/3877 4263/6450/3877
f 4160/6451/3877 4159/6453/3877 4265/6454/3877
f 4159/6453/3877 4158/6455/3877 4266/6456/3877
f 4158/6455/3877 4157/6457/3877 4267/6458/3877
f 4252/6429/3877 4250/6426/3877 4232/6425/3877
f 4231/6428/3877 4230/6459/3877 4268/6460/3877
f 4253/6431/3877 4228/6430/3877 4227/6433/3877
f 4227/6433/3877 4226/6461/3877 4269/6462/3877
f 4213/6463/3877 4270/6464/3877 4271/6465/3877
f 4212/6466/3877 4272/6467/3877 4270/6464/3877
f 4211/6468/3877 4273/6469/3877 4272/6467/3877
f 4211/6468/3877 4210/6470/3877 4274/6471/3877
f 4208/6472/3877 4257/6437/3877 4275/6473/3877
f 4256/6436/3877 4207/6435/3877 4206/6438/3877
f 4205/6474/3877 4276/6475/3877 4258/6439/3877
f 4204/6476/3877 4277/6477/3877 4276/6475/3877
f 4246/6416/3877 4259/6441/3877 4196/6440/3877
f 4243/6411/3877 4193/6417/3877 4192/6409/3877
f 4189/6478/3877 4278/6479/3877 4247/6419/3877
f 4188/6480/3877 4279/6481/3877 4278/6479/3877
f 4187/6482/3877 4280/6483/3877 4279/6481/3877
f 4187/6482/3877 4186/6484/3877 4281/6485/3877
f 4178/6444/3877 4282/6486/3877 4283/6487/3877
f 4262/6448/3877 4261/6446/3877 4177/6445/3877
f 4172/6488/3877 4284/6489/3877 4285/6490/3877
f 4172/6488/3877 4171/6491/3877 4286/6492/3877
f 4170/6493/3877 4287/6494/3877 4286/6492/3877
f 4170/6493/3877 4169/6495/3877 4288/6496/3877
f 4168/6497/3877 4289/6498/3877 4288/6496/3877
f 4168/6497/3877 4167/6499/3877 4290/6500/3877
f 4166/6501/3877 4291/6502/3877 4290/6500/3877
f 4166/6501/3877 4165/6503/3877 4292/6504/3877
f 4165/6503/3877 4164/6420/3877 4293/6505/3877
f 4263/6450/3877 4249/6424/3877 4162/6423/3877
f 4265/6454/3877 4264/6452/3877 4160/6451/3877
f 4267/6458/3877 4266/6456/3877 4158/6455/3877
f 4157/6457/3877 4156/6506/3877 4294/6507/3877
f 4156/6506/3877 4155/6508/3877 4295/6509/3877
f 4241/6510/3877 4296/6511/3877 4297/6512/3877
f 4241/6510/3877 4240/6513/3877 4298/6514/3877
f 4268/6460/3877 4252/6429/3877 4231/6428/3877
f 4230/6459/3877 4229/6515/3877 4254/6432/3877
f 4269/6462/3877 4255/6434/3877 4227/6433/3877
f 4226/6461/3877 4225/6516/3877 4299/6517/3877
f 4221/6518/3877 4300/6519/3877 4301/6520/3877
f 4220/6521/3877 4302/6522/3877 4300/6519/3877
f 4219/6523/3877 4303/6524/3877 4302/6522/3877
f 4219/6523/3877 4218/6525/3877 4304/6526/3877
f 4270/6464/3877 4213/6463/3877 4212/6466/3877
f 4274/6471/3877 4273/6469/3877 4211/6468/3877
f 4257/6437/3877 4208/6472/3877 4207/6435/3877
f 4276/6475/3877 4205/6474/3877 4204/6476/3877
f 4203/6527/3877 4305/6528/3877 4277/6477/3877
f 4203/6527/3877 4202/6529/3877 4306/6530/3877
f 4246/6416/3877 4195/6443/3877 4194/6414/3877
f 4278/6479/3877 4189/6478/3877 4188/6480/3877
f 4281/6485/3877 4280/6483/3877 4187/6482/3877
f 4186/6484/3877 4185/6531/3877 4307/6532/3877
f 4181/6533/3877 4308/6534/3877 4309/6535/3877
f 4181/6533/3877 4180/6536/3877 4310/6537/3877
f 4180/6536/3877 4179/6538/3877 4283/6487/3877
f 4261/6446/3877 4282/6486/3877 4178/6444/3877
f 4175/6539/3877 4311/6540/3877 4262/6448/3877
f 4175/6539/3877 4174/6541/3877 4312/6542/3877
f 4286/6492/3877 4284/6489/3877 4172/6488/3877
f 4288/6496/3877 4287/6494/3877 4170/6493/3877
f 4290/6500/3877 4289/6498/3877 4168/6497/3877
f 4292/6504/3877 4291/6502/3877 4166/6501/3877
f 4248/6422/3877 4293/6505/3877 4164/6420/3877
f 4266/6456/3877 4265/6454/3877 4159/6453/3877
f 4295/6509/3877 4294/6507/3877 4156/6506/3877
f 4155/6508/3877 4154/6543/3877 4313/6544/3877
f 4298/6514/3877 4296/6511/3877 4241/6510/3877
f 4240/6513/3877 4239/6545/3877 4314/6546/3877
f 4239/6545/3877 4238/6547/3877 4315/6548/3877
f 4238/6547/3877 4237/6549/3877 4316/6550/3877
f 4254/6432/3877 4268/6460/3877 4230/6459/3877
f 4299/6517/3877 4269/6462/3877 4226/6461/3877
f 4225/6516/3877 4224/6551/3877 4317/6552/3877
f 4224/6551/3877 4223/6553/3877 4318/6554/3877
f 4300/6519/3877 4221/6518/3877 4220/6521/3877
f 4304/6526/3877 4303/6524/3877 4219/6523/3877
f 4272/6467/3877 4212/6466/3877 4211/6468/3877
f 4209/6555/3877 4275/6473/3877 4274/6471/3877
f 4258/6439/3877 4206/6438/3877 4205/6474/3877
f 4306/6530/3877 4305/6528/3877 4203/6527/3877
f 4200/6556/3877 4319/6557/3877 4320/6558/3877
f 4199/6559/3877 4321/6560/3877 4319/6557/3877
f 4247/6419/3877 4190/6418/3877 4189/6478/3877
f 4307/6532/3877 4281/6485/3877 4186/6484/3877
f 4310/6537/3877 4308/6534/3877 4181/6533/3877
f 4283/6487/3877 4179/6538/3877 4178/6444/3877
f 4312/6542/3877 4311/6540/3877 4175/6539/3877
f 4174/6541/3877 4173/6561/3877 4285/6490/3877
f 4286/6492/3877 4171/6491/3877 4170/6493/3877
f 4290/6500/3877 4167/6499/3877 4166/6501/3877
f 4263/6450/3877 4161/6449/3877 4160/6451/3877
f 4313/6544/3877 4295/6509/3877 4155/6508/3877
f 4314/6546/3877 4298/6514/3877 4240/6513/3877
f 4316/6550/3877 4315/6548/3877 4238/6547/3877
f 4236/6562/3877 4322/6563/3877 4316/6550/3877
f 4236/6562/3877 4235/6564/3877 4323/6565/3877
f 4254/6432/3877 4229/6515/3877 4228/6430/3877
f 4318/6554/3877 4317/6552/3877 4224/6551/3877
f 4222/6566/3877 4301/6520/3877 4318/6554/3877
f 4302/6522/3877 4220/6521/3877 4219/6523/3877
f 4274/6471/3877 4210/6470/3877 4209/6555/3877
f 4277/6477/3877 4204/6476/3877 4203/6527/3877
f 4201/6567/3877 4320/6558/3877 4306/6530/3877
f 4319/6557/3877 4200/6556/3877 4199/6559/3877
f 4279/6481/3877 4188/6480/3877 4187/6482/3877
f 4184/6568/3877 4324/6569/3877 4307/6532/3877
f 4183/6570/3877 4325/6571/3877 4324/6569/3877
f 4183/6570/3877 4182/6572/3877 4309/6535/3877
f 4283/6487/3877 4310/6537/3877 4180/6536/3877
f 4285/6490/3877 4312/6542/3877 4174/6541/3877
f 4288/6496/3877 4169/6495/3877 4168/6497/3877
f 4294/6507/3877 4267/6458/3877 4157/6457/3877
f 4153/6573/3877 4326/6574/3877 4313/6544/3877
f 4153/6573/3877 4152/6575/3877 4297/6512/3877
f 4315/6548/3877 4314/6546/3877 4239/6545/3877
f 4323/6565/3877 4322/6563/3877 4236/6562/3877
f 4234/6576/3877 4327/6577/3877 4323/6565/3877
f 4234/6576/3877 4233/6578/3877 4251/6427/3877
f 4317/6552/3877 4299/6517/3877 4225/6516/3877
f 4301/6520/3877 4222/6566/3877 4221/6518/3877
f 4275/6473/3877 4209/6555/3877 4208/6472/3877
f 4320/6558/3877 4201/6567/3877 4200/6556/3877
f 4198/6579/3877 4328/6580/3877 4321/6560/3877
f 4198/6579/3877 4197/6581/3877 4260/6442/3877
f 4307/6532/3877 4185/6531/3877 4184/6568/3877
f 4309/6535/3877 4325/6571/3877 4183/6570/3877
f 4262/6448/3877 4176/6447/3877 4175/6539/3877
f 4293/6505/3877 4292/6504/3877 4165/6503/3877
f 4297/6512/3877 4326/6574/3877 4153/6573/3877
f 4316/6550/3877 4237/6549/3877 4236/6562/3877
f 4251/6427/3877 4327/6577/3877 4234/6576/3877
f 4318/6554/3877 4223/6553/3877 4222/6566/3877
f 4215/6582/3877 4329/6583/3877 4330/6584/3877
f 4215/6582/3877 4214/6585/3877 4271/6465/3877
f 4306/6530/3877 4202/6529/3877 4201/6567/3877
f 4260/6442/3877 4328/6580/3877 4198/6579/3877
f 4324/6569/3877 4184/6568/3877 4183/6570/3877
f 4285/6490/3877 4173/6561/3877 4172/6488/3877
f 4297/6512/3877 4152/6575/3877 4241/6510/3877
f 4251/6427/3877 4233/6578/3877 4232/6425/3877
f 4217/6586/3877 4331/6587/3877 4304/6526/3877
f 4217/6586/3877 4216/6588/3877 4330/6584/3877
f 4271/6465/3877 4329/6583/3877 4215/6582/3877
f 4321/6560/3877 4199/6559/3877 4198/6579/3877
f 4309/6535/3877 4182/6572/3877 4181/6533/3877
f 4323/6565/3877 4235/6564/3877 4234/6576/3877
f 4330/6584/3877 4331/6587/3877 4217/6586/3877
f 4271/6465/3877 4214/6585/3877 4213/6463/3877
f 4313/6544/3877 4154/6543/3877 4153/6573/3877
f 4330/6584/3877 4216/6588/3877 4215/6582/3877
f 4304/6526/3877 4218/6525/3877 4217/6586/3877
f 4260/6442/3877 4197/6581/3877 4196/6440/3877
f 4136/6589/3878 4138/6590/3879 4297/6591/3879
f 4134/6592/3880 4136/6589/3878 4296/6593/3881
f 4124/6594/3882 4134/6592/3880 4298/6595/3883
f 4121/6596/3884 4124/6594/3882 4314/6597/3885
f 4122/6598/3886 4121/6596/3884 4315/6599/3887
f 4144/6600/3888 4122/6598/3886 4316/6601/3889
f 4142/6602/3890 4144/6600/3888 4322/6603/3891
f 4140/6604/3892 4142/6602/3890 4323/6605/3893
f 4113/6606/3894 4140/6604/3892 4327/6607/3895
f 4111/6608/3896 4113/6606/3894 4251/6609/3897
f 4109/6610/3898 4111/6608/3896 4250/6611/3899
f 4107/6612/3900 4109/6610/3898 4252/6613/3901
f 4087/6614/3902 4107/6612/3900 4268/6615/3903
f 4071/6616/3904 4087/6614/3902 4254/6617/3905
f 4068/6618/3906 4071/6616/3904 4253/6619/3907
f 4069/6620/3908 4068/6618/3906 4255/6621/3909
f 4104/6622/3910 4069/6620/3908 4269/6623/3911
f 4101/6624/3912 4104/6622/3910 4299/6625/3913
f 4102/6626/3914 4101/6624/3912 4317/6627/3915
f 4099/6628/3916 4102/6626/3914 4318/6629/3917
f 4097/6630/3918 4099/6628/3916 4301/6631/3919
f 4095/6632/3920 4097/6630/3918 4300/6633/3921
f 4092/6634/3922 4095/6632/3920 4302/6635/3923
f 4093/6636/3924 4092/6634/3922 4303/6637/3925
f 4147/6638/3926 4093/6636/3924 4304/6639/3927
f 4131/6640/3928 4147/6638/3926 4331/6641/3929
f 4129/6642/3930 4131/6640/3928 4330/6643/3931
f 4085/6644/3932 4129/6642/3930 4329/6645/3933
f 4083/6646/3934 4085/6644/3932 4271/6647/3935
f 4066/6648/3936 4083/6646/3934 4270/6649/3937
f 4063/6650/3938 4066/6648/3936 4272/6651/3939
f 4064/6652/3940 4063/6650/3938 4273/6653/3941
f 4061/6654/3942 4064/6652/3940 4274/6655/3943
f 4028/6656/3944 4061/6654/3942 4275/6657/3945
f 4026/6658/3946 4028/6656/3944 4257/6659/3947
f 4024/6660/3948 4026/6658/3946 4256/6661/3949
f 4022/6662/3950 4024/6660/3948 4258/6663/3951
f 4059/6664/3952 4022/6662/3950 4276/6665/3953
f 4058/6666/3954 4059/6664/3952 4277/6667/3955
f 4056/6668/3956 4058/6666/3954 4305/6669/3957
f 4045/6670/3958 4056/6668/3956 4306/6671/3959
f 4043/6672/3960 4045/6670/3958 4320/6673/3961
f 4041/6674/3962 4043/6672/3960 4319/6675/3963
f 4039/6676/3964 4041/6674/3962 4321/6677/3965
f 4019/6678/3966 4039/6676/3964 4328/6679/3967
f 4017/6680/3968 4019/6678/3966 4260/6681/3969
f 4007/6682/3970 4017/6680/3968 4259/6683/3971
f 4005/6684/3972 4007/6682/3970 4246/6685/3973
f 3983/6686/3974 4005/6684/3972 4245/6687/3975
f 3981/6688/3976 3983/6686/3974 4243/6689/3977
f 4003/6690/3978 3981/6688/3976 4242/6691/3979
f 4002/6692/3980 4003/6690/3978 4244/6693/3981
f 4000/6694/3982 4002/6692/3980 4247/6695/3983
f 3976/6696/3984 4000/6694/3982 4278/6697/3985
f 3973/6698/3986 3976/6696/3984 4279/6699/3987
f 3974/6700/3988 3973/6698/3986 4280/6701/3989
f 3978/6702/3990 3974/6700/3988 4281/6703/3991
f 4119/6704/3992 3978/6702/3990 4307/6705/3993
f 4117/6706/3994 4119/6704/3992 4324/6707/3995
f 4118/6708/3996 4117/6706/3994 4325/6709/3997
f 4126/6710/3998 4118/6708/3996 4309/6711/3999
f 4115/6712/4000 4126/6710/3998 4308/6713/4001
f 4090/6714/4002 4115/6712/4000 4310/6715/4003
f 4080/6716/4004 4090/6714/4002 4283/6717/4005
f 4077/6718/4006 4080/6716/4004 4282/6719/4007
f 4078/6720/4008 4077/6718/4006 4261/6721/4009
f 4075/6722/4010 4078/6720/4008 4262/6723/4011
f 4073/6724/4012 4075/6722/4010 4311/6725/4013
f 4054/6726/4014 4073/6724/4012 4312/6727/4015
f 4052/6728/4016 4054/6726/4014 4285/6729/4017
f 4050/6730/4018 4052/6728/4016 4284/6731/4019
f 4048/6732/4020 4050/6730/4018 4286/6733/4021
f 4037/6734/4022 4048/6732/4020 4287/6735/4023
f 4035/6736/4024 4037/6734/4022 4288/6737/4025
f 4033/6738/4026 4035/6736/4024 4289/6739/4027
f 4030/6740/4028 4033/6738/4026 4290/6741/4029
f 4031/6742/4030 4030/6740/4028 4291/6743/4031
f 4014/6744/4032 4031/6742/4030 4292/6745/4033
f 4011/6746/4034 4014/6744/4032 4293/6747/4035
f 4012/6748/4036 4011/6746/4034 4248/6749/4037
f 3996/6750/4038 4012/6748/4036 4249/6751/4039
f 3994/6752/4040 3996/6750/4038 4263/6753/4041
f 3992/6754/4042 3994/6752/4040 4264/6755/4043
f 3990/6756/4044 3992/6754/4042 4265/6757/4045
f 3988/6758/4046 3990/6756/4044 4266/6759/4047
f 3985/6760/4048 3988/6758/4046 4267/6761/4049
f 3986/6762/4050 3985/6760/4048 4294/6763/4051
f 4009/6764/4052 3986/6762/4050 4295/6765/4053
f 4150/6766/4054 4009/6764/4052 4313/6767/4055
f 4138/6590/3879 4150/6766/4054 4326/6768/4054
f 4326/6768/4054 4297/6591/3879 4138/6590/3879
f 4313/6767/4055 4326/6768/4054 4150/6766/4054
f 4295/6765/4053 4313/6767/4055 4009/6764/4052
f 4294/6763/4051 4295/6765/4053 3986/6762/4050
f 4267/6761/4049 4294/6763/4051 3985/6760/4048
f 4266/6759/4047 4267/6761/4049 3988/6758/4046
f 4265/6757/4045 4266/6759/4047 3990/6756/4044
f 4264/6755/4043 4265/6757/4045 3992/6754/4042
f 4263/6753/4041 4264/6755/4043 3994/6752/4040
f 4249/6751/4039 4263/6753/4041 3996/6750/4038
f 4248/6749/4037 4249/6751/4039 4012/6748/4036
f 4293/6747/4035 4248/6749/4037 4011/6746/4034
f 4292/6745/4033 4293/6747/4035 4014/6744/4032
f 4291/6743/4031 4292/6745/4033 4031/6742/4030
f 4290/6741/4029 4291/6743/4031 4030/6740/4028
f 4289/6739/4027 4290/6741/4029 4033/6738/4026
f 4288/6737/4025 4289/6739/4027 4035/6736/4024
f 4287/6735/4023 4288/6737/4025 4037/6734/4022
f 4286/6733/4021 4287/6735/4023 4048/6732/4020
f 4284/6731/4019 4286/6733/4021 4050/6730/4018
f 4285/6729/4017 4284/6731/4019 4052/6728/4016
f 4312/6727/4015 4285/6729/4017 4054/6726/4014
f 4311/6725/4013 4312/6727/4015 4073/6724/4012
f 4262/6723/4011 4311/6725/4013 4075/6722/4010
f 4261/6721/4009 4262/6723/4011 4078/6720/4008
f 4282/6719/4007 4261/6721/4009 4077/6718/4006
f 4283/6717/4005 4282/6719/4007 4080/6716/4004
f 4310/6715/4003 4283/6717/4005 4090/6714/4002
f 4308/6713/4001 4310/6715/4003 4115/6712/4000
f 4309/6711/3999 4308/6713/4001 4126/6710/3998
f 4325/6709/3997 4309/6711/3999 4118/6708/3996
f 4324/6707/3995 4325/6709/3997 4117/6706/3994
f 4307/6705/3993 4324/6707/3995 4119/6704/3992
f 4281/6703/3991 4307/6705/3993 3978/6702/3990
f 4280/6701/3989 4281/6703/3991 3974/6700/3988
f 4279/6699/3987 4280/6701/3989 3973/6698/3986
f 4278/6697/3985 4279/6699/3987 3976/6696/3984
f 4247/6695/3983 4278/6697/3985 4000/6694/3982
f 4244/6693/3981 4247/6695/3983 4002/6692/3980
f 4242/6691/3979 4244/6693/3981 4003/6690/3978
f 4243/6689/3977 4242/6691/3979 3981/6688/3976
f 4245/6687/3975 4243/6689/3977 3983/6686/3974
f 4246/6685/3973 4245/6687/3975 4005/6684/3972
f 4259/6683/3971 4246/6685/3973 4007/6682/3970
f 4260/6681/3969 4259/6683/3971 4017/6680/3968
f 4328/6679/3967 4260/6681/3969 4019/6678/3966
f 4321/6677/3965 4328/6679/3967 4039/6676/3964
f 4319/6675/3963 4321/6677/3965 4041/6674/3962
f 4320/6673/3961 4319/6675/3963 4043/6672/3960
f 4306/6671/3959 4320/6673/3961 4045/6670/3958
f 4305/6669/3957 4306/6671/3959 4056/6668/3956
f 4277/6667/3955 4305/6669/3957 4058/6666/3954
f 4276/6665/3953 4277/6667/3955 4059/6664/3952
f 4258/6663/3951 4276/6665/3953 4022/6662/3950
f 4256/6661/3949 4258/6663/3951 4024/6660/3948
f 4257/6659/3947 4256/6661/3949 4026/6658/3946
f 4275/6657/3945 4257/6659/3947 4028/6656/3944
f 4274/6655/3943 4275/6657/3945 4061/6654/3942
f 4273/6653/3941 4274/6655/3943 4064/6652/3940
f 4272/6651/3939 4273/6653/3941 4063/6650/3938
f 4270/6649/3937 4272/6651/3939 4066/6648/3936
f 4271/6647/3935 4270/6649/3937 4083/6646/3934
f 4329/6645/3933 4271/6647/3935 4085/6644/3932
f 4330/6643/3931 4329/6645/3933 4129/6642/3930
f 4331/6641/3929 4330/6643/3931 4131/6640/3928
f 4304/6639/3927 4331/6641/3929 4147/6638/3926
f 4303/6637/3925 4304/6639/3927 4093/6636/3924
f 4302/6635/3923 4303/6637/3925 4092/6634/3922
f 4300/6633/3921 4302/6635/3923 4095/6632/3920
f 4301/6631/3919 4300/6633/3921 4097/6630/3918
f 4318/6629/3917 4301/6631/3919 4099/6628/3916
f 4317/6627/3915 4318/6629/3917 4102/6626/3914
f 4299/6625/3913 4317/6627/3915 4101/6624/3912
f 4269/6623/3911 4299/6625/3913 4104/6622/3910
f 4255/6621/3909 4269/6623/3911 4069/6620/3908
f 4253/6619/3907 4255/6621/3909 4068/6618/3906
f 4254/6617/3905 4253/6619/3907 4071/6616/3904
f 4268/6615/3903 4254/6617/3905 4087/6614/3902
f 4252/6613/3901 4268/6615/3903 4107/6612/3900
f 4250/6611/3899 4252/6613/3901 4109/6610/3898
f 4251/6609/3897 4250/6611/3899 4111/6608/3896
f 4327/6607/3895 4251/6609/3897 4113/6606/3894
f 4323/6605/3893 4327/6607/3895 4140/6604/3892
f 4322/6603/3891 4323/6605/3893 4142/6602/3890
f 4316/6601/3889 4322/6603/3891 4144/6600/3888
f 4315/6599/3887 4316/6601/3889 4122/6598/3886
f 4314/6597/3885 4315/6599/3887 4121/6596/3884
f 4298/6595/3883 4314/6597/3885 4124/6594/3882
f 4296/6593/3881 4298/6595/3883 4134/6592/3880
f 4297/6591/3879 4296/6593/3881 4136/6589/3878
